device_id,device_name,device_type,timestamp,cpu_utilization,memory_utilization,bandwidth_utilization,network_traffic,latency,packet_loss,storage_utilization
1,Core-Router-01,Router,2024-01-01 00:00:00,28.99,32.59,39.24,330.46,4.77,0.141,41.58
2,Core-Router-02,Router,2024-01-01 00:00:00,30.07,31.59,38.71,290.73,4.53,0.142,38.09
3,Dist-Switch-01,Switch,2024-01-01 00:00:00,11.1,25.31,24.94,186.28,1.09,0.126,31.47
4,Dist-Switch-02,Switch,2024-01-01 00:00:00,35.38,27.2,40.86,169.11,2.11,0.116,30.38
5,Edge-Firewall-01,Firewall,2024-01-01 00:00:00,30.6,38.12,38.99,517.05,7.99,0.314,50.82
6,App-Server-01,Server,2024-01-01 00:00:00,31.12,42.63,41.29,93.44,3.2,0.102,65.17
7,App-Server-02,Server,2024-01-01 00:00:00,35.54,41.1,16.61,105.6,2.54,0.121,65.34
8,DB-Server-01,Server,2024-01-01 00:00:00,28.95,42.97,22.07,106.46,3.61,0.116,65.93
9,WiFi-AP-01,Access Point,2024-01-01 00:00:00,11.64,23.07,28.66,109.51,9.52,0.344,18.89
10,WiFi-AP-02,Access Point,2024-01-01 00:00:00,10.22,26.44,33.78,88.56,11.0,0.349,19.35
1,Core-Router-01,Router,2024-01-01 02:00:00,28.45,37.61,35.82,331.29,2.38,0.17,40.09
2,Core-Router-02,Router,2024-01-01 02:00:00,25.8,33.28,26.06,295.61,5.36,0.2,39.48
3,Dist-Switch-01,Switch,2024-01-01 02:00:00,14.77,25.49,34.58,186.58,1.47,0.083,30.1
4,Dist-Switch-02,Switch,2024-01-01 02:00:00,21.87,24.89,28.36,172.16,0.54,0.076,30.26
5,Edge-Firewall-01,Firewall,2024-01-01 02:00:00,33.02,38.3,34.92,471.59,7.66,0.306,49.84
6,App-Server-01,Server,2024-01-01 02:00:00,37.62,47.66,24.87,125.15,2.93,0.165,64.97
7,App-Server-02,Server,2024-01-01 02:00:00,36.24,49.39,23.04,126.03,2.97,0.127,66.14
8,DB-Server-01,Server,2024-01-01 02:00:00,39.01,44.37,19.45,148.06,1.6,0.099,67.19
9,WiFi-AP-01,Access Point,2024-01-01 02:00:00,11.04,22.3,27.5,79.93,8.45,0.337,18.94
10,WiFi-AP-02,Access Point,2024-01-01 02:00:00,16.89,21.24,34.75,74.33,9.68,0.391,18.77
1,Core-Router-01,Router,2024-01-01 04:00:00,27.91,36.92,27.96,303.69,5.26,0.167,38.76
2,Core-Router-02,Router,2024-01-01 04:00:00,21.72,34.57,37.48,305.01,5.35,0.156,40.23
3,Dist-Switch-01,Switch,2024-01-01 04:00:00,19.17,24.86,39.33,189.48,0.81,0.092,29.03
4,Dist-Switch-02,Switch,2024-01-01 04:00:00,21.15,30.48,25.9,199.27,2.41,0.102,31.9
5,Edge-Firewall-01,Firewall,2024-01-01 04:00:00,32.02,36.74,37.55,463.68,7.92,0.281,50.28
6,App-Server-01,Server,2024-01-01 04:00:00,39.31,42.04,31.27,114.71,5.72,0.101,64.14
7,App-Server-02,Server,2024-01-01 04:00:00,31.72,43.45,22.88,134.28,3.47,0.069,64.15
8,DB-Server-01,Server,2024-01-01 04:00:00,29.94,40.66,28.28,124.28,1.75,0.074,65.39
9,WiFi-AP-01,Access Point,2024-01-01 04:00:00,11.46,24.46,27.29,67.14,10.36,0.362,21.08
10,WiFi-AP-02,Access Point,2024-01-01 04:00:00,19.22,19.87,22.31,100.3,10.51,0.383,23.85
1,Core-Router-01,Router,2024-01-01 06:00:00,38.28,47.41,52.77,413.03,4.68,0.176,39.23
2,Core-Router-02,Router,2024-01-01 06:00:00,35.05,42.54,48.41,446.29,3.13,0.169,38.39
3,Dist-Switch-01,Switch,2024-01-01 06:00:00,22.11,65.08,40.32,218.45,1.28,0.095,29.27
4,Dist-Switch-02,Switch,2024-01-01 06:00:00,24.87,36.14,36.74,282.88,2.63,0.164,30.19
5,Edge-Firewall-01,Firewall,2024-01-01 06:00:00,41.35,54.56,52.04,637.71,8.5,0.326,48.8
6,App-Server-01,Server,2024-01-01 06:00:00,46.66,54.58,28.73,195.31,3.4,0.136,65.92
7,App-Server-02,Server,2024-01-01 06:00:00,56.49,59.1,24.4,150.32,4.27,0.114,65.44
8,DB-Server-01,Server,2024-01-01 06:00:00,51.1,53.22,31.7,95.17,1.98,0.088,63.75
9,WiFi-AP-01,Access Point,2024-01-01 06:00:00,26.53,27.71,33.8,122.61,11.44,0.451,21.16
10,WiFi-AP-02,Access Point,2024-01-01 06:00:00,20.04,29.06,38.31,123.98,9.4,0.364,19.61
1,Core-Router-01,Router,2024-01-01 08:00:00,69.82,91.42,73.93,525.24,7.13,0.248,39.85
2,Core-Router-02,Router,2024-01-01 08:00:00,51.85,61.34,62.89,545.84,4.51,0.181,40.85
3,Dist-Switch-01,Switch,2024-01-01 08:00:00,34.43,47.42,59.5,336.15,2.81,0.099,29.17
4,Dist-Switch-02,Switch,2024-01-01 08:00:00,30.76,51.74,58.05,329.58,2.12,0.129,29.41
5,Edge-Firewall-01,Firewall,2024-01-01 08:00:00,62.69,70.89,75.91,901.98,8.83,0.366,51.31
6,App-Server-01,Server,2024-01-01 08:00:00,66.08,79.05,42.45,226.48,2.87,0.088,65.6
7,App-Server-02,Server,2024-01-01 08:00:00,62.73,83.28,38.97,195.72,4.16,0.121,65.62
8,DB-Server-01,Server,2024-01-01 08:00:00,68.51,76.96,39.51,221.52,2.32,0.133,64.85
9,WiFi-AP-01,Access Point,2024-01-01 08:00:00,24.2,43.04,51.56,153.73,9.18,0.385,20.24
10,WiFi-AP-02,Access Point,2024-01-01 08:00:00,25.47,42.59,50.66,136.04,8.59,0.412,19.79
1,Core-Router-01,Router,2024-01-01 10:00:00,63.12,80.05,86.79,684.3,4.98,0.213,39.98
2,Core-Router-02,Router,2024-01-01 10:00:00,60.72,76.59,78.36,697.89,6.53,0.166,40.4
3,Dist-Switch-01,Switch,2024-01-01 10:00:00,44.01,60.67,69.87,412.75,2.1,0.111,30.02
4,Dist-Switch-02,Switch,2024-01-01 10:00:00,43.24,66.23,73.55,455.56,1.23,0.115,30.18
5,Edge-Firewall-01,Firewall,2024-01-01 10:00:00,84.38,86.95,92.05,1088.01,5.88,0.395,49.24
6,App-Server-01,Server,2024-01-01 10:00:00,83.1,97.28,64.38,294.01,2.42,0.136,65.49
7,App-Server-02,Server,2024-01-01 10:00:00,77.22,99.0,60.9,265.62,1.29,0.156,64.89
8,DB-Server-01,Server,2024-01-01 10:00:00,87.45,91.47,52.0,275.1,3.05,0.116,65.62
9,WiFi-AP-01,Access Point,2024-01-01 10:00:00,30.1,54.57,62.48,216.54,10.71,0.447,18.47
10,WiFi-AP-02,Access Point,2024-01-01 10:00:00,39.49,56.0,58.13,237.27,10.12,0.477,20.07
1,Core-Router-01,Router,2024-01-01 12:00:00,73.87,85.47,86.26,748.6,5.65,0.242,39.04
2,Core-Router-02,Router,2024-01-01 12:00:00,68.37,83.38,78.71,705.5,2.96,0.182,40.72
3,Dist-Switch-01,Switch,2024-01-01 12:00:00,49.76,65.85,81.06,409.9,0.5,0.078,30.38
4,Dist-Switch-02,Switch,2024-01-01 12:00:00,43.62,59.42,72.47,411.41,2.67,0.09,29.06
5,Edge-Firewall-01,Firewall,2024-01-01 12:00:00,78.15,91.61,99.0,1185.77,7.01,0.382,49.47
6,App-Server-01,Server,2024-01-01 12:00:00,84.33,99.0,53.16,280.59,1.8,0.19,65.04
7,App-Server-02,Server,2024-01-01 12:00:00,84.7,99.0,57.77,287.25,3.61,0.13,64.47
8,DB-Server-01,Server,2024-01-01 12:00:00,85.2,99.0,46.82,261.36,4.37,0.175,64.75
9,WiFi-AP-01,Access Point,2024-01-01 12:00:00,38.76,59.27,81.02,241.14,9.87,0.464,18.39
10,WiFi-AP-02,Access Point,2024-01-01 12:00:00,37.27,56.06,58.51,205.82,8.92,0.496,20.88
1,Core-Router-01,Router,2024-01-01 14:00:00,65.59,84.65,87.89,711.94,6.52,0.193,38.96
2,Core-Router-02,Router,2024-01-01 14:00:00,64.86,77.58,80.59,747.69,6.91,0.235,40.56
3,Dist-Switch-01,Switch,2024-01-01 14:00:00,41.15,64.16,69.95,420.22,2.05,0.112,30.27
4,Dist-Switch-02,Switch,2024-01-01 14:00:00,43.55,64.91,68.38,425.96,2.76,0.097,29.02
5,Edge-Firewall-01,Firewall,2024-01-01 14:00:00,80.61,97.05,93.74,1177.53,7.34,0.39,49.24
6,App-Server-01,Server,2024-01-01 14:00:00,80.28,97.2,58.57,296.86,2.1,0.122,63.34
7,App-Server-02,Server,2024-01-01 14:00:00,87.24,98.45,55.07,292.61,2.14,0.113,66.01
8,DB-Server-01,Server,2024-01-01 14:00:00,85.19,99.0,52.68,302.26,4.44,0.216,64.2
9,WiFi-AP-01,Access Point,2024-01-01 14:00:00,38.77,57.72,67.48,206.67,10.09,0.424,21.17
10,WiFi-AP-02,Access Point,2024-01-01 14:00:00,37.48,59.35,63.57,209.0,9.57,0.432,19.58
1,Core-Router-01,Router,2024-01-01 16:00:00,63.03,81.85,86.86,680.98,6.2,0.183,37.96
2,Core-Router-02,Router,2024-01-01 16:00:00,57.84,70.01,80.74,687.87,6.68,0.174,39.78
3,Dist-Switch-01,Switch,2024-01-01 16:00:00,44.57,55.24,69.93,427.92,0.52,0.129,30.34
4,Dist-Switch-02,Switch,2024-01-01 16:00:00,39.59,63.77,80.1,416.14,2.25,0.093,29.15
5,Edge-Firewall-01,Firewall,2024-01-01 16:00:00,78.95,86.81,96.61,1090.45,8.48,0.375,51.04
6,App-Server-01,Server,2024-01-01 16:00:00,80.46,95.44,50.11,266.11,3.38,0.128,64.08
7,App-Server-02,Server,2024-01-01 16:00:00,85.98,99.0,57.07,312.54,2.23,0.155,63.22
8,DB-Server-01,Server,2024-01-01 16:00:00,88.48,98.21,81.98,280.6,1.87,0.217,65.13
9,WiFi-AP-01,Access Point,2024-01-01 16:00:00,34.81,57.18,64.28,210.73,9.21,0.428,21.88
10,WiFi-AP-02,Access Point,2024-01-01 16:00:00,39.76,59.78,59.32,186.46,9.87,0.422,21.09
1,Core-Router-01,Router,2024-01-01 18:00:00,42.73,65.09,65.21,541.46,3.99,0.225,40.82
2,Core-Router-02,Router,2024-01-01 18:00:00,49.79,56.63,59.52,543.28,6.67,0.163,38.5
3,Dist-Switch-01,Switch,2024-01-01 18:00:00,32.02,48.68,41.52,328.91,1.77,0.101,31.85
4,Dist-Switch-02,Switch,2024-01-01 18:00:00,37.51,48.69,49.47,381.47,2.06,0.069,29.98
5,Edge-Firewall-01,Firewall,2024-01-01 18:00:00,61.29,97.63,74.13,869.06,7.97,0.35,49.29
6,App-Server-01,Server,2024-01-01 18:00:00,66.43,76.24,51.52,166.98,4.09,0.146,62.93
7,App-Server-02,Server,2024-01-01 18:00:00,64.63,92.01,36.96,204.44,1.89,0.17,65.94
8,DB-Server-01,Server,2024-01-01 18:00:00,71.09,79.17,38.35,209.51,3.49,0.147,65.71
9,WiFi-AP-01,Access Point,2024-01-01 18:00:00,26.54,42.88,53.05,173.89,9.64,0.438,18.92
10,WiFi-AP-02,Access Point,2024-01-01 18:00:00,29.96,45.78,47.95,171.52,8.75,0.436,19.82
1,Core-Router-01,Router,2024-01-01 20:00:00,47.41,63.65,62.48,521.83,3.44,0.178,38.72
2,Core-Router-02,Router,2024-01-01 20:00:00,56.52,54.25,74.48,554.22,4.9,0.184,40.4
3,Dist-Switch-01,Switch,2024-01-01 20:00:00,32.85,52.81,55.57,333.01,1.64,0.069,30.31
4,Dist-Switch-02,Switch,2024-01-01 20:00:00,26.16,45.46,58.72,333.42,1.82,0.064,30.35
5,Edge-Firewall-01,Firewall,2024-01-01 20:00:00,58.34,69.17,77.98,860.43,8.41,0.402,51.03
6,App-Server-01,Server,2024-01-01 20:00:00,93.94,77.77,48.91,253.31,4.01,0.176,63.72
7,App-Server-02,Server,2024-01-01 20:00:00,63.5,77.08,46.59,205.49,3.19,0.12,64.39
8,DB-Server-01,Server,2024-01-01 20:00:00,60.37,74.23,37.24,200.48,4.05,0.128,67.63
9,WiFi-AP-01,Access Point,2024-01-01 20:00:00,29.47,44.55,45.21,179.01,9.42,0.395,22.56
10,WiFi-AP-02,Access Point,2024-01-01 20:00:00,27.12,47.45,45.98,164.3,11.77,0.413,21.81
1,Core-Router-01,Router,2024-01-01 22:00:00,38.83,42.31,69.06,419.45,5.62,0.217,39.27
2,Core-Router-02,Router,2024-01-01 22:00:00,35.01,43.78,51.1,403.55,3.66,0.154,40.61
3,Dist-Switch-01,Switch,2024-01-01 22:00:00,26.24,39.24,44.17,249.18,1.93,0.146,30.43
4,Dist-Switch-02,Switch,2024-01-01 22:00:00,24.83,36.81,33.62,218.38,3.05,0.064,30.68
5,Edge-Firewall-01,Firewall,2024-01-01 22:00:00,44.11,52.09,60.69,629.68,8.1,0.311,49.57
6,App-Server-01,Server,2024-01-01 22:00:00,46.76,56.67,29.61,185.12,2.11,0.083,64.56
7,App-Server-02,Server,2024-01-01 22:00:00,53.79,56.59,37.16,130.29,3.27,0.121,65.08
8,DB-Server-01,Server,2024-01-01 22:00:00,52.26,54.45,39.05,205.98,2.64,0.098,66.45
9,WiFi-AP-01,Access Point,2024-01-01 22:00:00,26.32,30.43,33.9,114.36,8.66,0.425,19.0
10,WiFi-AP-02,Access Point,2024-01-01 22:00:00,45.81,31.9,37.17,151.01,9.0,0.4,19.79
1,Core-Router-01,Router,2024-01-02 00:00:00,26.87,35.11,30.48,308.4,5.17,0.151,40.34
2,Core-Router-02,Router,2024-01-02 00:00:00,36.89,31.17,33.44,288.29,4.44,0.169,41.24
3,Dist-Switch-01,Switch,2024-01-02 00:00:00,23.73,25.36,25.91,189.88,1.45,0.094,30.25
4,Dist-Switch-02,Switch,2024-01-02 00:00:00,11.98,31.71,39.05,168.19,1.61,0.07,30.38
5,Edge-Firewall-01,Firewall,2024-01-02 00:00:00,35.72,45.13,41.22,465.23,6.62,0.308,50.02
6,App-Server-01,Server,2024-01-02 00:00:00,43.27,40.55,25.18,119.97,4.19,0.198,64.52
7,App-Server-02,Server,2024-01-02 00:00:00,34.13,45.24,27.47,157.23,3.58,0.085,65.64
8,DB-Server-01,Server,2024-01-02 00:00:00,40.52,63.87,26.6,141.63,4.17,0.139,65.7
9,WiFi-AP-01,Access Point,2024-01-02 00:00:00,14.37,24.5,33.1,73.89,10.37,0.363,20.08
10,WiFi-AP-02,Access Point,2024-01-02 00:00:00,20.15,24.63,27.3,63.03,10.75,0.393,22.21
1,Core-Router-01,Router,2024-01-02 02:00:00,25.84,33.74,37.34,332.3,4.9,0.14,40.66
2,Core-Router-02,Router,2024-01-02 02:00:00,27.81,31.74,37.06,322.22,3.97,0.134,39.35
3,Dist-Switch-01,Switch,2024-01-02 02:00:00,22.83,22.5,27.28,187.99,3.57,0.065,29.49
4,Dist-Switch-02,Switch,2024-01-02 02:00:00,25.57,22.72,19.08,189.25,1.5,0.114,30.76
5,Edge-Firewall-01,Firewall,2024-01-02 02:00:00,52.73,37.41,35.7,498.65,8.65,0.273,51.9
6,App-Server-01,Server,2024-01-02 02:00:00,31.81,37.53,20.6,119.39,3.24,0.078,65.4
7,App-Server-02,Server,2024-01-02 02:00:00,31.08,46.44,23.65,142.65,3.34,0.088,65.62
8,DB-Server-01,Server,2024-01-02 02:00:00,37.88,44.03,56.97,124.23,3.71,0.073,66.49
9,WiFi-AP-01,Access Point,2024-01-02 02:00:00,12.33,29.46,26.87,61.61,10.13,0.371,20.89
10,WiFi-AP-02,Access Point,2024-01-02 02:00:00,12.43,22.72,17.62,81.18,7.58,0.416,20.81
1,Core-Router-01,Router,2024-01-02 04:00:00,30.21,34.36,31.26,299.8,5.0,0.188,41.55
2,Core-Router-02,Router,2024-01-02 04:00:00,30.58,32.42,36.22,304.92,2.96,0.143,39.37
3,Dist-Switch-01,Switch,2024-01-02 04:00:00,14.04,26.22,39.06,193.27,1.43,0.086,31.45
4,Dist-Switch-02,Switch,2024-01-02 04:00:00,21.74,27.25,26.84,194.41,2.39,0.106,30.69
5,Edge-Firewall-01,Firewall,2024-01-02 04:00:00,37.28,37.49,48.69,485.15,10.08,0.309,51.79
6,App-Server-01,Server,2024-01-02 04:00:00,36.88,40.15,21.64,113.89,3.42,0.095,64.48
7,App-Server-02,Server,2024-01-02 04:00:00,35.99,48.53,32.7,129.03,3.04,0.074,65.66
8,DB-Server-01,Server,2024-01-02 04:00:00,32.0,41.33,15.72,128.28,3.65,0.09,66.62
9,WiFi-AP-01,Access Point,2024-01-02 04:00:00,10.13,19.67,28.19,111.17,11.68,0.353,21.13
10,WiFi-AP-02,Access Point,2024-01-02 04:00:00,14.88,23.54,31.49,103.27,8.42,0.418,21.43
1,Core-Router-01,Router,2024-01-02 06:00:00,33.59,45.3,50.59,406.21,4.45,0.167,40.02
2,Core-Router-02,Router,2024-01-02 06:00:00,40.78,45.74,46.27,416.43,2.15,0.198,38.31
3,Dist-Switch-01,Switch,2024-01-02 06:00:00,22.61,32.73,33.63,263.82,1.53,0.079,30.0
4,Dist-Switch-02,Switch,2024-01-02 06:00:00,25.97,36.32,33.69,260.53,1.51,0.141,29.62
5,Edge-Firewall-01,Firewall,2024-01-02 06:00:00,50.11,54.68,54.4,634.61,7.68,0.404,50.43
6,App-Server-01,Server,2024-01-02 06:00:00,49.84,79.51,33.27,155.22,2.8,0.079,65.01
7,App-Server-02,Server,2024-01-02 06:00:00,51.03,56.3,35.74,158.79,3.08,0.175,65.97
8,DB-Server-01,Server,2024-01-02 06:00:00,49.51,59.13,17.6,202.17,2.86,0.13,64.01
9,WiFi-AP-01,Access Point,2024-01-02 06:00:00,22.5,28.92,32.97,158.58,9.81,0.378,20.92
10,WiFi-AP-02,Access Point,2024-01-02 06:00:00,42.07,32.53,37.91,168.37,9.94,0.376,21.1
1,Core-Router-01,Router,2024-01-02 08:00:00,54.05,64.21,69.36,528.51,6.63,0.211,40.35
2,Core-Router-02,Router,2024-01-02 08:00:00,46.61,60.46,67.81,557.8,5.42,0.227,40.5
3,Dist-Switch-01,Switch,2024-01-02 08:00:00,32.11,52.52,61.08,306.27,2.6,0.101,29.75
4,Dist-Switch-02,Switch,2024-01-02 08:00:00,38.59,49.17,55.77,327.36,2.02,0.124,28.61
5,Edge-Firewall-01,Firewall,2024-01-02 08:00:00,67.03,69.14,72.24,839.13,7.36,0.4,51.69
6,App-Server-01,Server,2024-01-02 08:00:00,70.2,75.13,55.37,240.19,2.68,0.21,67.34
7,App-Server-02,Server,2024-01-02 08:00:00,60.61,72.26,49.22,269.35,4.38,0.108,65.64
8,DB-Server-01,Server,2024-01-02 08:00:00,92.67,79.47,45.52,222.63,2.94,0.122,64.77
9,WiFi-AP-01,Access Point,2024-01-02 08:00:00,20.8,43.81,44.68,143.34,10.18,0.432,20.97
10,WiFi-AP-02,Access Point,2024-01-02 08:00:00,21.29,41.14,54.33,145.76,9.78,0.391,19.08
1,Core-Router-01,Router,2024-01-02 10:00:00,79.74,71.81,79.7,695.61,3.41,0.184,40.03
2,Core-Router-02,Router,2024-01-02 10:00:00,64.24,76.49,89.53,691.72,4.57,0.17,40.59
3,Dist-Switch-01,Switch,2024-01-02 10:00:00,41.55,62.15,65.41,400.27,0.6,0.158,28.81
4,Dist-Switch-02,Switch,2024-01-02 10:00:00,38.58,59.87,73.4,407.63,3.25,0.103,30.33
5,Edge-Firewall-01,Firewall,2024-01-02 10:00:00,72.47,96.03,99.5,1108.95,8.63,0.366,49.86
6,App-Server-01,Server,2024-01-02 10:00:00,82.19,96.62,54.4,294.97,5.21,0.119,63.68
7,App-Server-02,Server,2024-01-02 10:00:00,82.35,99.0,51.12,308.47,4.68,0.119,65.62
8,DB-Server-01,Server,2024-01-02 10:00:00,89.22,95.35,54.12,264.05,1.99,0.127,63.83
9,WiFi-AP-01,Access Point,2024-01-02 10:00:00,34.6,52.83,63.2,175.65,10.33,0.445,18.06
10,WiFi-AP-02,Access Point,2024-01-02 10:00:00,35.96,58.82,55.98,240.22,10.42,0.443,19.99
1,Core-Router-01,Router,2024-01-02 12:00:00,68.02,80.64,90.41,712.58,5.17,0.239,39.94
2,Core-Router-02,Router,2024-01-02 12:00:00,62.17,78.2,93.9,752.82,5.61,0.217,39.73
3,Dist-Switch-01,Switch,2024-01-02 12:00:00,48.71,66.21,84.7,446.46,2.19,0.09,30.18
4,Dist-Switch-02,Switch,2024-01-02 12:00:00,43.25,67.91,77.88,422.87,0.67,0.163,30.56
5,Edge-Firewall-01,Firewall,2024-01-02 12:00:00,76.0,88.57,99.0,1219.44,7.99,0.394,50.13
6,App-Server-01,Server,2024-01-02 12:00:00,87.32,99.0,57.03,297.74,3.32,0.127,66.04
7,App-Server-02,Server,2024-01-02 12:00:00,87.02,99.0,61.16,274.43,3.03,0.094,66.14
8,DB-Server-01,Server,2024-01-02 12:00:00,89.62,99.0,62.57,320.2,3.56,0.095,63.74
9,WiFi-AP-01,Access Point,2024-01-02 12:00:00,32.29,57.56,62.74,215.56,10.06,0.423,19.98
10,WiFi-AP-02,Access Point,2024-01-02 12:00:00,38.5,58.67,83.68,200.51,9.86,0.476,20.65
1,Core-Router-01,Router,2024-01-02 14:00:00,71.91,84.07,86.65,760.8,5.15,0.189,39.44
2,Core-Router-02,Router,2024-01-02 14:00:00,64.58,79.24,88.57,734.2,5.0,0.186,41.24
3,Dist-Switch-01,Switch,2024-01-02 14:00:00,47.66,90.56,60.33,457.28,0.63,0.085,28.88
4,Dist-Switch-02,Switch,2024-01-02 14:00:00,36.65,67.41,76.89,427.06,0.5,0.096,30.44
5,Edge-Firewall-01,Firewall,2024-01-02 14:00:00,74.49,95.58,99.0,1181.17,8.12,0.398,51.25
6,App-Server-01,Server,2024-01-02 14:00:00,87.08,99.0,53.81,283.53,2.12,0.102,66.76
7,App-Server-02,Server,2024-01-02 14:00:00,82.23,97.5,65.84,288.21,2.33,0.143,64.44
8,DB-Server-01,Server,2024-01-02 14:00:00,95.02,99.0,56.04,335.54,2.39,0.135,65.35
9,WiFi-AP-01,Access Point,2024-01-02 14:00:00,41.76,63.16,65.95,204.23,10.46,0.459,22.06
10,WiFi-AP-02,Access Point,2024-01-02 14:00:00,37.1,57.38,66.71,192.35,9.03,0.471,19.39
1,Core-Router-01,Router,2024-01-02 16:00:00,57.84,77.42,88.63,703.6,6.0,0.196,38.63
2,Core-Router-02,Router,2024-01-02 16:00:00,68.04,74.85,81.45,715.78,5.56,0.191,42.22
3,Dist-Switch-01,Switch,2024-01-02 16:00:00,38.78,64.81,69.21,418.9,3.53,0.095,30.59
4,Dist-Switch-02,Switch,2024-01-02 16:00:00,45.64,60.93,64.73,392.64,0.5,0.176,28.95
5,Edge-Firewall-01,Firewall,2024-01-02 16:00:00,74.93,88.77,98.03,1119.06,8.86,0.379,49.88
6,App-Server-01,Server,2024-01-02 16:00:00,99.5,95.74,63.17,285.51,3.73,0.125,66.22
7,App-Server-02,Server,2024-01-02 16:00:00,83.43,92.6,57.14,262.66,2.47,0.121,66.29
8,DB-Server-01,Server,2024-01-02 16:00:00,82.79,97.42,63.65,280.5,5.6,0.12,63.29
9,WiFi-AP-01,Access Point,2024-01-02 16:00:00,37.47,56.28,68.48,220.23,9.86,0.474,19.84
10,WiFi-AP-02,Access Point,2024-01-02 16:00:00,31.06,53.4,64.97,240.16,10.39,0.453,20.49
1,Core-Router-01,Router,2024-01-02 18:00:00,54.41,58.82,65.49,551.67,4.22,0.187,39.93
2,Core-Router-02,Router,2024-01-02 18:00:00,51.3,57.99,63.98,565.82,4.63,0.238,39.65
3,Dist-Switch-01,Switch,2024-01-02 18:00:00,33.98,52.42,48.05,295.61,0.5,0.13,29.5
4,Dist-Switch-02,Switch,2024-01-02 18:00:00,43.32,47.93,56.06,361.67,4.01,0.175,31.26
5,Edge-Firewall-01,Firewall,2024-01-02 18:00:00,64.75,73.46,81.08,871.18,7.18,0.33,49.88
6,App-Server-01,Server,2024-01-02 18:00:00,64.35,79.28,48.89,222.32,4.48,0.139,64.86
7,App-Server-02,Server,2024-01-02 18:00:00,63.3,71.59,43.7,218.12,4.51,0.113,64.03
8,DB-Server-01,Server,2024-01-02 18:00:00,73.58,80.86,47.02,216.02,2.04,0.105,66.14
9,WiFi-AP-01,Access Point,2024-01-02 18:00:00,35.11,48.74,47.18,143.02,10.14,0.494,20.37
10,WiFi-AP-02,Access Point,2024-01-02 18:00:00,26.98,42.71,41.65,175.68,9.47,0.439,17.18
1,Core-Router-01,Router,2024-01-02 20:00:00,49.51,87.73,74.47,542.23,4.4,0.173,39.05
2,Core-Router-02,Router,2024-01-02 20:00:00,50.83,62.95,72.3,549.37,4.8,0.195,39.22
3,Dist-Switch-01,Switch,2024-01-02 20:00:00,32.18,50.73,59.71,314.76,3.49,0.08,30.03
4,Dist-Switch-02,Switch,2024-01-02 20:00:00,30.09,42.35,59.56,345.56,1.72,0.068,30.57
5,Edge-Firewall-01,Firewall,2024-01-02 20:00:00,54.4,70.09,81.16,857.11,8.29,0.377,50.52
6,App-Server-01,Server,2024-01-02 20:00:00,66.02,72.35,49.93,205.86,2.19,0.093,66.2
7,App-Server-02,Server,2024-01-02 20:00:00,62.1,77.38,46.25,234.41,3.18,0.099,64.22
8,DB-Server-01,Server,2024-01-02 20:00:00,66.51,73.98,29.5,229.28,3.9,0.201,64.04
9,WiFi-AP-01,Access Point,2024-01-02 20:00:00,30.05,50.28,49.73,150.85,9.82,0.459,19.4
10,WiFi-AP-02,Access Point,2024-01-02 20:00:00,24.37,42.66,44.86,167.87,11.62,0.389,19.8
1,Core-Router-01,Router,2024-01-02 22:00:00,34.92,39.42,74.02,399.44,4.82,0.295,40.35
2,Core-Router-02,Router,2024-01-02 22:00:00,33.08,42.83,53.86,403.27,3.56,0.179,39.38
3,Dist-Switch-01,Switch,2024-01-02 22:00:00,31.55,39.33,37.86,266.22,2.07,0.108,30.53
4,Dist-Switch-02,Switch,2024-01-02 22:00:00,20.67,34.16,45.25,233.9,1.6,0.108,30.47
5,Edge-Firewall-01,Firewall,2024-01-02 22:00:00,52.36,48.93,56.26,669.84,7.92,0.327,48.99
6,App-Server-01,Server,2024-01-02 22:00:00,49.83,55.58,37.01,184.15,5.59,0.104,65.38
7,App-Server-02,Server,2024-01-02 22:00:00,48.9,55.08,33.77,154.49,3.17,0.14,64.04
8,DB-Server-01,Server,2024-01-02 22:00:00,52.68,60.09,31.49,117.96,2.39,0.141,65.03
9,WiFi-AP-01,Access Point,2024-01-02 22:00:00,16.05,30.57,40.29,131.23,9.76,0.366,19.66
10,WiFi-AP-02,Access Point,2024-01-02 22:00:00,16.36,36.93,34.48,144.64,11.52,0.399,19.62
1,Core-Router-01,Router,2024-01-03 00:00:00,28.75,33.09,31.66,307.99,3.82,0.188,39.64
2,Core-Router-02,Router,2024-01-03 00:00:00,27.94,34.01,34.89,313.23,4.53,0.172,38.75
3,Dist-Switch-01,Switch,2024-01-03 00:00:00,18.6,32.95,25.15,167.35,2.51,0.068,30.45
4,Dist-Switch-02,Switch,2024-01-03 00:00:00,20.05,29.04,35.7,189.1,1.76,0.094,32.0
5,Edge-Firewall-01,Firewall,2024-01-03 00:00:00,32.63,36.27,47.75,479.99,5.83,0.308,49.56
6,App-Server-01,Server,2024-01-03 00:00:00,35.82,43.21,25.07,134.79,2.56,0.094,64.84
7,App-Server-02,Server,2024-01-03 00:00:00,39.14,44.06,19.44,142.32,2.46,0.11,65.47
8,DB-Server-01,Server,2024-01-03 00:00:00,43.53,41.54,22.37,120.21,2.7,0.112,63.48
9,WiFi-AP-01,Access Point,2024-01-03 00:00:00,10.86,20.92,31.89,124.66,9.9,0.341,20.17
10,WiFi-AP-02,Access Point,2024-01-03 00:00:00,19.72,21.34,28.33,109.95,10.5,0.369,21.1
1,Core-Router-01,Router,2024-01-03 02:00:00,16.32,35.2,32.91,264.89,5.51,0.185,39.96
2,Core-Router-02,Router,2024-01-03 02:00:00,30.95,38.0,42.75,334.3,5.74,0.135,38.5
3,Dist-Switch-01,Switch,2024-01-03 02:00:00,17.11,24.61,41.0,177.38,2.12,0.086,30.14
4,Dist-Switch-02,Switch,2024-01-03 02:00:00,24.87,25.27,31.12,166.05,0.68,0.093,30.06
5,Edge-Firewall-01,Firewall,2024-01-03 02:00:00,31.45,37.12,35.18,480.74,6.5,0.301,50.18
6,App-Server-01,Server,2024-01-03 02:00:00,30.35,41.28,20.36,126.98,4.34,0.159,65.22
7,App-Server-02,Server,2024-01-03 02:00:00,35.54,44.22,25.19,105.56,2.68,0.108,66.18
8,DB-Server-01,Server,2024-01-03 02:00:00,36.27,47.91,23.82,106.43,1.49,0.158,63.52
9,WiFi-AP-01,Access Point,2024-01-03 02:00:00,16.14,25.65,19.23,108.35,9.52,0.356,21.71
10,WiFi-AP-02,Access Point,2024-01-03 02:00:00,18.66,23.31,22.68,47.41,9.28,0.367,19.11
1,Core-Router-01,Router,2024-01-03 04:00:00,26.61,33.4,35.06,288.5,5.17,0.149,39.01
2,Core-Router-02,Router,2024-01-03 04:00:00,32.78,32.87,36.27,315.66,5.23,0.18,40.39
3,Dist-Switch-01,Switch,2024-01-03 04:00:00,15.64,28.22,24.43,183.07,1.97,0.068,29.97
4,Dist-Switch-02,Switch,2024-01-03 04:00:00,10.56,25.49,30.61,184.1,0.97,0.119,29.23
5,Edge-Firewall-01,Firewall,2024-01-03 04:00:00,37.04,40.48,38.98,517.91,6.81,0.32,51.1
6,App-Server-01,Server,2024-01-03 04:00:00,33.5,46.39,22.87,126.37,3.26,0.073,65.91
7,App-Server-02,Server,2024-01-03 04:00:00,39.35,36.96,30.64,87.35,4.03,0.126,64.01
8,DB-Server-01,Server,2024-01-03 04:00:00,34.54,38.89,23.05,114.44,3.78,0.133,66.5
9,WiFi-AP-01,Access Point,2024-01-03 04:00:00,12.83,23.49,18.72,74.33,10.96,0.419,18.87
10,WiFi-AP-02,Access Point,2024-01-03 04:00:00,12.71,24.04,28.54,74.26,10.42,0.362,20.09
1,Core-Router-01,Router,2024-01-03 06:00:00,38.37,44.24,46.06,399.81,4.91,0.157,39.84
2,Core-Router-02,Router,2024-01-03 06:00:00,42.57,45.9,46.76,415.94,4.67,0.201,40.47
3,Dist-Switch-01,Switch,2024-01-03 06:00:00,23.69,37.52,32.35,218.66,0.81,0.069,31.83
4,Dist-Switch-02,Switch,2024-01-03 06:00:00,33.05,38.09,42.7,205.18,1.46,0.106,29.48
5,Edge-Firewall-01,Firewall,2024-01-03 06:00:00,43.55,50.84,46.38,658.16,6.93,0.299,52.17
6,App-Server-01,Server,2024-01-03 06:00:00,44.56,48.69,30.73,182.82,4.96,0.134,65.6
7,App-Server-02,Server,2024-01-03 06:00:00,46.38,55.96,45.38,130.74,3.25,0.097,66.19
8,DB-Server-01,Server,2024-01-03 06:00:00,48.63,57.2,30.2,166.18,2.66,0.105,64.73
9,WiFi-AP-01,Access Point,2024-01-03 06:00:00,21.61,32.07,41.81,119.57,8.23,0.428,19.19
10,WiFi-AP-02,Access Point,2024-01-03 06:00:00,17.48,30.37,43.05,77.89,13.14,0.405,20.32
1,Core-Router-01,Router,2024-01-03 08:00:00,49.53,61.66,68.94,565.65,5.56,0.154,39.9
2,Core-Router-02,Router,2024-01-03 08:00:00,49.14,60.22,72.0,564.62,2.06,0.182,40.29
3,Dist-Switch-01,Switch,2024-01-03 08:00:00,33.09,48.58,60.9,350.6,1.23,0.087,29.13
4,Dist-Switch-02,Switch,2024-01-03 08:00:00,27.65,47.87,59.59,350.71,2.51,0.1,30.62
5,Edge-Firewall-01,Firewall,2024-01-03 08:00:00,58.24,73.15,81.39,899.49,9.19,0.352,50.45
6,App-Server-01,Server,2024-01-03 08:00:00,70.61,77.31,66.88,217.84,2.26,0.119,64.96
7,App-Server-02,Server,2024-01-03 08:00:00,63.16,76.46,34.75,225.37,3.0,0.122,65.76
8,DB-Server-01,Server,2024-01-03 08:00:00,70.08,72.56,40.41,205.72,2.06,0.127,64.91
9,WiFi-AP-01,Access Point,2024-01-03 08:00:00,26.58,38.21,52.92,141.04,10.06,0.394,21.46
10,WiFi-AP-02,Access Point,2024-01-03 08:00:00,22.4,35.16,50.67,201.84,11.24,0.378,19.61
1,Core-Router-01,Router,2024-01-03 10:00:00,65.41,73.08,85.29,701.05,6.06,0.303,40.49
2,Core-Router-02,Router,2024-01-03 10:00:00,60.15,75.93,74.07,677.04,4.59,0.186,40.25
3,Dist-Switch-01,Switch,2024-01-03 10:00:00,38.17,65.55,69.09,414.38,1.67,0.077,30.93
4,Dist-Switch-02,Switch,2024-01-03 10:00:00,37.99,60.21,67.58,387.65,1.18,0.093,30.97
5,Edge-Firewall-01,Firewall,2024-01-03 10:00:00,77.05,90.4,99.0,1102.75,8.39,0.359,50.37
6,App-Server-01,Server,2024-01-03 10:00:00,80.58,89.41,54.6,304.83,3.93,0.139,66.34
7,App-Server-02,Server,2024-01-03 10:00:00,83.27,97.32,52.19,270.05,3.62,0.152,64.96
8,DB-Server-01,Server,2024-01-03 10:00:00,81.11,96.73,58.28,247.5,0.7,0.118,63.88
9,WiFi-AP-01,Access Point,2024-01-03 10:00:00,32.51,54.83,59.92,236.33,10.33,0.413,20.72
10,WiFi-AP-02,Access Point,2024-01-03 10:00:00,29.99,58.39,61.81,220.69,8.93,0.468,20.92
1,Core-Router-01,Router,2024-01-03 12:00:00,67.46,77.9,83.59,755.32,3.81,0.25,39.2
2,Core-Router-02,Router,2024-01-03 12:00:00,68.51,79.62,90.95,721.93,4.84,0.171,39.1
3,Dist-Switch-01,Switch,2024-01-03 12:00:00,46.93,64.41,72.14,419.8,0.5,0.083,32.51
4,Dist-Switch-02,Switch,2024-01-03 12:00:00,47.11,65.9,71.97,440.14,2.55,0.133,31.21
5,Edge-Firewall-01,Firewall,2024-01-03 12:00:00,83.47,97.42,99.0,1172.89,8.67,0.397,49.75
6,App-Server-01,Server,2024-01-03 12:00:00,85.64,99.0,66.37,268.34,1.53,0.101,65.15
7,App-Server-02,Server,2024-01-03 12:00:00,88.63,99.0,57.51,322.92,1.4,0.136,65.0
8,DB-Server-01,Server,2024-01-03 12:00:00,81.36,99.0,66.93,293.54,3.23,0.154,64.48
9,WiFi-AP-01,Access Point,2024-01-03 12:00:00,35.14,57.67,72.36,231.0,8.89,0.418,20.6
10,WiFi-AP-02,Access Point,2024-01-03 12:00:00,41.2,63.37,60.88,203.63,8.74,0.435,20.57
1,Core-Router-01,Router,2024-01-03 14:00:00,92.95,80.38,86.34,735.85,4.16,0.274,38.49
2,Core-Router-02,Router,2024-01-03 14:00:00,66.69,86.68,87.97,729.01,4.64,0.176,41.47
3,Dist-Switch-01,Switch,2024-01-03 14:00:00,35.12,70.55,66.16,434.35,1.57,0.097,28.5
4,Dist-Switch-02,Switch,2024-01-03 14:00:00,74.08,72.03,66.47,443.48,1.34,0.094,30.12
5,Edge-Firewall-01,Firewall,2024-01-03 14:00:00,78.04,96.73,99.0,1168.68,8.72,0.421,49.14
6,App-Server-01,Server,2024-01-03 14:00:00,89.83,99.0,60.4,286.86,3.0,0.157,65.7
7,App-Server-02,Server,2024-01-03 14:00:00,91.47,99.0,56.27,298.44,2.56,0.099,67.2
8,DB-Server-01,Server,2024-01-03 14:00:00,86.95,99.0,55.39,308.01,2.82,0.126,66.42
9,WiFi-AP-01,Access Point,2024-01-03 14:00:00,42.32,56.82,56.62,239.99,9.32,0.466,18.13
10,WiFi-AP-02,Access Point,2024-01-03 14:00:00,40.21,54.99,69.61,220.13,9.05,0.441,20.79
1,Core-Router-01,Router,2024-01-03 16:00:00,62.61,77.76,92.79,659.65,6.62,0.168,39.2
2,Core-Router-02,Router,2024-01-03 16:00:00,56.86,75.44,87.52,688.39,6.51,0.229,40.09
3,Dist-Switch-01,Switch,2024-01-03 16:00:00,36.45,63.28,73.53,406.15,0.5,0.078,30.54
4,Dist-Switch-02,Switch,2024-01-03 16:00:00,43.07,65.89,63.74,428.17,3.19,0.16,30.42
5,Edge-Firewall-01,Firewall,2024-01-03 16:00:00,73.99,89.58,98.47,1095.76,7.32,0.35,49.01
6,App-Server-01,Server,2024-01-03 16:00:00,78.57,98.77,49.53,289.7,3.46,0.176,64.42
7,App-Server-02,Server,2024-01-03 16:00:00,87.69,93.79,52.95,285.62,3.78,0.106,64.5
8,DB-Server-01,Server,2024-01-03 16:00:00,88.6,99.0,60.17,278.08,2.19,0.136,65.62
9,WiFi-AP-01,Access Point,2024-01-03 16:00:00,36.22,59.48,65.44,177.22,11.05,0.459,19.72
10,WiFi-AP-02,Access Point,2024-01-03 16:00:00,35.55,61.26,77.73,219.42,9.82,0.433,20.99
1,Core-Router-01,Router,2024-01-03 18:00:00,48.46,66.19,67.48,562.7,5.67,0.17,40.94
2,Core-Router-02,Router,2024-01-03 18:00:00,47.28,59.13,60.83,561.54,5.78,0.17,41.77
3,Dist-Switch-01,Switch,2024-01-03 18:00:00,33.14,51.75,77.69,323.91,2.7,0.109,29.81
4,Dist-Switch-02,Switch,2024-01-03 18:00:00,32.88,45.19,53.49,349.46,2.58,0.091,30.15
5,Edge-Firewall-01,Firewall,2024-01-03 18:00:00,60.83,69.88,96.1,892.82,8.49,0.348,47.95
6,App-Server-01,Server,2024-01-03 18:00:00,70.72,75.95,39.91,234.97,2.61,0.138,65.72
7,App-Server-02,Server,2024-01-03 18:00:00,69.06,73.29,50.28,226.33,2.63,0.092,63.32
8,DB-Server-01,Server,2024-01-03 18:00:00,67.96,74.3,37.46,190.65,4.11,0.115,66.63
9,WiFi-AP-01,Access Point,2024-01-03 18:00:00,25.49,39.1,44.16,190.54,9.84,0.404,20.26
10,WiFi-AP-02,Access Point,2024-01-03 18:00:00,29.64,47.57,56.99,158.63,8.67,0.41,20.36
1,Core-Router-01,Router,2024-01-03 20:00:00,45.89,57.93,68.05,551.78,5.03,0.184,39.87
2,Core-Router-02,Router,2024-01-03 20:00:00,46.05,63.47,71.51,515.83,4.07,0.221,39.45
3,Dist-Switch-01,Switch,2024-01-03 20:00:00,32.83,45.4,50.67,311.57,2.21,0.07,29.38
4,Dist-Switch-02,Switch,2024-01-03 20:00:00,33.87,48.11,53.92,365.12,3.34,0.132,30.93
5,Edge-Firewall-01,Firewall,2024-01-03 20:00:00,64.05,68.41,81.48,915.16,6.88,0.374,51.12
6,App-Server-01,Server,2024-01-03 20:00:00,67.42,79.04,45.92,228.91,1.67,0.136,66.27
7,App-Server-02,Server,2024-01-03 20:00:00,65.41,77.25,36.56,231.39,3.57,0.086,66.22
8,DB-Server-01,Server,2024-01-03 20:00:00,64.99,79.08,39.12,220.63,2.83,0.094,64.73
9,WiFi-AP-01,Access Point,2024-01-03 20:00:00,27.11,46.7,47.56,133.69,11.75,0.45,18.81
10,WiFi-AP-02,Access Point,2024-01-03 20:00:00,30.4,42.71,51.06,171.71,9.77,0.43,19.41
1,Core-Router-01,Router,2024-01-03 22:00:00,32.52,41.72,47.9,387.68,5.68,0.207,39.52
2,Core-Router-02,Router,2024-01-03 22:00:00,37.14,45.72,50.6,403.52,5.74,0.161,38.86
3,Dist-Switch-01,Switch,2024-01-03 22:00:00,27.6,38.84,36.38,241.96,2.68,0.074,31.17
4,Dist-Switch-02,Switch,2024-01-03 22:00:00,33.58,33.82,33.29,247.28,2.72,0.078,31.55
5,Edge-Firewall-01,Firewall,2024-01-03 22:00:00,38.87,54.34,53.25,677.59,9.99,0.316,49.55
6,App-Server-01,Server,2024-01-03 22:00:00,51.68,55.12,31.93,161.31,1.08,0.077,64.41
7,App-Server-02,Server,2024-01-03 22:00:00,46.27,60.61,25.88,177.06,2.72,0.087,65.89
8,DB-Server-01,Server,2024-01-03 22:00:00,49.6,57.99,37.0,154.17,2.39,0.129,64.27
9,WiFi-AP-01,Access Point,2024-01-03 22:00:00,31.9,35.89,29.42,94.15,10.48,0.423,20.65
10,WiFi-AP-02,Access Point,2024-01-03 22:00:00,19.08,31.78,37.82,122.32,7.78,0.369,19.25
1,Core-Router-01,Router,2024-01-04 00:00:00,27.9,42.2,38.11,295.98,5.92,0.152,40.57
2,Core-Router-02,Router,2024-01-04 00:00:00,29.63,39.42,30.62,311.72,4.07,0.157,39.23
3,Dist-Switch-01,Switch,2024-01-04 00:00:00,16.47,26.32,35.1,199.72,0.75,0.061,29.44
4,Dist-Switch-02,Switch,2024-01-04 00:00:00,13.1,26.55,28.68,229.88,2.43,0.125,29.59
5,Edge-Firewall-01,Firewall,2024-01-04 00:00:00,37.33,45.56,34.39,446.0,9.87,0.294,49.28
6,App-Server-01,Server,2024-01-04 00:00:00,67.34,34.41,24.2,127.46,3.92,0.12,65.24
7,App-Server-02,Server,2024-01-04 00:00:00,32.57,43.08,19.7,112.74,2.0,0.099,66.01
8,DB-Server-01,Server,2024-01-04 00:00:00,35.33,70.48,16.94,114.91,2.95,0.199,64.04
9,WiFi-AP-01,Access Point,2024-01-04 00:00:00,20.97,27.17,28.61,125.85,10.37,0.382,20.1
10,WiFi-AP-02,Access Point,2024-01-04 00:00:00,20.01,27.47,24.07,64.29,9.8,0.4,20.09
1,Core-Router-01,Router,2024-01-04 02:00:00,32.15,31.88,36.06,303.41,5.85,0.244,39.54
2,Core-Router-02,Router,2024-01-04 02:00:00,28.05,36.85,33.81,264.72,5.62,0.16,38.96
3,Dist-Switch-01,Switch,2024-01-04 02:00:00,15.64,26.65,27.2,137.24,2.9,0.122,30.8
4,Dist-Switch-02,Switch,2024-01-04 02:00:00,13.58,26.6,30.19,193.33,2.67,0.094,30.23
5,Edge-Firewall-01,Firewall,2024-01-04 02:00:00,35.08,43.66,45.84,499.38,8.08,0.341,50.56
6,App-Server-01,Server,2024-01-04 02:00:00,32.83,46.53,27.67,112.04,2.52,0.081,65.61
7,App-Server-02,Server,2024-01-04 02:00:00,37.06,43.25,32.68,142.33,3.19,0.116,64.12
8,DB-Server-01,Server,2024-01-04 02:00:00,37.86,47.74,23.09,103.95,2.35,0.123,64.37
9,WiFi-AP-01,Access Point,2024-01-04 02:00:00,13.63,19.96,46.8,108.72,9.09,0.417,20.66
10,WiFi-AP-02,Access Point,2024-01-04 02:00:00,19.23,22.21,31.48,68.84,10.89,0.366,20.7
1,Core-Router-01,Router,2024-01-04 04:00:00,22.5,56.77,39.26,283.28,5.46,0.191,41.0
2,Core-Router-02,Router,2024-01-04 04:00:00,22.27,34.9,39.4,288.31,5.58,0.135,39.61
3,Dist-Switch-01,Switch,2024-01-04 04:00:00,14.1,21.31,31.97,150.05,2.1,0.07,30.83
4,Dist-Switch-02,Switch,2024-01-04 04:00:00,16.93,26.21,62.7,188.05,2.32,0.082,28.61
5,Edge-Firewall-01,Firewall,2024-01-04 04:00:00,36.27,41.13,37.23,478.72,7.96,0.279,50.48
6,App-Server-01,Server,2024-01-04 04:00:00,42.0,45.56,17.62,133.34,4.33,0.09,66.24
7,App-Server-02,Server,2024-01-04 04:00:00,64.19,45.39,25.43,141.8,3.14,0.073,64.8
8,DB-Server-01,Server,2024-01-04 04:00:00,42.52,39.86,31.84,130.9,1.6,0.09,63.05
9,WiFi-AP-01,Access Point,2024-01-04 04:00:00,17.61,26.84,24.24,93.15,11.95,0.378,19.09
10,WiFi-AP-02,Access Point,2024-01-04 04:00:00,21.04,30.07,27.22,110.9,11.34,0.4,19.66
1,Core-Router-01,Router,2024-01-04 06:00:00,41.19,49.39,51.17,385.4,6.99,0.168,39.81
2,Core-Router-02,Router,2024-01-04 06:00:00,37.64,48.99,52.63,411.3,5.46,0.14,40.71
3,Dist-Switch-01,Switch,2024-01-04 06:00:00,14.06,35.38,41.51,218.78,2.39,0.067,31.91
4,Dist-Switch-02,Switch,2024-01-04 06:00:00,30.47,34.87,39.55,240.32,1.55,0.075,29.39
5,Edge-Firewall-01,Firewall,2024-01-04 06:00:00,39.81,54.26,59.57,628.71,8.9,0.311,50.4
6,App-Server-01,Server,2024-01-04 06:00:00,51.64,56.32,34.51,150.87,2.8,0.086,64.4
7,App-Server-02,Server,2024-01-04 06:00:00,47.65,51.77,29.78,155.5,2.74,0.086,65.09
8,DB-Server-01,Server,2024-01-04 06:00:00,50.28,59.04,28.99,137.14,1.96,0.099,64.8
9,WiFi-AP-01,Access Point,2024-01-04 06:00:00,17.07,28.35,33.99,124.53,10.6,0.379,19.74
10,WiFi-AP-02,Access Point,2024-01-04 06:00:00,16.44,32.15,32.03,132.36,8.21,0.367,20.45
1,Core-Router-01,Router,2024-01-04 08:00:00,50.61,69.03,68.24,534.04,4.9,0.239,40.07
2,Core-Router-02,Router,2024-01-04 08:00:00,46.54,63.7,63.75,551.79,4.36,0.233,39.83
3,Dist-Switch-01,Switch,2024-01-04 08:00:00,40.58,52.31,57.82,339.85,2.39,0.167,29.87
4,Dist-Switch-02,Switch,2024-01-04 08:00:00,36.63,49.72,48.39,331.43,3.7,0.131,30.09
5,Edge-Firewall-01,Firewall,2024-01-04 08:00:00,64.76,70.94,69.06,868.11,9.56,0.343,49.91
6,App-Server-01,Server,2024-01-04 08:00:00,65.3,83.29,52.46,266.03,2.84,0.097,63.63
7,App-Server-02,Server,2024-01-04 08:00:00,72.4,74.07,45.41,199.7,2.41,0.128,64.54
8,DB-Server-01,Server,2024-01-04 08:00:00,64.34,75.93,48.5,199.55,3.22,0.143,64.64
9,WiFi-AP-01,Access Point,2024-01-04 08:00:00,24.83,43.64,55.77,170.12,9.47,0.399,19.05
10,WiFi-AP-02,Access Point,2024-01-04 08:00:00,30.43,45.56,48.33,149.47,9.11,0.418,21.38
1,Core-Router-01,Router,2024-01-04 10:00:00,59.79,77.57,72.68,680.96,4.97,0.205,39.21
2,Core-Router-02,Router,2024-01-04 10:00:00,59.67,77.07,82.18,647.89,2.88,0.19,40.61
3,Dist-Switch-01,Switch,2024-01-04 10:00:00,30.57,60.84,66.63,443.36,1.61,0.084,30.29
4,Dist-Switch-02,Switch,2024-01-04 10:00:00,33.04,64.64,70.34,425.76,5.93,0.171,31.87
5,Edge-Firewall-01,Firewall,2024-01-04 10:00:00,75.04,90.91,96.74,1099.77,7.43,0.367,48.63
6,App-Server-01,Server,2024-01-04 10:00:00,86.12,95.72,49.76,268.06,4.26,0.12,65.51
7,App-Server-02,Server,2024-01-04 10:00:00,80.19,99.0,58.84,314.03,2.82,0.124,65.25
8,DB-Server-01,Server,2024-01-04 10:00:00,88.3,94.82,59.14,273.17,2.94,0.099,65.4
9,WiFi-AP-01,Access Point,2024-01-04 10:00:00,34.17,56.06,70.23,227.51,10.87,0.425,19.26
10,WiFi-AP-02,Access Point,2024-01-04 10:00:00,38.45,58.04,69.7,195.72,9.77,0.497,19.76
1,Core-Router-01,Router,2024-01-04 12:00:00,70.1,79.41,91.36,730.83,5.32,0.227,40.24
2,Core-Router-02,Router,2024-01-04 12:00:00,54.15,80.25,80.0,758.76,5.78,0.177,41.67
3,Dist-Switch-01,Switch,2024-01-04 12:00:00,40.28,71.36,78.12,436.05,3.14,0.125,29.33
4,Dist-Switch-02,Switch,2024-01-04 12:00:00,41.64,64.53,68.18,465.24,1.74,0.088,29.58
5,Edge-Firewall-01,Firewall,2024-01-04 12:00:00,73.53,96.31,93.29,1174.04,6.63,0.446,51.06
6,App-Server-01,Server,2024-01-04 12:00:00,88.58,99.0,54.54,304.72,3.2,0.107,66.42
7,App-Server-02,Server,2024-01-04 12:00:00,91.09,99.0,50.5,274.65,2.88,0.1,64.02
8,DB-Server-01,Server,2024-01-04 12:00:00,97.8,99.0,61.78,295.29,2.79,0.146,65.23
9,WiFi-AP-01,Access Point,2024-01-04 12:00:00,37.76,55.05,87.84,217.29,8.09,0.456,19.74
10,WiFi-AP-02,Access Point,2024-01-04 12:00:00,44.28,60.44,59.44,230.11,8.45,0.487,19.68
1,Core-Router-01,Router,2024-01-04 14:00:00,65.74,84.79,81.72,706.69,4.42,0.218,38.63
2,Core-Router-02,Router,2024-01-04 14:00:00,54.79,79.46,90.91,758.64,4.54,0.175,41.3
3,Dist-Switch-01,Switch,2024-01-04 14:00:00,36.6,64.95,74.42,449.77,1.49,0.07,27.66
4,Dist-Switch-02,Switch,2024-01-04 14:00:00,41.45,67.48,68.55,441.96,2.45,0.088,30.32
5,Edge-Firewall-01,Firewall,2024-01-04 14:00:00,76.96,94.88,99.0,1178.56,7.41,0.365,50.86
6,App-Server-01,Server,2024-01-04 14:00:00,79.96,99.0,57.09,302.36,4.2,0.159,64.44
7,App-Server-02,Server,2024-01-04 14:00:00,87.0,99.0,67.45,276.72,2.44,0.104,63.95
8,DB-Server-01,Server,2024-01-04 14:00:00,86.57,99.0,57.11,291.99,2.47,0.169,65.47
9,WiFi-AP-01,Access Point,2024-01-04 14:00:00,43.75,58.83,67.24,234.25,8.73,0.516,20.35
10,WiFi-AP-02,Access Point,2024-01-04 14:00:00,43.26,56.57,75.21,235.89,10.55,0.441,19.9
1,Core-Router-01,Router,2024-01-04 16:00:00,67.14,76.61,73.28,670.31,4.81,0.183,40.09
2,Core-Router-02,Router,2024-01-04 16:00:00,67.21,70.34,83.84,656.3,5.76,0.172,40.57
3,Dist-Switch-01,Switch,2024-01-04 16:00:00,38.1,66.18,74.47,427.26,1.87,0.098,29.44
4,Dist-Switch-02,Switch,2024-01-04 16:00:00,44.98,67.29,74.62,401.0,2.36,0.137,30.72
5,Edge-Firewall-01,Firewall,2024-01-04 16:00:00,77.99,84.44,91.16,1102.59,7.7,0.416,50.54
6,App-Server-01,Server,2024-01-04 16:00:00,84.12,96.39,51.63,298.04,4.66,0.116,64.54
7,App-Server-02,Server,2024-01-04 16:00:00,85.08,95.9,54.72,291.86,1.09,0.158,65.22
8,DB-Server-01,Server,2024-01-04 16:00:00,81.47,96.7,55.22,242.44,4.49,0.093,65.59
9,WiFi-AP-01,Access Point,2024-01-04 16:00:00,38.44,52.35,64.71,202.44,10.85,0.522,20.05
10,WiFi-AP-02,Access Point,2024-01-04 16:00:00,32.22,56.71,64.69,193.64,9.29,0.402,19.25
1,Core-Router-01,Router,2024-01-04 18:00:00,53.24,59.85,51.96,546.63,3.96,0.235,38.91
2,Core-Router-02,Router,2024-01-04 18:00:00,50.31,81.13,68.06,541.99,5.46,0.173,39.46
3,Dist-Switch-01,Switch,2024-01-04 18:00:00,28.63,44.62,53.46,335.64,1.9,0.085,29.2
4,Dist-Switch-02,Switch,2024-01-04 18:00:00,35.68,45.92,59.29,312.43,1.25,0.141,29.65
5,Edge-Firewall-01,Firewall,2024-01-04 18:00:00,64.85,73.58,82.47,897.04,6.9,0.346,49.37
6,App-Server-01,Server,2024-01-04 18:00:00,71.82,73.99,48.8,239.51,4.83,0.106,65.86
7,App-Server-02,Server,2024-01-04 18:00:00,75.62,75.72,59.39,184.05,3.71,0.182,64.78
8,DB-Server-01,Server,2024-01-04 18:00:00,68.24,78.13,46.46,226.1,4.28,0.132,64.47
9,WiFi-AP-01,Access Point,2024-01-04 18:00:00,24.62,46.82,54.37,175.26,11.18,0.433,21.82
10,WiFi-AP-02,Access Point,2024-01-04 18:00:00,33.8,46.54,58.78,133.11,9.48,0.438,20.87
1,Core-Router-01,Router,2024-01-04 20:00:00,45.67,63.23,73.35,568.03,5.28,0.195,39.3
2,Core-Router-02,Router,2024-01-04 20:00:00,54.87,63.29,66.3,545.77,2.97,0.208,42.06
3,Dist-Switch-01,Switch,2024-01-04 20:00:00,28.13,50.44,60.45,307.38,2.18,0.111,30.16
4,Dist-Switch-02,Switch,2024-01-04 20:00:00,44.72,71.69,60.71,329.02,2.77,0.094,29.42
5,Edge-Firewall-01,Firewall,2024-01-04 20:00:00,61.87,66.46,80.59,892.56,8.64,0.377,50.52
6,App-Server-01,Server,2024-01-04 20:00:00,67.09,74.93,40.77,245.38,4.44,0.095,65.2
7,App-Server-02,Server,2024-01-04 20:00:00,62.88,81.1,47.66,260.47,2.12,0.1,65.38
8,DB-Server-01,Server,2024-01-04 20:00:00,69.08,76.93,39.97,239.28,3.72,0.13,66.51
9,WiFi-AP-01,Access Point,2024-01-04 20:00:00,32.39,44.73,50.27,177.32,9.14,0.399,18.0
10,WiFi-AP-02,Access Point,2024-01-04 20:00:00,31.21,39.65,57.39,159.64,9.79,0.425,19.86
1,Core-Router-01,Router,2024-01-04 22:00:00,41.94,36.87,54.74,409.76,3.79,0.196,41.83
2,Core-Router-02,Router,2024-01-04 22:00:00,32.49,40.87,54.05,409.77,4.06,0.143,39.12
3,Dist-Switch-01,Switch,2024-01-04 22:00:00,28.58,39.45,42.96,249.03,3.76,0.064,28.97
4,Dist-Switch-02,Switch,2024-01-04 22:00:00,25.98,42.53,35.23,234.57,2.42,0.066,29.17
5,Edge-Firewall-01,Firewall,2024-01-04 22:00:00,48.82,59.35,57.4,626.72,6.45,0.311,51.25
6,App-Server-01,Server,2024-01-04 22:00:00,50.26,56.41,29.29,139.36,3.83,0.121,63.6
7,App-Server-02,Server,2024-01-04 22:00:00,54.72,58.14,39.24,134.36,1.63,0.085,65.65
8,DB-Server-01,Server,2024-01-04 22:00:00,55.55,58.54,31.03,140.67,4.23,0.126,66.78
9,WiFi-AP-01,Access Point,2024-01-04 22:00:00,19.01,37.01,39.66,118.16,9.48,0.374,20.58
10,WiFi-AP-02,Access Point,2024-01-04 22:00:00,20.46,30.46,35.44,122.47,7.87,0.384,19.17
1,Core-Router-01,Router,2024-01-05 00:00:00,22.66,28.27,27.39,275.89,4.29,0.22,39.67
2,Core-Router-02,Router,2024-01-05 00:00:00,27.98,34.53,37.02,301.45,3.8,0.201,42.01
3,Dist-Switch-01,Switch,2024-01-05 00:00:00,11.45,24.2,28.9,162.51,2.51,0.092,32.37
4,Dist-Switch-02,Switch,2024-01-05 00:00:00,22.94,27.91,35.43,203.92,1.44,0.102,30.28
5,Edge-Firewall-01,Firewall,2024-01-05 00:00:00,36.78,39.81,34.54,468.74,7.93,0.277,52.17
6,App-Server-01,Server,2024-01-05 00:00:00,30.82,43.94,31.69,166.63,2.6,0.09,65.77
7,App-Server-02,Server,2024-01-05 00:00:00,37.14,42.12,26.42,70.56,3.68,0.075,64.98
8,DB-Server-01,Server,2024-01-05 00:00:00,44.55,40.4,22.22,161.03,2.17,0.1,65.05
9,WiFi-AP-01,Access Point,2024-01-05 00:00:00,18.51,24.86,20.81,80.26,9.39,0.359,20.63
10,WiFi-AP-02,Access Point,2024-01-05 00:00:00,16.82,18.91,32.59,95.95,11.38,0.373,21.3
1,Core-Router-01,Router,2024-01-05 02:00:00,29.14,37.37,38.97,301.04,7.27,0.174,40.77
2,Core-Router-02,Router,2024-01-05 02:00:00,22.16,29.47,37.82,305.91,4.39,0.129,41.79
3,Dist-Switch-01,Switch,2024-01-05 02:00:00,20.96,23.85,29.74,165.7,1.61,0.081,29.72
4,Dist-Switch-02,Switch,2024-01-05 02:00:00,13.16,26.89,27.5,123.21,4.05,0.111,29.82
5,Edge-Firewall-01,Firewall,2024-01-05 02:00:00,33.41,35.88,50.9,522.75,8.16,0.318,50.38
6,App-Server-01,Server,2024-01-05 02:00:00,31.01,41.18,24.9,112.11,2.78,0.07,65.12
7,App-Server-02,Server,2024-01-05 02:00:00,36.57,39.24,20.65,95.51,3.98,0.174,66.35
8,DB-Server-01,Server,2024-01-05 02:00:00,41.91,41.51,11.22,113.97,2.94,0.121,64.68
9,WiFi-AP-01,Access Point,2024-01-05 02:00:00,21.27,26.23,22.65,58.95,9.67,0.374,20.7
10,WiFi-AP-02,Access Point,2024-01-05 02:00:00,13.01,25.77,36.95,107.21,9.95,0.348,19.84
1,Core-Router-01,Router,2024-01-05 04:00:00,31.99,31.45,36.59,304.02,4.5,0.201,40.52
2,Core-Router-02,Router,2024-01-05 04:00:00,27.03,34.83,33.69,327.42,4.12,0.213,38.45
3,Dist-Switch-01,Switch,2024-01-05 04:00:00,19.92,28.7,26.32,190.29,3.28,0.171,30.7
4,Dist-Switch-02,Switch,2024-01-05 04:00:00,8.21,24.37,38.45,170.16,0.83,0.064,32.27
5,Edge-Firewall-01,Firewall,2024-01-05 04:00:00,26.0,36.24,49.91,521.95,7.9,0.314,52.3
6,App-Server-01,Server,2024-01-05 04:00:00,42.74,44.46,20.18,120.22,2.84,0.088,66.65
7,App-Server-02,Server,2024-01-05 04:00:00,39.88,39.19,31.12,127.46,3.69,0.143,64.09
8,DB-Server-01,Server,2024-01-05 04:00:00,36.22,40.83,16.4,128.13,5.51,0.16,65.17
9,WiFi-AP-01,Access Point,2024-01-05 04:00:00,17.71,24.61,26.7,64.92,10.23,0.391,18.01
10,WiFi-AP-02,Access Point,2024-01-05 04:00:00,19.93,27.12,27.53,95.48,11.07,0.371,21.1
1,Core-Router-01,Router,2024-01-05 06:00:00,35.17,48.38,50.08,407.88,3.73,0.15,39.37
2,Core-Router-02,Router,2024-01-05 06:00:00,33.81,41.99,43.15,446.5,6.33,0.23,38.98
3,Dist-Switch-01,Switch,2024-01-05 06:00:00,24.53,32.48,36.92,224.04,3.24,0.082,31.27
4,Dist-Switch-02,Switch,2024-01-05 06:00:00,26.66,43.27,33.0,267.58,3.15,0.112,31.21
5,Edge-Firewall-01,Firewall,2024-01-05 06:00:00,45.78,51.84,52.44,632.02,10.05,0.292,50.98
6,App-Server-01,Server,2024-01-05 06:00:00,45.32,54.22,37.73,134.61,2.58,0.074,65.31
7,App-Server-02,Server,2024-01-05 06:00:00,47.76,57.75,35.78,176.29,2.01,0.088,66.39
8,DB-Server-01,Server,2024-01-05 06:00:00,52.06,52.44,34.08,122.04,3.05,0.171,64.25
9,WiFi-AP-01,Access Point,2024-01-05 06:00:00,16.86,34.61,28.65,108.54,10.6,0.382,19.96
10,WiFi-AP-02,Access Point,2024-01-05 06:00:00,23.18,33.58,37.69,114.42,10.37,0.376,20.66
1,Core-Router-01,Router,2024-01-05 08:00:00,48.01,60.56,61.71,554.8,4.19,0.204,40.46
2,Core-Router-02,Router,2024-01-05 08:00:00,50.85,63.45,64.5,563.66,5.55,0.173,39.37
3,Dist-Switch-01,Switch,2024-01-05 08:00:00,33.93,51.09,71.27,291.57,2.16,0.178,29.84
4,Dist-Switch-02,Switch,2024-01-05 08:00:00,30.42,51.12,57.11,357.15,0.74,0.102,30.79
5,Edge-Firewall-01,Firewall,2024-01-05 08:00:00,60.54,73.23,82.92,906.25,6.86,0.362,50.14
6,App-Server-01,Server,2024-01-05 08:00:00,66.95,77.99,43.69,246.03,2.92,0.139,64.81
7,App-Server-02,Server,2024-01-05 08:00:00,67.37,81.46,47.46,205.19,5.49,0.097,66.48
8,DB-Server-01,Server,2024-01-05 08:00:00,66.05,79.37,48.64,246.56,4.06,0.127,64.88
9,WiFi-AP-01,Access Point,2024-01-05 08:00:00,25.49,45.44,54.66,162.2,11.07,0.449,19.28
10,WiFi-AP-02,Access Point,2024-01-05 08:00:00,24.43,44.02,51.53,156.16,11.35,0.394,20.24
1,Core-Router-01,Router,2024-01-05 10:00:00,56.75,72.43,84.73,651.72,6.01,0.165,43.44
2,Core-Router-02,Router,2024-01-05 10:00:00,71.73,75.84,82.79,714.29,6.7,0.254,38.41
3,Dist-Switch-01,Switch,2024-01-05 10:00:00,39.17,64.24,71.92,438.02,0.8,0.185,31.06
4,Dist-Switch-02,Switch,2024-01-05 10:00:00,38.35,56.44,70.16,432.49,1.88,0.092,30.04
5,Edge-Firewall-01,Firewall,2024-01-05 10:00:00,74.9,86.22,93.64,1121.43,8.32,0.358,49.2
6,App-Server-01,Server,2024-01-05 10:00:00,82.6,90.68,56.44,306.33,1.53,0.121,65.53
7,App-Server-02,Server,2024-01-05 10:00:00,88.34,95.87,52.09,238.37,3.1,0.196,65.48
8,DB-Server-01,Server,2024-01-05 10:00:00,83.24,98.18,55.49,261.49,3.82,0.103,65.22
9,WiFi-AP-01,Access Point,2024-01-05 10:00:00,30.82,59.46,95.0,197.25,11.0,0.417,19.42
10,WiFi-AP-02,Access Point,2024-01-05 10:00:00,31.68,50.24,64.85,171.69,8.77,0.499,20.11
1,Core-Router-01,Router,2024-01-05 12:00:00,65.68,80.03,83.16,713.01,5.46,0.193,40.52
2,Core-Router-02,Router,2024-01-05 12:00:00,62.74,81.55,94.89,748.18,4.59,0.176,39.96
3,Dist-Switch-01,Switch,2024-01-05 12:00:00,44.22,65.3,72.82,446.12,1.01,0.123,28.81
4,Dist-Switch-02,Switch,2024-01-05 12:00:00,37.79,62.63,74.44,424.02,2.51,0.071,28.23
5,Edge-Firewall-01,Firewall,2024-01-05 12:00:00,83.63,98.17,98.13,1186.74,7.14,0.372,48.94
6,App-Server-01,Server,2024-01-05 12:00:00,81.2,99.0,58.3,286.63,1.82,0.111,65.47
7,App-Server-02,Server,2024-01-05 12:00:00,88.2,99.0,55.57,318.02,1.82,0.118,66.38
8,DB-Server-01,Server,2024-01-05 12:00:00,90.3,99.0,56.28,315.31,1.58,0.144,64.8
9,WiFi-AP-01,Access Point,2024-01-05 12:00:00,41.77,60.06,61.44,214.73,9.39,0.461,21.18
10,WiFi-AP-02,Access Point,2024-01-05 12:00:00,31.34,63.74,70.42,242.75,9.54,0.402,18.77
1,Core-Router-01,Router,2024-01-05 14:00:00,64.18,82.49,94.86,714.32,4.63,0.172,38.8
2,Core-Router-02,Router,2024-01-05 14:00:00,68.65,78.84,87.4,727.42,4.21,0.169,39.98
3,Dist-Switch-01,Switch,2024-01-05 14:00:00,42.7,64.1,75.24,474.95,2.14,0.121,28.81
4,Dist-Switch-02,Switch,2024-01-05 14:00:00,44.82,62.99,66.26,427.09,3.19,0.12,30.44
5,Edge-Firewall-01,Firewall,2024-01-05 14:00:00,74.88,95.15,99.0,1181.84,6.16,0.394,50.14
6,App-Server-01,Server,2024-01-05 14:00:00,90.52,96.52,58.11,297.44,3.85,0.13,65.78
7,App-Server-02,Server,2024-01-05 14:00:00,85.18,97.38,56.95,314.62,4.39,0.128,65.63
8,DB-Server-01,Server,2024-01-05 14:00:00,89.89,99.0,58.27,327.96,2.06,0.176,64.88
9,WiFi-AP-01,Access Point,2024-01-05 14:00:00,42.12,54.7,69.21,206.2,8.58,0.437,21.21
10,WiFi-AP-02,Access Point,2024-01-05 14:00:00,33.44,54.42,87.94,219.19,10.55,0.448,20.14
1,Core-Router-01,Router,2024-01-05 16:00:00,69.92,77.05,81.59,662.14,4.74,0.187,41.16
2,Core-Router-02,Router,2024-01-05 16:00:00,64.34,72.84,84.19,707.81,6.53,0.209,40.96
3,Dist-Switch-01,Switch,2024-01-05 16:00:00,41.9,63.66,75.69,389.97,1.65,0.11,30.58
4,Dist-Switch-02,Switch,2024-01-05 16:00:00,46.58,60.7,57.49,408.38,2.91,0.1,30.63
5,Edge-Firewall-01,Firewall,2024-01-05 16:00:00,75.26,86.43,99.0,1094.31,10.18,0.379,49.62
6,App-Server-01,Server,2024-01-05 16:00:00,99.5,96.93,54.35,300.09,3.19,0.127,67.09
7,App-Server-02,Server,2024-01-05 16:00:00,83.52,99.0,52.51,285.01,3.31,0.186,67.22
8,DB-Server-01,Server,2024-01-05 16:00:00,88.49,96.02,50.04,284.7,3.09,0.112,65.39
9,WiFi-AP-01,Access Point,2024-01-05 16:00:00,36.74,59.89,65.33,187.32,11.36,0.492,23.35
10,WiFi-AP-02,Access Point,2024-01-05 16:00:00,30.22,56.28,52.08,219.38,9.45,0.487,19.43
1,Core-Router-01,Router,2024-01-05 18:00:00,43.24,59.69,56.78,570.52,2.93,0.145,38.12
2,Core-Router-02,Router,2024-01-05 18:00:00,48.71,66.04,68.46,538.23,4.97,0.15,40.67
3,Dist-Switch-01,Switch,2024-01-05 18:00:00,27.86,51.77,42.03,320.7,1.51,0.096,30.22
4,Dist-Switch-02,Switch,2024-01-05 18:00:00,27.71,47.04,56.54,331.72,1.42,0.088,30.9
5,Edge-Firewall-01,Firewall,2024-01-05 18:00:00,59.03,71.95,88.62,860.33,6.15,0.357,49.52
6,App-Server-01,Server,2024-01-05 18:00:00,65.39,75.43,43.14,254.17,3.8,0.126,63.78
7,App-Server-02,Server,2024-01-05 18:00:00,62.06,69.25,40.39,241.33,3.52,0.092,65.18
8,DB-Server-01,Server,2024-01-05 18:00:00,63.9,78.38,48.27,189.88,3.3,0.129,64.78
9,WiFi-AP-01,Access Point,2024-01-05 18:00:00,30.58,52.88,49.47,174.52,9.26,0.401,20.66
10,WiFi-AP-02,Access Point,2024-01-05 18:00:00,28.55,41.38,51.03,195.89,10.45,0.434,19.96
1,Core-Router-01,Router,2024-01-05 20:00:00,52.99,61.94,61.91,561.87,4.01,0.185,40.39
2,Core-Router-02,Router,2024-01-05 20:00:00,51.18,57.54,71.93,566.94,4.3,0.228,40.06
3,Dist-Switch-01,Switch,2024-01-05 20:00:00,31.55,50.33,53.73,293.15,1.61,0.081,30.83
4,Dist-Switch-02,Switch,2024-01-05 20:00:00,30.54,55.03,45.99,359.52,1.78,0.108,30.28
5,Edge-Firewall-01,Firewall,2024-01-05 20:00:00,65.66,71.05,72.28,917.21,7.89,0.342,51.43
6,App-Server-01,Server,2024-01-05 20:00:00,62.53,79.56,41.49,219.56,3.07,0.156,64.42
7,App-Server-02,Server,2024-01-05 20:00:00,72.06,80.43,44.13,227.06,2.71,0.154,65.0
8,DB-Server-01,Server,2024-01-05 20:00:00,67.59,81.21,63.81,253.38,1.47,0.165,64.83
9,WiFi-AP-01,Access Point,2024-01-05 20:00:00,26.8,38.77,47.72,145.85,9.39,0.387,21.16
10,WiFi-AP-02,Access Point,2024-01-05 20:00:00,28.61,45.36,44.52,149.03,11.8,0.423,21.86
1,Core-Router-01,Router,2024-01-05 22:00:00,35.39,44.45,53.83,429.44,4.89,0.155,40.14
2,Core-Router-02,Router,2024-01-05 22:00:00,37.71,47.11,48.5,416.38,6.64,0.157,40.51
3,Dist-Switch-01,Switch,2024-01-05 22:00:00,18.16,28.47,42.34,240.5,1.49,0.071,30.14
4,Dist-Switch-02,Switch,2024-01-05 22:00:00,28.75,36.62,36.67,262.2,1.78,0.091,29.72
5,Edge-Firewall-01,Firewall,2024-01-05 22:00:00,41.84,52.77,56.62,656.0,7.73,0.375,49.77
6,App-Server-01,Server,2024-01-05 22:00:00,51.66,55.67,31.09,181.33,2.29,0.153,65.04
7,App-Server-02,Server,2024-01-05 22:00:00,46.54,53.66,31.44,171.43,2.99,0.089,67.01
8,DB-Server-01,Server,2024-01-05 22:00:00,70.63,57.4,29.77,144.67,2.42,0.097,65.56
9,WiFi-AP-01,Access Point,2024-01-05 22:00:00,29.6,30.17,34.28,119.94,10.4,0.402,21.48
10,WiFi-AP-02,Access Point,2024-01-05 22:00:00,10.49,25.16,33.88,143.15,8.43,0.482,20.77
1,Core-Router-01,Router,2024-01-06 00:00:00,16.01,15.11,15.12,147.67,9.2,0.147,40.74
2,Core-Router-02,Router,2024-01-06 00:00:00,5.0,15.81,14.42,161.94,8.55,0.144,38.39
3,Dist-Switch-01,Switch,2024-01-06 00:00:00,10.21,16.71,25.99,90.6,3.96,0.145,27.86
4,Dist-Switch-02,Switch,2024-01-06 00:00:00,13.4,15.02,22.6,72.77,4.16,0.15,30.67
5,Edge-Firewall-01,Firewall,2024-01-06 00:00:00,19.48,21.74,15.53,294.41,13.93,0.264,48.69
6,App-Server-01,Server,2024-01-06 00:00:00,15.33,27.69,11.63,95.89,5.38,0.15,66.14
7,App-Server-02,Server,2024-01-06 00:00:00,17.69,25.48,13.49,35.96,5.62,0.169,65.74
8,DB-Server-01,Server,2024-01-06 00:00:00,19.82,26.61,14.42,71.02,4.36,0.072,66.29
9,WiFi-AP-01,Access Point,2024-01-06 00:00:00,5.01,17.64,14.58,32.36,19.18,0.329,21.01
10,WiFi-AP-02,Access Point,2024-01-06 00:00:00,7.19,37.99,17.5,55.94,16.19,0.378,21.18
1,Core-Router-01,Router,2024-01-06 02:00:00,14.51,16.81,13.25,145.47,7.07,0.12,39.65
2,Core-Router-02,Router,2024-01-06 02:00:00,11.17,18.17,21.87,208.93,7.58,0.169,41.22
3,Dist-Switch-01,Switch,2024-01-06 02:00:00,6.91,15.65,14.42,103.95,5.15,0.084,30.76
4,Dist-Switch-02,Switch,2024-01-06 02:00:00,8.3,10.58,15.66,124.37,2.11,0.107,30.38
5,Edge-Firewall-01,Firewall,2024-01-06 02:00:00,14.44,19.34,21.27,239.99,13.57,0.264,48.94
6,App-Server-01,Server,2024-01-06 02:00:00,13.66,21.5,17.02,62.89,4.99,0.059,63.5
7,App-Server-02,Server,2024-01-06 02:00:00,22.03,24.54,11.32,86.94,4.33,0.117,65.4
8,DB-Server-01,Server,2024-01-06 02:00:00,18.7,23.33,12.83,91.23,4.38,0.097,66.29
9,WiFi-AP-01,Access Point,2024-01-06 02:00:00,5.97,16.07,23.53,42.08,18.86,0.376,21.0
10,WiFi-AP-02,Access Point,2024-01-06 02:00:00,9.15,14.78,11.81,16.9,18.69,0.431,19.93
1,Core-Router-01,Router,2024-01-06 04:00:00,18.8,18.95,29.79,187.56,8.44,0.12,40.2
2,Core-Router-02,Router,2024-01-06 04:00:00,8.71,15.56,17.24,126.34,9.14,0.121,38.58
3,Dist-Switch-01,Switch,2024-01-06 04:00:00,11.64,17.18,17.84,93.76,4.23,0.09,30.56
4,Dist-Switch-02,Switch,2024-01-06 04:00:00,6.73,15.87,22.68,88.3,5.73,0.08,30.28
5,Edge-Firewall-01,Firewall,2024-01-06 04:00:00,15.69,22.39,14.68,256.38,13.45,0.238,51.24
6,App-Server-01,Server,2024-01-06 04:00:00,22.63,16.27,23.58,72.73,4.68,0.069,65.43
7,App-Server-02,Server,2024-01-06 04:00:00,17.38,23.98,10.33,58.74,4.77,0.13,65.4
8,DB-Server-01,Server,2024-01-06 04:00:00,22.39,24.93,17.46,73.31,4.92,0.103,63.89
9,WiFi-AP-01,Access Point,2024-01-06 04:00:00,5.0,10.47,20.44,68.97,18.67,0.368,19.37
10,WiFi-AP-02,Access Point,2024-01-06 04:00:00,9.75,12.99,19.27,47.81,17.8,0.356,21.13
1,Core-Router-01,Router,2024-01-06 06:00:00,17.37,24.32,42.57,172.79,9.29,0.148,40.51
2,Core-Router-02,Router,2024-01-06 06:00:00,12.25,23.45,15.64,250.14,8.0,0.175,41.2
3,Dist-Switch-01,Switch,2024-01-06 06:00:00,9.76,16.65,24.03,116.76,3.74,0.079,28.47
4,Dist-Switch-02,Switch,2024-01-06 06:00:00,5.0,20.73,19.47,122.59,4.33,0.111,29.98
5,Edge-Firewall-01,Firewall,2024-01-06 06:00:00,23.14,30.46,24.4,360.86,15.1,0.28,48.31
6,App-Server-01,Server,2024-01-06 06:00:00,23.68,28.55,18.32,98.71,6.95,0.087,64.75
7,App-Server-02,Server,2024-01-06 06:00:00,31.33,32.07,24.16,94.87,4.3,0.132,63.7
8,DB-Server-01,Server,2024-01-06 06:00:00,29.38,34.75,42.41,105.96,6.62,0.094,64.09
9,WiFi-AP-01,Access Point,2024-01-06 06:00:00,14.54,19.07,20.58,74.57,18.51,0.408,21.54
10,WiFi-AP-02,Access Point,2024-01-06 06:00:00,13.31,20.36,22.62,57.6,18.94,0.41,21.3
1,Core-Router-01,Router,2024-01-06 08:00:00,22.79,34.55,32.53,317.35,9.06,0.203,40.67
2,Core-Router-02,Router,2024-01-06 08:00:00,25.25,36.33,36.76,314.19,8.13,0.155,39.79
3,Dist-Switch-01,Switch,2024-01-06 08:00:00,21.8,32.6,26.6,205.31,1.47,0.121,29.29
4,Dist-Switch-02,Switch,2024-01-06 08:00:00,31.06,22.81,56.66,179.49,4.02,0.091,30.52
5,Edge-Firewall-01,Firewall,2024-01-06 08:00:00,36.32,39.61,36.94,511.21,13.96,0.319,50.07
6,App-Server-01,Server,2024-01-06 08:00:00,33.1,41.63,26.22,129.48,4.56,0.091,66.32
7,App-Server-02,Server,2024-01-06 08:00:00,38.74,49.1,30.4,145.4,4.07,0.108,65.2
8,DB-Server-01,Server,2024-01-06 08:00:00,34.55,43.38,29.23,132.53,4.58,0.104,64.61
9,WiFi-AP-01,Access Point,2024-01-06 08:00:00,16.18,23.59,26.47,107.21,17.14,0.446,18.43
10,WiFi-AP-02,Access Point,2024-01-06 08:00:00,12.92,25.61,30.49,89.87,18.12,0.359,20.02
1,Core-Router-01,Router,2024-01-06 10:00:00,40.03,44.63,50.31,363.53,9.01,0.155,39.24
2,Core-Router-02,Router,2024-01-06 10:00:00,35.9,40.5,49.22,361.45,10.81,0.181,40.47
3,Dist-Switch-01,Switch,2024-01-06 10:00:00,26.14,32.74,42.55,205.13,5.09,0.064,29.65
4,Dist-Switch-02,Switch,2024-01-06 10:00:00,21.77,36.88,35.36,214.72,3.41,0.12,32.07
5,Edge-Firewall-01,Firewall,2024-01-06 10:00:00,39.85,52.27,54.65,592.87,14.54,0.319,50.06
6,App-Server-01,Server,2024-01-06 10:00:00,50.71,56.66,35.22,143.95,4.37,0.106,65.45
7,App-Server-02,Server,2024-01-06 10:00:00,48.13,47.08,30.59,156.3,5.18,0.139,65.67
8,DB-Server-01,Server,2024-01-06 10:00:00,51.18,52.95,35.32,185.84,6.77,0.13,65.0
9,WiFi-AP-01,Access Point,2024-01-06 10:00:00,17.76,32.1,37.89,98.08,18.25,0.454,21.69
10,WiFi-AP-02,Access Point,2024-01-06 10:00:00,17.09,30.8,32.91,137.78,15.34,0.352,20.14
1,Core-Router-01,Router,2024-01-06 12:00:00,34.73,49.84,44.29,421.49,9.45,0.198,39.58
2,Core-Router-02,Router,2024-01-06 12:00:00,33.61,47.95,50.85,375.16,8.55,0.153,41.09
3,Dist-Switch-01,Switch,2024-01-06 12:00:00,21.65,27.8,43.22,219.23,1.62,0.202,31.06
4,Dist-Switch-02,Switch,2024-01-06 12:00:00,24.88,35.87,47.55,256.38,5.25,0.132,30.22
5,Edge-Firewall-01,Firewall,2024-01-06 12:00:00,38.2,52.1,55.6,662.22,14.59,0.308,50.95
6,App-Server-01,Server,2024-01-06 12:00:00,57.35,55.9,27.78,167.34,4.65,0.153,64.97
7,App-Server-02,Server,2024-01-06 12:00:00,46.46,84.49,36.08,159.27,4.81,0.156,64.39
8,DB-Server-01,Server,2024-01-06 12:00:00,48.87,58.8,24.33,172.03,4.4,0.116,64.29
9,WiFi-AP-01,Access Point,2024-01-06 12:00:00,23.07,35.8,40.85,126.84,17.95,0.398,21.72
10,WiFi-AP-02,Access Point,2024-01-06 12:00:00,17.5,29.37,39.87,105.89,17.23,0.425,19.77
1,Core-Router-01,Router,2024-01-06 14:00:00,36.21,45.4,53.48,416.59,8.9,0.146,40.76
2,Core-Router-02,Router,2024-01-06 14:00:00,41.64,45.04,46.38,386.2,7.65,0.175,40.83
3,Dist-Switch-01,Switch,2024-01-06 14:00:00,26.67,36.16,47.64,233.95,4.59,0.065,29.64
4,Dist-Switch-02,Switch,2024-01-06 14:00:00,26.73,37.77,42.39,245.26,3.6,0.183,31.43
5,Edge-Firewall-01,Firewall,2024-01-06 14:00:00,47.56,53.12,61.88,660.05,14.57,0.31,50.17
6,App-Server-01,Server,2024-01-06 14:00:00,36.04,57.48,30.04,194.28,5.47,0.127,65.2
7,App-Server-02,Server,2024-01-06 14:00:00,44.54,58.27,33.94,181.58,4.66,0.074,63.88
8,DB-Server-01,Server,2024-01-06 14:00:00,51.53,58.4,34.96,162.45,5.87,0.156,64.96
9,WiFi-AP-01,Access Point,2024-01-06 14:00:00,20.86,29.23,32.2,123.77,19.29,0.375,20.01
10,WiFi-AP-02,Access Point,2024-01-06 14:00:00,18.68,30.88,38.02,91.87,19.46,0.389,20.97
1,Core-Router-01,Router,2024-01-06 16:00:00,29.38,44.12,49.3,390.54,8.1,0.142,39.07
2,Core-Router-02,Router,2024-01-06 16:00:00,33.45,45.2,49.93,383.16,8.12,0.166,40.27
3,Dist-Switch-01,Switch,2024-01-06 16:00:00,13.69,36.8,38.16,253.76,2.54,0.216,30.53
4,Dist-Switch-02,Switch,2024-01-06 16:00:00,24.14,29.38,61.09,284.82,3.33,0.099,29.6
5,Edge-Firewall-01,Firewall,2024-01-06 16:00:00,33.75,49.26,52.27,604.56,14.43,0.281,50.1
6,App-Server-01,Server,2024-01-06 16:00:00,40.89,55.06,20.88,112.13,6.19,0.096,65.19
7,App-Server-02,Server,2024-01-06 16:00:00,40.36,74.06,29.31,121.22,4.72,0.103,66.68
8,DB-Server-01,Server,2024-01-06 16:00:00,44.26,55.87,21.06,166.33,4.65,0.087,65.0
9,WiFi-AP-01,Access Point,2024-01-06 16:00:00,24.42,28.0,60.87,109.27,18.02,0.382,19.4
10,WiFi-AP-02,Access Point,2024-01-06 16:00:00,42.03,30.44,35.66,116.55,18.98,0.403,19.2
1,Core-Router-01,Router,2024-01-06 18:00:00,58.24,30.13,39.69,318.68,7.18,0.136,39.78
2,Core-Router-02,Router,2024-01-06 18:00:00,24.53,37.74,33.49,290.15,9.17,0.159,40.11
3,Dist-Switch-01,Switch,2024-01-06 18:00:00,23.04,29.16,19.74,173.18,3.07,0.085,27.63
4,Dist-Switch-02,Switch,2024-01-06 18:00:00,28.57,29.16,31.37,207.4,5.98,0.108,31.2
5,Edge-Firewall-01,Firewall,2024-01-06 18:00:00,34.21,39.39,40.5,473.53,13.86,0.336,50.17
6,App-Server-01,Server,2024-01-06 18:00:00,30.02,43.45,24.32,125.45,4.93,0.219,66.61
7,App-Server-02,Server,2024-01-06 18:00:00,31.78,43.58,21.46,102.22,4.11,0.087,64.57
8,DB-Server-01,Server,2024-01-06 18:00:00,40.63,45.86,31.37,105.46,5.93,0.102,64.78
9,WiFi-AP-01,Access Point,2024-01-06 18:00:00,12.23,29.33,46.27,104.6,17.36,0.398,19.68
10,WiFi-AP-02,Access Point,2024-01-06 18:00:00,14.82,21.31,27.52,58.11,17.06,0.378,20.85
1,Core-Router-01,Router,2024-01-06 20:00:00,26.0,30.64,31.62,298.82,9.74,0.172,39.75
2,Core-Router-02,Router,2024-01-06 20:00:00,22.95,34.49,32.64,295.92,10.42,0.164,40.41
3,Dist-Switch-01,Switch,2024-01-06 20:00:00,13.29,28.2,35.94,176.26,4.99,0.121,31.91
4,Dist-Switch-02,Switch,2024-01-06 20:00:00,19.6,29.33,37.7,192.72,3.14,0.082,30.49
5,Edge-Firewall-01,Firewall,2024-01-06 20:00:00,28.53,39.39,77.29,446.22,16.08,0.313,49.79
6,App-Server-01,Server,2024-01-06 20:00:00,38.93,42.89,30.65,142.17,4.05,0.099,65.04
7,App-Server-02,Server,2024-01-06 20:00:00,37.09,40.69,33.24,143.31,4.71,0.135,64.86
8,DB-Server-01,Server,2024-01-06 20:00:00,38.49,43.6,30.77,138.31,6.42,0.086,63.86
9,WiFi-AP-01,Access Point,2024-01-06 20:00:00,14.53,27.68,27.31,101.95,17.86,0.395,20.13
10,WiFi-AP-02,Access Point,2024-01-06 20:00:00,16.55,22.54,26.39,73.1,19.3,0.364,21.7
1,Core-Router-01,Router,2024-01-06 22:00:00,26.16,24.26,21.69,181.03,7.62,0.195,41.63
2,Core-Router-02,Router,2024-01-06 22:00:00,20.51,25.67,15.63,198.79,9.98,0.135,40.1
3,Dist-Switch-01,Switch,2024-01-06 22:00:00,15.62,24.95,21.17,135.04,3.83,0.177,28.15
4,Dist-Switch-02,Switch,2024-01-06 22:00:00,16.1,19.7,25.11,120.5,3.59,0.094,33.36
5,Edge-Firewall-01,Firewall,2024-01-06 22:00:00,46.83,26.41,29.07,347.33,12.75,0.272,50.98
6,App-Server-01,Server,2024-01-06 22:00:00,21.63,34.33,20.26,74.42,5.31,0.141,65.98
7,App-Server-02,Server,2024-01-06 22:00:00,26.77,30.47,18.2,78.86,3.35,0.165,65.41
8,DB-Server-01,Server,2024-01-06 22:00:00,28.32,31.01,14.14,85.38,3.86,0.178,64.02
9,WiFi-AP-01,Access Point,2024-01-06 22:00:00,7.01,16.5,26.49,67.12,16.95,0.384,20.98
10,WiFi-AP-02,Access Point,2024-01-06 22:00:00,13.29,19.97,32.02,110.53,17.5,0.421,20.63
1,Core-Router-01,Router,2024-01-07 00:00:00,17.07,32.97,19.25,151.22,9.92,0.171,38.23
2,Core-Router-02,Router,2024-01-07 00:00:00,14.98,21.79,19.16,182.06,9.44,0.132,40.03
3,Dist-Switch-01,Switch,2024-01-07 00:00:00,5.18,11.71,20.29,100.87,3.5,0.074,29.99
4,Dist-Switch-02,Switch,2024-01-07 00:00:00,34.54,14.07,10.04,115.36,3.43,0.059,31.91
5,Edge-Firewall-01,Firewall,2024-01-07 00:00:00,18.34,22.64,17.55,263.57,15.15,0.314,50.5
6,App-Server-01,Server,2024-01-07 00:00:00,20.5,23.57,18.58,73.68,6.93,0.11,65.44
7,App-Server-02,Server,2024-01-07 00:00:00,20.43,20.24,18.18,113.48,5.44,0.085,65.38
8,DB-Server-01,Server,2024-01-07 00:00:00,17.24,17.98,9.87,39.15,7.16,0.064,64.95
9,WiFi-AP-01,Access Point,2024-01-07 00:00:00,11.93,10.03,11.24,51.6,19.21,0.361,20.55
10,WiFi-AP-02,Access Point,2024-01-07 00:00:00,8.69,14.6,16.08,29.64,18.23,0.38,20.38
1,Core-Router-01,Router,2024-01-07 02:00:00,13.15,26.04,19.9,139.39,8.96,0.139,41.97
2,Core-Router-02,Router,2024-01-07 02:00:00,12.71,13.67,24.18,139.86,8.65,0.126,40.23
3,Dist-Switch-01,Switch,2024-01-07 02:00:00,12.81,13.02,15.38,100.2,3.79,0.061,30.74
4,Dist-Switch-02,Switch,2024-01-07 02:00:00,13.42,16.25,19.02,68.84,3.69,0.081,31.03
5,Edge-Firewall-01,Firewall,2024-01-07 02:00:00,15.65,19.79,20.58,278.69,15.58,0.252,51.21
6,App-Server-01,Server,2024-01-07 02:00:00,20.59,23.07,12.34,81.92,5.78,0.174,64.45
7,App-Server-02,Server,2024-01-07 02:00:00,22.17,21.86,9.05,66.77,5.59,0.207,65.12
8,DB-Server-01,Server,2024-01-07 02:00:00,15.58,24.27,5.0,65.15,5.47,0.098,66.27
9,WiFi-AP-01,Access Point,2024-01-07 02:00:00,6.36,12.95,11.24,27.68,18.49,0.383,19.89
10,WiFi-AP-02,Access Point,2024-01-07 02:00:00,5.0,15.05,24.08,24.21,16.33,0.319,20.32
1,Core-Router-01,Router,2024-01-07 04:00:00,15.95,17.08,19.09,174.83,10.13,0.214,39.93
2,Core-Router-02,Router,2024-01-07 04:00:00,15.93,15.67,28.75,154.77,9.05,0.144,39.71
3,Dist-Switch-01,Switch,2024-01-07 04:00:00,5.0,13.79,21.89,93.75,2.79,0.098,29.97
4,Dist-Switch-02,Switch,2024-01-07 04:00:00,8.01,15.52,20.6,148.12,4.46,0.112,29.79
5,Edge-Firewall-01,Firewall,2024-01-07 04:00:00,14.32,21.96,23.98,246.39,14.37,0.249,50.66
6,App-Server-01,Server,2024-01-07 04:00:00,22.11,24.32,10.86,56.71,4.26,0.15,65.31
7,App-Server-02,Server,2024-01-07 04:00:00,19.2,20.66,28.08,45.52,5.03,0.08,65.9
8,DB-Server-01,Server,2024-01-07 04:00:00,23.93,28.87,15.93,45.87,5.2,0.077,67.37
9,WiFi-AP-01,Access Point,2024-01-07 04:00:00,5.0,17.01,15.97,67.0,18.08,0.35,21.05
10,WiFi-AP-02,Access Point,2024-01-07 04:00:00,10.99,16.31,15.01,38.25,16.62,0.374,20.72
1,Core-Router-01,Router,2024-01-07 06:00:00,16.23,22.95,24.46,193.64,8.27,0.173,39.89
2,Core-Router-02,Router,2024-01-07 06:00:00,17.14,19.68,36.91,248.35,8.31,0.131,40.72
3,Dist-Switch-01,Switch,2024-01-07 06:00:00,18.16,17.64,27.79,123.02,2.3,0.095,31.59
4,Dist-Switch-02,Switch,2024-01-07 06:00:00,23.75,16.5,25.82,125.78,4.42,0.135,29.04
5,Edge-Firewall-01,Firewall,2024-01-07 06:00:00,21.46,29.27,28.06,370.46,15.57,0.273,51.92
6,App-Server-01,Server,2024-01-07 06:00:00,28.46,27.61,24.68,77.22,6.36,0.143,65.76
7,App-Server-02,Server,2024-01-07 06:00:00,39.69,28.51,24.48,85.94,5.53,0.098,66.0
8,DB-Server-01,Server,2024-01-07 06:00:00,27.91,30.64,16.3,106.48,6.01,0.077,66.38
9,WiFi-AP-01,Access Point,2024-01-07 06:00:00,10.65,15.31,16.3,47.42,17.91,0.394,19.49
10,WiFi-AP-02,Access Point,2024-01-07 06:00:00,11.92,15.89,35.36,36.79,17.96,0.345,20.84
1,Core-Router-01,Router,2024-01-07 08:00:00,28.53,30.18,42.27,311.24,9.29,0.129,39.78
2,Core-Router-02,Router,2024-01-07 08:00:00,28.5,35.2,28.11,296.26,8.84,0.141,41.49
3,Dist-Switch-01,Switch,2024-01-07 08:00:00,15.34,26.14,28.14,168.19,3.29,0.096,29.25
4,Dist-Switch-02,Switch,2024-01-07 08:00:00,20.13,22.53,27.9,177.63,5.31,0.074,28.1
5,Edge-Firewall-01,Firewall,2024-01-07 08:00:00,25.78,40.02,46.05,498.77,14.71,0.31,49.76
6,App-Server-01,Server,2024-01-07 08:00:00,40.42,38.09,20.04,86.67,5.18,0.073,65.41
7,App-Server-02,Server,2024-01-07 08:00:00,37.09,40.2,23.61,92.87,6.82,0.084,64.81
8,DB-Server-01,Server,2024-01-07 08:00:00,43.2,39.26,18.94,100.89,5.39,0.093,66.04
9,WiFi-AP-01,Access Point,2024-01-07 08:00:00,25.64,17.81,30.68,80.97,17.6,0.408,19.39
10,WiFi-AP-02,Access Point,2024-01-07 08:00:00,22.09,27.09,27.75,119.13,16.67,0.433,18.12
1,Core-Router-01,Router,2024-01-07 10:00:00,31.74,42.7,46.57,386.78,7.68,0.172,40.54
2,Core-Router-02,Router,2024-01-07 10:00:00,37.47,36.54,47.61,360.04,8.69,0.164,40.39
3,Dist-Switch-01,Switch,2024-01-07 10:00:00,19.62,34.56,30.72,253.28,3.43,0.116,29.77
4,Dist-Switch-02,Switch,2024-01-07 10:00:00,20.93,32.25,42.76,216.09,4.28,0.08,28.32
5,Edge-Firewall-01,Firewall,2024-01-07 10:00:00,39.94,46.36,53.9,590.27,15.47,0.284,50.12
6,App-Server-01,Server,2024-01-07 10:00:00,48.68,56.62,30.6,138.09,3.68,0.109,64.68
7,App-Server-02,Server,2024-01-07 10:00:00,46.48,52.7,34.14,141.26,5.4,0.132,65.64
8,DB-Server-01,Server,2024-01-07 10:00:00,45.82,51.93,27.54,136.51,4.91,0.111,65.08
9,WiFi-AP-01,Access Point,2024-01-07 10:00:00,13.79,36.01,36.14,87.0,17.74,0.347,22.0
10,WiFi-AP-02,Access Point,2024-01-07 10:00:00,14.76,33.63,41.54,102.57,17.9,0.396,20.1
1,Core-Router-01,Router,2024-01-07 12:00:00,36.49,46.76,54.3,392.1,7.12,0.138,40.59
2,Core-Router-02,Router,2024-01-07 12:00:00,37.63,43.8,49.47,437.37,9.47,0.156,39.8
3,Dist-Switch-01,Switch,2024-01-07 12:00:00,23.74,41.55,39.79,243.84,3.15,0.117,32.26
4,Dist-Switch-02,Switch,2024-01-07 12:00:00,26.23,36.88,40.89,196.55,4.38,0.07,30.73
5,Edge-Firewall-01,Firewall,2024-01-07 12:00:00,41.93,51.76,54.93,671.72,14.17,0.388,50.73
6,App-Server-01,Server,2024-01-07 12:00:00,43.74,56.6,29.31,118.94,7.05,0.107,65.83
7,App-Server-02,Server,2024-01-07 12:00:00,49.51,52.84,30.15,179.66,4.4,0.201,65.07
8,DB-Server-01,Server,2024-01-07 12:00:00,48.28,74.44,36.21,175.58,5.71,0.134,63.78
9,WiFi-AP-01,Access Point,2024-01-07 12:00:00,22.37,34.44,30.44,92.06,17.44,0.4,21.05
10,WiFi-AP-02,Access Point,2024-01-07 12:00:00,17.89,30.0,33.58,144.49,18.19,0.363,20.19
1,Core-Router-01,Router,2024-01-07 14:00:00,41.8,42.53,81.84,411.27,8.93,0.267,39.24
2,Core-Router-02,Router,2024-01-07 14:00:00,35.22,41.08,53.61,440.84,10.76,0.196,40.1
3,Dist-Switch-01,Switch,2024-01-07 14:00:00,22.96,31.62,50.89,253.61,3.14,0.128,29.33
4,Dist-Switch-02,Switch,2024-01-07 14:00:00,26.05,36.12,43.9,242.96,2.19,0.067,31.35
5,Edge-Firewall-01,Firewall,2024-01-07 14:00:00,44.66,55.24,51.76,650.77,13.92,0.327,50.33
6,App-Server-01,Server,2024-01-07 14:00:00,51.61,60.25,36.02,168.29,4.46,0.076,64.77
7,App-Server-02,Server,2024-01-07 14:00:00,47.47,55.86,27.66,123.68,4.79,0.083,63.95
8,DB-Server-01,Server,2024-01-07 14:00:00,48.91,62.69,37.68,195.69,5.85,0.133,64.58
9,WiFi-AP-01,Access Point,2024-01-07 14:00:00,17.78,24.35,42.57,152.92,17.63,0.366,19.55
10,WiFi-AP-02,Access Point,2024-01-07 14:00:00,21.88,35.94,27.92,130.31,17.91,0.371,20.76
1,Core-Router-01,Router,2024-01-07 16:00:00,33.79,41.91,44.99,403.2,9.51,0.145,39.03
2,Core-Router-02,Router,2024-01-07 16:00:00,33.03,44.91,46.24,396.99,10.86,0.185,40.39
3,Dist-Switch-01,Switch,2024-01-07 16:00:00,20.98,26.88,37.54,223.76,4.03,0.068,29.98
4,Dist-Switch-02,Switch,2024-01-07 16:00:00,15.91,31.72,40.76,264.6,3.54,0.074,31.25
5,Edge-Firewall-01,Firewall,2024-01-07 16:00:00,38.97,50.99,50.03,631.37,14.7,0.293,49.52
6,App-Server-01,Server,2024-01-07 16:00:00,48.88,59.99,25.66,146.72,5.69,0.114,64.74
7,App-Server-02,Server,2024-01-07 16:00:00,34.72,57.81,34.51,118.66,4.85,0.146,66.75
8,DB-Server-01,Server,2024-01-07 16:00:00,49.81,53.2,31.12,150.9,6.58,0.119,64.49
9,WiFi-AP-01,Access Point,2024-01-07 16:00:00,23.23,30.57,41.43,101.71,18.13,0.416,20.31
10,WiFi-AP-02,Access Point,2024-01-07 16:00:00,13.28,29.24,27.36,129.02,18.9,0.426,21.63
1,Core-Router-01,Router,2024-01-07 18:00:00,37.62,33.91,33.64,363.52,7.77,0.139,40.48
2,Core-Router-02,Router,2024-01-07 18:00:00,33.01,34.85,34.35,288.01,8.75,0.183,40.35
3,Dist-Switch-01,Switch,2024-01-07 18:00:00,16.17,23.15,36.98,174.27,2.37,0.066,30.37
4,Dist-Switch-02,Switch,2024-01-07 18:00:00,11.44,28.63,25.47,218.44,4.16,0.076,29.55
5,Edge-Firewall-01,Firewall,2024-01-07 18:00:00,33.35,41.75,42.86,486.92,14.6,0.297,49.96
6,App-Server-01,Server,2024-01-07 18:00:00,28.5,45.91,26.06,107.35,7.35,0.069,64.26
7,App-Server-02,Server,2024-01-07 18:00:00,40.27,44.18,53.15,114.3,5.91,0.083,65.86
8,DB-Server-01,Server,2024-01-07 18:00:00,29.22,41.68,33.17,107.47,4.85,0.087,64.09
9,WiFi-AP-01,Access Point,2024-01-07 18:00:00,6.52,23.87,28.31,91.06,18.04,0.322,21.32
10,WiFi-AP-02,Access Point,2024-01-07 18:00:00,14.59,22.84,26.23,103.7,19.59,0.375,20.4
1,Core-Router-01,Router,2024-01-07 20:00:00,28.99,30.8,36.95,277.72,7.32,0.147,39.92
2,Core-Router-02,Router,2024-01-07 20:00:00,28.44,33.72,31.96,306.13,7.86,0.198,38.94
3,Dist-Switch-01,Switch,2024-01-07 20:00:00,17.64,24.51,33.56,177.59,3.12,0.101,30.33
4,Dist-Switch-02,Switch,2024-01-07 20:00:00,20.49,24.69,23.68,186.37,3.32,0.092,30.22
5,Edge-Firewall-01,Firewall,2024-01-07 20:00:00,34.59,35.04,52.43,487.98,15.24,0.311,50.61
6,App-Server-01,Server,2024-01-07 20:00:00,31.63,73.71,22.78,123.4,6.15,0.127,64.62
7,App-Server-02,Server,2024-01-07 20:00:00,38.67,49.28,23.87,134.64,5.35,0.166,63.55
8,DB-Server-01,Server,2024-01-07 20:00:00,37.22,38.11,12.03,128.76,5.59,0.083,65.19
9,WiFi-AP-01,Access Point,2024-01-07 20:00:00,27.75,23.79,30.18,79.12,18.48,0.395,19.89
10,WiFi-AP-02,Access Point,2024-01-07 20:00:00,22.63,28.09,28.32,46.03,17.82,0.503,20.07
1,Core-Router-01,Router,2024-01-07 22:00:00,24.51,28.89,27.89,206.46,6.66,0.159,39.49
2,Core-Router-02,Router,2024-01-07 22:00:00,20.8,20.81,47.62,223.97,9.36,0.177,41.5
3,Dist-Switch-01,Switch,2024-01-07 22:00:00,11.01,15.07,21.78,134.67,3.8,0.124,30.06
4,Dist-Switch-02,Switch,2024-01-07 22:00:00,38.35,16.79,26.43,137.67,3.22,0.152,31.74
5,Edge-Firewall-01,Firewall,2024-01-07 22:00:00,19.65,27.26,33.05,333.35,13.05,0.346,51.02
6,App-Server-01,Server,2024-01-07 22:00:00,24.62,40.04,12.89,70.89,4.89,0.074,64.83
7,App-Server-02,Server,2024-01-07 22:00:00,29.25,28.33,10.96,53.36,3.23,0.091,65.0
8,DB-Server-01,Server,2024-01-07 22:00:00,24.27,34.99,24.0,82.62,3.66,0.09,64.7
9,WiFi-AP-01,Access Point,2024-01-07 22:00:00,8.54,15.77,16.83,59.26,17.55,0.336,20.66
10,WiFi-AP-02,Access Point,2024-01-07 22:00:00,32.27,21.68,15.2,34.63,18.56,0.363,20.62
1,Core-Router-01,Router,2024-01-08 00:00:00,17.86,37.75,39.99,275.24,3.52,0.201,39.61
2,Core-Router-02,Router,2024-01-08 00:00:00,24.14,26.78,34.88,300.7,5.72,0.194,38.83
3,Dist-Switch-01,Switch,2024-01-08 00:00:00,20.12,30.49,22.67,204.78,2.04,0.115,30.28
4,Dist-Switch-02,Switch,2024-01-08 00:00:00,8.23,27.02,35.83,165.28,1.61,0.063,27.45
5,Edge-Firewall-01,Firewall,2024-01-08 00:00:00,40.26,36.98,45.26,486.67,9.26,0.301,50.12
6,App-Server-01,Server,2024-01-08 00:00:00,33.06,45.13,15.05,135.02,1.9,0.129,65.51
7,App-Server-02,Server,2024-01-08 00:00:00,39.21,42.98,15.66,104.89,3.67,0.078,66.53
8,DB-Server-01,Server,2024-01-08 00:00:00,38.24,39.83,20.44,124.16,0.69,0.153,65.79
9,WiFi-AP-01,Access Point,2024-01-08 00:00:00,20.17,19.68,33.7,136.2,8.68,0.399,20.35
10,WiFi-AP-02,Access Point,2024-01-08 00:00:00,9.08,25.9,31.64,79.55,11.17,0.411,18.86
1,Core-Router-01,Router,2024-01-08 02:00:00,28.02,33.65,33.05,321.44,5.53,0.171,40.23
2,Core-Router-02,Router,2024-01-08 02:00:00,29.88,32.24,46.9,289.0,7.11,0.132,38.97
3,Dist-Switch-01,Switch,2024-01-08 02:00:00,23.79,27.85,34.78,207.63,2.34,0.092,31.33
4,Dist-Switch-02,Switch,2024-01-08 02:00:00,18.32,29.53,19.76,192.09,1.36,0.142,30.97
5,Edge-Firewall-01,Firewall,2024-01-08 02:00:00,34.54,41.14,37.74,520.87,9.99,0.289,51.94
6,App-Server-01,Server,2024-01-08 02:00:00,34.35,56.36,24.62,130.8,2.61,0.094,65.66
7,App-Server-02,Server,2024-01-08 02:00:00,32.64,44.29,28.74,125.53,4.15,0.127,65.82
8,DB-Server-01,Server,2024-01-08 02:00:00,31.95,39.39,21.27,103.26,2.45,0.077,66.19
9,WiFi-AP-01,Access Point,2024-01-08 02:00:00,13.98,19.66,33.17,74.83,9.94,0.364,20.55
10,WiFi-AP-02,Access Point,2024-01-08 02:00:00,19.64,25.86,23.17,135.15,10.19,0.366,21.31
1,Core-Router-01,Router,2024-01-08 04:00:00,28.47,34.78,49.09,299.75,4.68,0.134,41.42
2,Core-Router-02,Router,2024-01-08 04:00:00,21.45,27.68,33.69,272.57,4.58,0.147,39.46
3,Dist-Switch-01,Switch,2024-01-08 04:00:00,12.61,27.68,34.84,149.25,2.82,0.097,31.3
4,Dist-Switch-02,Switch,2024-01-08 04:00:00,23.19,34.08,28.74,185.34,1.58,0.062,31.88
5,Edge-Firewall-01,Firewall,2024-01-08 04:00:00,28.2,37.1,49.62,508.8,7.64,0.299,50.69
6,App-Server-01,Server,2024-01-08 04:00:00,42.63,42.96,29.55,174.94,3.6,0.074,66.07
7,App-Server-02,Server,2024-01-08 04:00:00,35.17,49.9,25.32,116.64,2.16,0.122,66.22
8,DB-Server-01,Server,2024-01-08 04:00:00,34.64,44.46,16.88,125.8,3.45,0.153,64.58
9,WiFi-AP-01,Access Point,2024-01-08 04:00:00,10.15,21.73,20.79,118.31,11.55,0.346,21.57
10,WiFi-AP-02,Access Point,2024-01-08 04:00:00,15.8,24.13,25.81,85.37,8.45,0.361,20.31
1,Core-Router-01,Router,2024-01-08 06:00:00,39.61,45.05,48.03,389.58,5.07,0.177,39.21
2,Core-Router-02,Router,2024-01-08 06:00:00,36.98,45.47,72.36,395.24,5.23,0.194,40.7
3,Dist-Switch-01,Switch,2024-01-08 06:00:00,20.84,39.82,52.39,226.98,2.53,0.097,31.39
4,Dist-Switch-02,Switch,2024-01-08 06:00:00,19.36,38.07,36.34,240.06,0.97,0.101,29.51
5,Edge-Firewall-01,Firewall,2024-01-08 06:00:00,46.98,51.88,56.41,654.16,7.24,0.304,51.88
6,App-Server-01,Server,2024-01-08 06:00:00,45.73,60.5,40.05,146.48,1.54,0.088,64.8
7,App-Server-02,Server,2024-01-08 06:00:00,56.31,57.08,28.55,139.86,4.09,0.107,65.39
8,DB-Server-01,Server,2024-01-08 06:00:00,52.66,55.53,32.33,162.47,3.68,0.106,65.13
9,WiFi-AP-01,Access Point,2024-01-08 06:00:00,20.6,31.44,29.24,127.25,11.89,0.406,19.58
10,WiFi-AP-02,Access Point,2024-01-08 06:00:00,16.87,34.73,38.87,118.93,9.08,0.355,18.79
1,Core-Router-01,Router,2024-01-08 08:00:00,50.94,64.17,60.9,528.97,6.58,0.182,41.49
2,Core-Router-02,Router,2024-01-08 08:00:00,49.75,61.07,69.35,541.95,5.13,0.169,39.03
3,Dist-Switch-01,Switch,2024-01-08 08:00:00,34.93,49.58,55.18,311.57,3.59,0.111,31.31
4,Dist-Switch-02,Switch,2024-01-08 08:00:00,32.36,45.18,65.73,334.55,1.25,0.087,31.52
5,Edge-Firewall-01,Firewall,2024-01-08 08:00:00,61.47,76.59,83.76,873.87,7.33,0.371,47.64
6,App-Server-01,Server,2024-01-08 08:00:00,66.56,74.06,42.39,217.87,2.64,0.111,64.25
7,App-Server-02,Server,2024-01-08 08:00:00,76.32,83.95,38.96,255.49,2.6,0.095,65.29
8,DB-Server-01,Server,2024-01-08 08:00:00,64.52,99.31,45.4,214.32,1.7,0.127,63.71
9,WiFi-AP-01,Access Point,2024-01-08 08:00:00,28.03,41.18,49.04,195.29,11.2,0.386,20.26
10,WiFi-AP-02,Access Point,2024-01-08 08:00:00,35.5,46.33,48.73,139.37,10.39,0.448,19.72
1,Core-Router-01,Router,2024-01-08 10:00:00,64.12,75.86,83.02,649.77,4.78,0.213,39.72
2,Core-Router-02,Router,2024-01-08 10:00:00,63.17,95.83,85.75,695.2,4.06,0.23,41.28
3,Dist-Switch-01,Switch,2024-01-08 10:00:00,39.55,64.45,72.64,432.56,0.5,0.12,29.78
4,Dist-Switch-02,Switch,2024-01-08 10:00:00,40.54,95.73,71.46,411.99,0.5,0.14,29.0
5,Edge-Firewall-01,Firewall,2024-01-08 10:00:00,72.93,89.95,99.0,1134.71,7.84,0.361,49.75
6,App-Server-01,Server,2024-01-08 10:00:00,84.5,98.15,60.81,299.16,3.49,0.11,66.09
7,App-Server-02,Server,2024-01-08 10:00:00,83.58,94.69,53.95,281.5,3.91,0.101,64.14
8,DB-Server-01,Server,2024-01-08 10:00:00,84.17,98.27,56.89,298.21,4.02,0.122,64.73
9,WiFi-AP-01,Access Point,2024-01-08 10:00:00,30.82,58.06,70.2,203.56,9.76,0.466,20.86
10,WiFi-AP-02,Access Point,2024-01-08 10:00:00,36.72,52.39,66.35,191.28,8.87,0.428,19.76
1,Core-Router-01,Router,2024-01-08 12:00:00,65.89,77.29,93.83,764.48,3.05,0.215,39.54
2,Core-Router-02,Router,2024-01-08 12:00:00,70.2,81.41,89.18,738.23,6.21,0.232,40.96
3,Dist-Switch-01,Switch,2024-01-08 12:00:00,48.92,68.92,85.82,434.58,2.96,0.08,31.58
4,Dist-Switch-02,Switch,2024-01-08 12:00:00,44.48,65.61,80.72,435.33,0.59,0.098,30.97
5,Edge-Firewall-01,Firewall,2024-01-08 12:00:00,87.18,96.78,99.0,1159.92,7.56,0.389,50.24
6,App-Server-01,Server,2024-01-08 12:00:00,89.37,99.0,57.13,299.55,2.95,0.141,65.24
7,App-Server-02,Server,2024-01-08 12:00:00,88.46,99.0,59.51,298.28,2.57,0.158,64.18
8,DB-Server-01,Server,2024-01-08 12:00:00,86.15,99.0,54.16,269.7,3.73,0.197,65.11
9,WiFi-AP-01,Access Point,2024-01-08 12:00:00,45.68,54.72,56.86,192.59,10.9,0.493,19.84
10,WiFi-AP-02,Access Point,2024-01-08 12:00:00,39.83,63.52,75.71,217.65,7.7,0.461,19.92
1,Core-Router-01,Router,2024-01-08 14:00:00,65.74,81.05,94.63,767.42,4.83,0.221,40.71
2,Core-Router-02,Router,2024-01-08 14:00:00,67.03,84.33,89.39,783.08,3.56,0.193,40.22
3,Dist-Switch-01,Switch,2024-01-08 14:00:00,46.27,70.58,74.07,416.71,2.84,0.111,28.41
4,Dist-Switch-02,Switch,2024-01-08 14:00:00,44.5,62.0,91.94,427.1,2.81,0.078,29.06
5,Edge-Firewall-01,Firewall,2024-01-08 14:00:00,85.13,92.15,99.0,1170.8,7.63,0.395,50.87
6,App-Server-01,Server,2024-01-08 14:00:00,94.38,99.0,60.89,288.02,3.18,0.119,65.25
7,App-Server-02,Server,2024-01-08 14:00:00,99.5,99.0,61.18,283.17,1.72,0.165,65.84
8,DB-Server-01,Server,2024-01-08 14:00:00,88.11,99.0,55.25,322.82,3.14,0.122,65.86
9,WiFi-AP-01,Access Point,2024-01-08 14:00:00,33.84,63.86,73.54,213.25,9.37,0.532,18.87
10,WiFi-AP-02,Access Point,2024-01-08 14:00:00,31.74,59.76,65.14,195.67,9.72,0.42,20.88
1,Core-Router-01,Router,2024-01-08 16:00:00,55.36,76.56,77.03,717.57,5.78,0.2,39.58
2,Core-Router-02,Router,2024-01-08 16:00:00,61.11,70.19,85.62,694.07,5.97,0.216,39.73
3,Dist-Switch-01,Switch,2024-01-08 16:00:00,35.95,59.94,64.04,439.64,1.3,0.074,29.97
4,Dist-Switch-02,Switch,2024-01-08 16:00:00,36.89,62.45,72.95,395.56,2.81,0.111,29.87
5,Edge-Firewall-01,Firewall,2024-01-08 16:00:00,99.5,88.95,98.12,1112.96,8.13,0.477,48.52
6,App-Server-01,Server,2024-01-08 16:00:00,86.41,99.0,51.41,274.93,3.29,0.128,63.32
7,App-Server-02,Server,2024-01-08 16:00:00,80.4,96.94,59.48,329.78,2.77,0.161,65.75
8,DB-Server-01,Server,2024-01-08 16:00:00,89.23,98.26,51.43,298.97,3.66,0.146,65.73
9,WiFi-AP-01,Access Point,2024-01-08 16:00:00,38.97,59.51,62.63,202.7,11.23,0.477,20.79
10,WiFi-AP-02,Access Point,2024-01-08 16:00:00,29.5,59.16,61.67,235.23,10.49,0.45,21.77
1,Core-Router-01,Router,2024-01-08 18:00:00,56.57,64.21,63.35,553.5,5.15,0.192,42.04
2,Core-Router-02,Router,2024-01-08 18:00:00,50.94,53.45,68.85,552.66,4.93,0.169,41.16
3,Dist-Switch-01,Switch,2024-01-08 18:00:00,38.06,51.22,54.27,334.95,2.02,0.109,30.93
4,Dist-Switch-02,Switch,2024-01-08 18:00:00,35.42,54.99,62.24,322.06,2.82,0.115,31.05
5,Edge-Firewall-01,Firewall,2024-01-08 18:00:00,59.49,69.68,79.75,841.91,6.25,0.328,50.43
6,App-Server-01,Server,2024-01-08 18:00:00,65.68,73.61,40.68,231.67,3.58,0.084,66.51
7,App-Server-02,Server,2024-01-08 18:00:00,68.74,76.11,43.37,195.79,2.89,0.14,66.04
8,DB-Server-01,Server,2024-01-08 18:00:00,72.76,77.44,51.5,219.98,4.47,0.087,66.06
9,WiFi-AP-01,Access Point,2024-01-08 18:00:00,33.88,44.19,51.46,193.66,9.87,0.468,22.49
10,WiFi-AP-02,Access Point,2024-01-08 18:00:00,26.1,45.25,56.15,155.72,8.99,0.391,18.56
1,Core-Router-01,Router,2024-01-08 20:00:00,49.21,62.29,65.81,528.76,6.59,0.154,41.78
2,Core-Router-02,Router,2024-01-08 20:00:00,49.33,58.92,68.5,555.31,3.82,0.223,39.73
3,Dist-Switch-01,Switch,2024-01-08 20:00:00,26.22,54.35,53.44,323.62,0.5,0.15,29.06
4,Dist-Switch-02,Switch,2024-01-08 20:00:00,33.81,53.1,58.07,334.58,0.5,0.107,30.54
5,Edge-Firewall-01,Firewall,2024-01-08 20:00:00,58.41,73.36,81.76,914.65,6.77,0.427,51.12
6,App-Server-01,Server,2024-01-08 20:00:00,67.15,81.62,56.6,195.08,2.77,0.202,65.54
7,App-Server-02,Server,2024-01-08 20:00:00,68.62,78.23,41.5,182.86,3.37,0.157,64.76
8,DB-Server-01,Server,2024-01-08 20:00:00,68.92,73.64,47.06,215.98,2.24,0.122,64.96
9,WiFi-AP-01,Access Point,2024-01-08 20:00:00,29.51,69.6,48.38,167.06,8.9,0.478,19.5
10,WiFi-AP-02,Access Point,2024-01-08 20:00:00,25.3,41.84,59.36,178.95,9.06,0.431,20.55
1,Core-Router-01,Router,2024-01-08 22:00:00,37.66,43.74,68.89,413.76,4.45,0.228,39.08
2,Core-Router-02,Router,2024-01-08 22:00:00,42.77,44.44,50.34,423.66,4.37,0.186,37.64
3,Dist-Switch-01,Switch,2024-01-08 22:00:00,21.54,33.86,34.43,239.9,2.39,0.096,30.59
4,Dist-Switch-02,Switch,2024-01-08 22:00:00,21.76,37.74,41.32,262.92,2.78,0.062,29.45
5,Edge-Firewall-01,Firewall,2024-01-08 22:00:00,42.16,51.26,55.4,656.56,8.72,0.287,50.37
6,App-Server-01,Server,2024-01-08 22:00:00,49.41,55.43,27.93,127.69,2.3,0.098,64.65
7,App-Server-02,Server,2024-01-08 22:00:00,47.89,58.38,35.16,141.21,4.0,0.13,64.22
8,DB-Server-01,Server,2024-01-08 22:00:00,45.54,60.55,31.83,118.4,1.6,0.085,64.19
9,WiFi-AP-01,Access Point,2024-01-08 22:00:00,18.7,32.66,43.94,116.29,11.07,0.428,21.78
10,WiFi-AP-02,Access Point,2024-01-08 22:00:00,21.49,26.67,38.93,143.07,9.92,0.452,21.21
1,Core-Router-01,Router,2024-01-09 00:00:00,29.81,36.92,38.39,256.14,4.5,0.19,39.59
2,Core-Router-02,Router,2024-01-09 00:00:00,26.65,30.53,45.64,339.63,4.12,0.134,39.72
3,Dist-Switch-01,Switch,2024-01-09 00:00:00,20.82,29.07,34.66,190.24,4.94,0.112,28.69
4,Dist-Switch-02,Switch,2024-01-09 00:00:00,16.79,22.84,23.14,163.57,1.08,0.106,30.92
5,Edge-Firewall-01,Firewall,2024-01-09 00:00:00,31.64,39.24,47.31,474.27,7.74,0.282,48.46
6,App-Server-01,Server,2024-01-09 00:00:00,27.18,43.88,26.94,163.68,3.16,0.105,65.2
7,App-Server-02,Server,2024-01-09 00:00:00,37.91,47.84,13.86,130.67,5.14,0.083,67.05
8,DB-Server-01,Server,2024-01-09 00:00:00,34.2,42.74,24.65,78.05,1.83,0.122,66.22
9,WiFi-AP-01,Access Point,2024-01-09 00:00:00,18.79,25.45,31.66,88.52,11.2,0.357,20.46
10,WiFi-AP-02,Access Point,2024-01-09 00:00:00,14.24,26.53,46.22,111.33,8.87,0.398,21.09
1,Core-Router-01,Router,2024-01-09 02:00:00,27.19,32.3,41.17,293.85,4.8,0.197,41.94
2,Core-Router-02,Router,2024-01-09 02:00:00,33.83,32.81,42.87,287.02,4.09,0.251,42.07
3,Dist-Switch-01,Switch,2024-01-09 02:00:00,14.9,27.16,26.05,197.5,1.62,0.123,30.84
4,Dist-Switch-02,Switch,2024-01-09 02:00:00,12.63,25.03,20.07,155.12,2.18,0.155,28.92
5,Edge-Firewall-01,Firewall,2024-01-09 02:00:00,33.65,38.15,52.8,526.28,7.13,0.295,51.15
6,App-Server-01,Server,2024-01-09 02:00:00,34.33,38.35,24.42,118.94,2.56,0.089,64.65
7,App-Server-02,Server,2024-01-09 02:00:00,32.11,43.17,26.41,98.87,3.93,0.155,64.82
8,DB-Server-01,Server,2024-01-09 02:00:00,35.69,40.93,21.65,159.82,2.15,0.19,65.84
9,WiFi-AP-01,Access Point,2024-01-09 02:00:00,15.67,25.91,40.19,71.93,8.88,0.385,20.43
10,WiFi-AP-02,Access Point,2024-01-09 02:00:00,8.4,24.55,36.01,94.83,9.71,0.356,21.3
1,Core-Router-01,Router,2024-01-09 04:00:00,24.24,39.2,46.39,311.14,4.99,0.176,41.49
2,Core-Router-02,Router,2024-01-09 04:00:00,24.32,32.08,30.11,314.18,5.67,0.192,39.94
3,Dist-Switch-01,Switch,2024-01-09 04:00:00,12.97,24.84,33.36,168.93,1.7,0.138,30.59
4,Dist-Switch-02,Switch,2024-01-09 04:00:00,18.18,25.35,29.65,187.21,1.19,0.133,32.21
5,Edge-Firewall-01,Firewall,2024-01-09 04:00:00,31.13,39.49,47.89,560.18,6.76,0.285,49.69
6,App-Server-01,Server,2024-01-09 04:00:00,34.56,40.68,18.85,121.57,1.53,0.115,65.46
7,App-Server-02,Server,2024-01-09 04:00:00,38.41,41.44,22.64,128.15,1.84,0.087,64.54
8,DB-Server-01,Server,2024-01-09 04:00:00,50.72,36.51,31.18,108.67,4.16,0.12,64.11
9,WiFi-AP-01,Access Point,2024-01-09 04:00:00,10.95,32.16,36.29,91.17,10.26,0.364,20.83
10,WiFi-AP-02,Access Point,2024-01-09 04:00:00,12.43,18.38,20.93,92.22,8.87,0.341,19.33
1,Core-Router-01,Router,2024-01-09 06:00:00,33.59,47.44,50.2,407.81,5.88,0.158,41.85
2,Core-Router-02,Router,2024-01-09 06:00:00,34.88,43.59,42.45,399.42,5.96,0.2,41.36
3,Dist-Switch-01,Switch,2024-01-09 06:00:00,17.3,39.97,31.61,262.76,1.63,0.094,29.07
4,Dist-Switch-02,Switch,2024-01-09 06:00:00,29.16,32.33,37.46,224.84,0.5,0.069,32.21
5,Edge-Firewall-01,Firewall,2024-01-09 06:00:00,55.55,53.33,62.7,657.44,8.5,0.328,50.6
6,App-Server-01,Server,2024-01-09 06:00:00,51.11,55.38,32.25,162.03,3.83,0.129,65.35
7,App-Server-02,Server,2024-01-09 06:00:00,56.61,60.61,39.39,163.69,3.32,0.128,66.96
8,DB-Server-01,Server,2024-01-09 06:00:00,41.15,53.17,39.19,157.66,2.33,0.133,64.84
9,WiFi-AP-01,Access Point,2024-01-09 06:00:00,14.79,38.91,36.61,121.24,10.59,0.392,21.35
10,WiFi-AP-02,Access Point,2024-01-09 06:00:00,24.69,30.75,35.23,137.78,9.47,0.374,20.8
1,Core-Router-01,Router,2024-01-09 08:00:00,53.63,56.38,70.89,556.33,5.71,0.192,42.01
2,Core-Router-02,Router,2024-01-09 08:00:00,55.9,65.75,74.54,566.83,5.03,0.2,41.13
3,Dist-Switch-01,Switch,2024-01-09 08:00:00,32.42,51.7,55.92,319.52,3.29,0.069,32.45
4,Dist-Switch-02,Switch,2024-01-09 08:00:00,27.16,48.82,56.26,359.35,2.4,0.079,29.27
5,Edge-Firewall-01,Firewall,2024-01-09 08:00:00,57.08,73.9,71.72,886.96,8.5,0.363,52.01
6,App-Server-01,Server,2024-01-09 08:00:00,72.22,73.83,40.22,178.68,2.22,0.124,64.99
7,App-Server-02,Server,2024-01-09 08:00:00,69.16,73.97,48.87,213.3,3.01,0.089,64.13
8,DB-Server-01,Server,2024-01-09 08:00:00,62.71,81.44,46.87,245.4,3.32,0.089,63.67
9,WiFi-AP-01,Access Point,2024-01-09 08:00:00,26.97,44.8,60.26,182.04,11.54,0.411,19.69
10,WiFi-AP-02,Access Point,2024-01-09 08:00:00,28.52,45.59,45.79,160.61,9.79,0.466,18.32
1,Core-Router-01,Router,2024-01-09 10:00:00,67.94,74.33,77.29,724.85,5.73,0.231,41.2
2,Core-Router-02,Router,2024-01-09 10:00:00,71.35,78.81,83.37,708.11,6.24,0.21,39.75
3,Dist-Switch-01,Switch,2024-01-09 10:00:00,40.84,56.8,70.82,383.03,2.05,0.114,29.92
4,Dist-Switch-02,Switch,2024-01-09 10:00:00,48.78,58.73,76.08,434.25,0.5,0.21,30.34
5,Edge-Firewall-01,Firewall,2024-01-09 10:00:00,73.63,86.94,97.07,1119.45,8.1,0.362,51.03
6,App-Server-01,Server,2024-01-09 10:00:00,82.6,92.37,55.35,233.15,3.35,0.14,65.56
7,App-Server-02,Server,2024-01-09 10:00:00,89.41,95.33,61.41,271.83,4.75,0.113,64.56
8,DB-Server-01,Server,2024-01-09 10:00:00,86.9,96.87,51.89,270.94,2.96,0.161,63.47
9,WiFi-AP-01,Access Point,2024-01-09 10:00:00,35.15,57.97,64.08,236.57,9.93,0.415,20.99
10,WiFi-AP-02,Access Point,2024-01-09 10:00:00,35.46,54.93,65.69,197.32,9.39,0.433,21.75
1,Core-Router-01,Router,2024-01-09 12:00:00,54.05,83.0,89.42,710.13,5.31,0.178,40.99
2,Core-Router-02,Router,2024-01-09 12:00:00,56.33,85.91,85.56,757.48,5.74,0.2,41.06
3,Dist-Switch-01,Switch,2024-01-09 12:00:00,43.08,60.72,80.21,430.75,1.15,0.092,30.67
4,Dist-Switch-02,Switch,2024-01-09 12:00:00,44.4,68.58,67.68,431.4,1.88,0.167,30.29
5,Edge-Firewall-01,Firewall,2024-01-09 12:00:00,86.15,96.8,99.0,1185.07,7.83,0.402,51.77
6,App-Server-01,Server,2024-01-09 12:00:00,90.69,99.0,54.68,289.21,2.28,0.111,65.04
7,App-Server-02,Server,2024-01-09 12:00:00,92.17,99.0,59.72,311.24,0.93,0.202,65.12
8,DB-Server-01,Server,2024-01-09 12:00:00,81.15,99.0,59.67,295.86,3.99,0.128,65.7
9,WiFi-AP-01,Access Point,2024-01-09 12:00:00,38.99,59.19,75.81,193.54,10.14,0.42,21.21
10,WiFi-AP-02,Access Point,2024-01-09 12:00:00,51.7,54.27,67.72,228.75,11.49,0.465,21.55
1,Core-Router-01,Router,2024-01-09 14:00:00,76.41,80.68,82.8,735.61,5.01,0.205,39.81
2,Core-Router-02,Router,2024-01-09 14:00:00,73.16,78.47,80.55,765.88,2.73,0.183,43.52
3,Dist-Switch-01,Switch,2024-01-09 14:00:00,44.58,63.58,74.09,445.23,2.16,0.105,29.36
4,Dist-Switch-02,Switch,2024-01-09 14:00:00,51.38,67.67,78.01,433.69,3.29,0.089,30.68
5,Edge-Firewall-01,Firewall,2024-01-09 14:00:00,78.08,93.7,99.0,1181.13,7.15,0.388,51.1
6,App-Server-01,Server,2024-01-09 14:00:00,86.73,99.0,59.58,259.15,1.53,0.11,64.66
7,App-Server-02,Server,2024-01-09 14:00:00,93.48,99.0,63.1,333.9,2.92,0.129,64.82
8,DB-Server-01,Server,2024-01-09 14:00:00,99.0,99.0,59.56,305.23,4.36,0.107,64.74
9,WiFi-AP-01,Access Point,2024-01-09 14:00:00,40.68,59.74,67.85,206.44,8.28,0.434,21.3
10,WiFi-AP-02,Access Point,2024-01-09 14:00:00,36.28,63.81,63.42,202.03,9.93,0.413,21.17
1,Core-Router-01,Router,2024-01-09 16:00:00,86.72,81.24,99.5,700.47,6.25,0.213,41.48
2,Core-Router-02,Router,2024-01-09 16:00:00,67.3,79.73,99.5,642.17,4.36,0.199,39.42
3,Dist-Switch-01,Switch,2024-01-09 16:00:00,42.56,61.86,66.0,399.57,1.28,0.127,29.74
4,Dist-Switch-02,Switch,2024-01-09 16:00:00,40.02,61.74,71.82,429.87,0.5,0.121,31.84
5,Edge-Firewall-01,Firewall,2024-01-09 16:00:00,72.94,88.25,95.92,1106.88,8.22,0.443,49.28
6,App-Server-01,Server,2024-01-09 16:00:00,90.31,95.39,62.32,287.61,1.19,0.127,65.28
7,App-Server-02,Server,2024-01-09 16:00:00,82.33,98.91,58.47,294.65,4.18,0.112,64.02
8,DB-Server-01,Server,2024-01-09 16:00:00,82.26,99.0,59.72,327.89,4.4,0.103,65.7
9,WiFi-AP-01,Access Point,2024-01-09 16:00:00,34.92,50.89,63.2,234.59,9.4,0.425,21.25
10,WiFi-AP-02,Access Point,2024-01-09 16:00:00,31.42,54.75,58.02,193.93,8.71,0.439,21.82
1,Core-Router-01,Router,2024-01-09 18:00:00,46.83,62.09,64.81,584.58,6.31,0.19,40.71
2,Core-Router-02,Router,2024-01-09 18:00:00,49.57,58.13,77.04,545.81,5.66,0.203,39.84
3,Dist-Switch-01,Switch,2024-01-09 18:00:00,37.81,52.78,64.74,327.21,0.71,0.094,30.61
4,Dist-Switch-02,Switch,2024-01-09 18:00:00,33.89,49.31,46.55,346.01,3.97,0.09,31.01
5,Edge-Firewall-01,Firewall,2024-01-09 18:00:00,64.0,74.12,83.2,905.51,7.69,0.368,50.15
6,App-Server-01,Server,2024-01-09 18:00:00,68.58,77.59,46.45,233.18,3.83,0.148,65.48
7,App-Server-02,Server,2024-01-09 18:00:00,62.09,77.5,45.1,187.68,4.39,0.088,65.78
8,DB-Server-01,Server,2024-01-09 18:00:00,72.78,76.65,47.75,222.2,2.82,0.125,67.07
9,WiFi-AP-01,Access Point,2024-01-09 18:00:00,26.55,46.98,41.11,191.9,11.05,0.385,20.17
10,WiFi-AP-02,Access Point,2024-01-09 18:00:00,29.65,51.75,41.67,183.94,9.09,0.39,20.15
1,Core-Router-01,Router,2024-01-09 20:00:00,48.78,61.68,61.65,581.58,3.21,0.176,40.07
2,Core-Router-02,Router,2024-01-09 20:00:00,45.81,62.32,59.54,561.79,3.58,0.169,39.48
3,Dist-Switch-01,Switch,2024-01-09 20:00:00,31.86,51.37,52.24,335.44,0.5,0.097,32.16
4,Dist-Switch-02,Switch,2024-01-09 20:00:00,44.83,50.76,60.04,300.99,3.5,0.111,29.92
5,Edge-Firewall-01,Firewall,2024-01-09 20:00:00,66.66,72.17,76.25,907.11,6.94,0.384,49.34
6,App-Server-01,Server,2024-01-09 20:00:00,63.12,75.81,48.68,212.06,1.65,0.112,65.37
7,App-Server-02,Server,2024-01-09 20:00:00,62.6,75.08,55.44,207.19,2.68,0.1,64.98
8,DB-Server-01,Server,2024-01-09 20:00:00,69.81,81.38,43.35,199.67,4.27,0.09,67.13
9,WiFi-AP-01,Access Point,2024-01-09 20:00:00,19.07,45.47,60.08,161.23,9.77,0.372,19.84
10,WiFi-AP-02,Access Point,2024-01-09 20:00:00,26.8,43.87,47.35,192.88,10.46,0.393,21.21
1,Core-Router-01,Router,2024-01-09 22:00:00,35.66,42.56,45.95,408.04,3.94,0.161,39.88
2,Core-Router-02,Router,2024-01-09 22:00:00,45.22,36.56,48.06,442.51,5.12,0.183,40.5
3,Dist-Switch-01,Switch,2024-01-09 22:00:00,21.81,29.99,41.83,229.29,1.2,0.086,32.14
4,Dist-Switch-02,Switch,2024-01-09 22:00:00,34.1,37.37,38.48,221.26,2.47,0.156,30.15
5,Edge-Firewall-01,Firewall,2024-01-09 22:00:00,35.36,55.05,62.05,621.08,8.18,0.293,50.33
6,App-Server-01,Server,2024-01-09 22:00:00,45.8,79.27,30.62,133.5,0.95,0.136,66.02
7,App-Server-02,Server,2024-01-09 22:00:00,49.31,55.8,30.0,141.69,2.57,0.181,64.66
8,DB-Server-01,Server,2024-01-09 22:00:00,47.72,58.95,32.44,179.1,4.35,0.127,65.87
9,WiFi-AP-01,Access Point,2024-01-09 22:00:00,20.45,29.7,40.42,155.99,10.34,0.457,18.87
10,WiFi-AP-02,Access Point,2024-01-09 22:00:00,15.78,35.21,38.04,148.68,9.98,0.391,20.19
1,Core-Router-01,Router,2024-01-10 00:00:00,21.48,50.19,41.67,324.21,5.36,0.208,40.09
2,Core-Router-02,Router,2024-01-10 00:00:00,22.71,37.27,33.89,285.04,5.03,0.155,41.93
3,Dist-Switch-01,Switch,2024-01-10 00:00:00,15.47,23.41,19.91,183.43,1.44,0.129,31.64
4,Dist-Switch-02,Switch,2024-01-10 00:00:00,21.07,27.52,37.5,197.3,1.18,0.112,31.27
5,Edge-Firewall-01,Firewall,2024-01-10 00:00:00,35.33,40.39,38.71,502.96,7.24,0.276,51.9
6,App-Server-01,Server,2024-01-10 00:00:00,34.17,38.23,19.28,142.59,3.25,0.074,64.94
7,App-Server-02,Server,2024-01-10 00:00:00,38.75,40.4,26.07,108.07,2.1,0.101,65.07
8,DB-Server-01,Server,2024-01-10 00:00:00,36.61,43.65,6.1,106.55,2.61,0.144,64.37
9,WiFi-AP-01,Access Point,2024-01-10 00:00:00,15.99,29.03,21.04,99.9,9.2,0.373,19.65
10,WiFi-AP-02,Access Point,2024-01-10 00:00:00,12.41,32.71,31.83,114.06,10.49,0.418,20.84
1,Core-Router-01,Router,2024-01-10 02:00:00,31.9,31.18,41.64,320.84,6.85,0.153,39.35
2,Core-Router-02,Router,2024-01-10 02:00:00,26.16,38.05,27.67,265.38,5.09,0.148,40.46
3,Dist-Switch-01,Switch,2024-01-10 02:00:00,22.19,25.95,21.31,224.94,1.0,0.114,31.55
4,Dist-Switch-02,Switch,2024-01-10 02:00:00,16.87,27.42,33.09,205.72,1.67,0.134,28.31
5,Edge-Firewall-01,Firewall,2024-01-10 02:00:00,36.78,37.36,75.15,493.64,7.33,0.307,51.34
6,App-Server-01,Server,2024-01-10 02:00:00,39.38,39.86,22.12,122.62,2.96,0.107,63.44
7,App-Server-02,Server,2024-01-10 02:00:00,38.15,42.08,20.35,107.85,2.79,0.249,64.75
8,DB-Server-01,Server,2024-01-10 02:00:00,33.31,44.54,20.51,118.4,4.54,0.116,66.35
9,WiFi-AP-01,Access Point,2024-01-10 02:00:00,13.34,26.17,26.44,88.1,10.41,0.37,21.94
10,WiFi-AP-02,Access Point,2024-01-10 02:00:00,14.7,26.4,34.89,112.66,8.59,0.366,21.3
1,Core-Router-01,Router,2024-01-10 04:00:00,31.17,30.4,33.52,326.64,4.24,0.146,42.03
2,Core-Router-02,Router,2024-01-10 04:00:00,27.42,31.56,32.42,313.4,3.67,0.14,40.78
3,Dist-Switch-01,Switch,2024-01-10 04:00:00,23.6,29.61,27.1,207.62,1.7,0.124,30.28
4,Dist-Switch-02,Switch,2024-01-10 04:00:00,24.16,28.1,53.18,216.79,0.57,0.126,28.83
5,Edge-Firewall-01,Firewall,2024-01-10 04:00:00,35.23,40.38,50.66,495.67,7.6,0.271,50.57
6,App-Server-01,Server,2024-01-10 04:00:00,55.2,51.08,27.14,126.9,3.62,0.101,65.31
7,App-Server-02,Server,2024-01-10 04:00:00,34.29,44.74,26.47,106.5,4.42,0.082,66.18
8,DB-Server-01,Server,2024-01-10 04:00:00,42.38,43.01,26.12,138.9,2.28,0.074,65.58
9,WiFi-AP-01,Access Point,2024-01-10 04:00:00,11.51,31.49,20.57,66.06,11.31,0.37,19.42
10,WiFi-AP-02,Access Point,2024-01-10 04:00:00,17.77,28.94,27.46,144.0,8.28,0.388,21.62
1,Core-Router-01,Router,2024-01-10 06:00:00,40.38,44.38,47.63,417.88,5.82,0.17,41.49
2,Core-Router-02,Router,2024-01-10 06:00:00,32.73,44.31,44.38,401.28,6.02,0.138,43.06
3,Dist-Switch-01,Switch,2024-01-10 06:00:00,25.31,36.99,41.43,232.64,1.94,0.119,30.56
4,Dist-Switch-02,Switch,2024-01-10 06:00:00,21.37,34.03,38.65,246.88,3.19,0.128,30.13
5,Edge-Firewall-01,Firewall,2024-01-10 06:00:00,45.57,47.67,53.09,640.8,7.2,0.301,50.29
6,App-Server-01,Server,2024-01-10 06:00:00,46.86,58.54,41.34,196.39,1.08,0.102,65.27
7,App-Server-02,Server,2024-01-10 06:00:00,49.7,56.07,33.31,166.63,2.42,0.12,65.0
8,DB-Server-01,Server,2024-01-10 06:00:00,50.02,59.06,36.99,153.72,3.28,0.123,66.62
9,WiFi-AP-01,Access Point,2024-01-10 06:00:00,20.21,32.06,37.77,99.71,9.81,0.398,21.09
10,WiFi-AP-02,Access Point,2024-01-10 06:00:00,19.37,33.37,32.69,136.77,9.92,0.372,20.09
1,Core-Router-01,Router,2024-01-10 08:00:00,50.36,60.52,70.78,554.47,6.59,0.224,39.56
2,Core-Router-02,Router,2024-01-10 08:00:00,50.89,59.91,65.85,602.42,4.69,0.169,40.99
3,Dist-Switch-01,Switch,2024-01-10 08:00:00,29.74,48.05,50.21,319.71,0.5,0.092,32.5
4,Dist-Switch-02,Switch,2024-01-10 08:00:00,59.6,46.36,53.02,328.25,0.98,0.11,31.26
5,Edge-Firewall-01,Firewall,2024-01-10 08:00:00,57.24,75.28,86.37,937.85,10.87,0.36,53.27
6,App-Server-01,Server,2024-01-10 08:00:00,66.07,76.96,46.63,213.31,3.4,0.149,65.21
7,App-Server-02,Server,2024-01-10 08:00:00,72.63,78.56,45.7,234.46,4.17,0.169,66.03
8,DB-Server-01,Server,2024-01-10 08:00:00,66.41,79.23,50.29,201.07,1.99,0.18,64.9
9,WiFi-AP-01,Access Point,2024-01-10 08:00:00,33.44,44.63,43.91,159.0,8.51,0.457,20.84
10,WiFi-AP-02,Access Point,2024-01-10 08:00:00,23.42,48.33,50.26,170.42,9.72,0.409,21.23
1,Core-Router-01,Router,2024-01-10 10:00:00,64.61,79.02,83.3,713.81,4.66,0.165,40.18
2,Core-Router-02,Router,2024-01-10 10:00:00,61.44,75.26,86.69,729.18,6.17,0.224,41.74
3,Dist-Switch-01,Switch,2024-01-10 10:00:00,40.91,65.07,65.77,424.62,2.31,0.145,31.06
4,Dist-Switch-02,Switch,2024-01-10 10:00:00,47.56,62.74,77.1,417.99,2.85,0.185,32.87
5,Edge-Firewall-01,Firewall,2024-01-10 10:00:00,83.31,90.53,88.56,1130.51,6.56,0.389,50.86
6,App-Server-01,Server,2024-01-10 10:00:00,80.59,99.0,60.27,300.7,3.01,0.161,66.43
7,App-Server-02,Server,2024-01-10 10:00:00,83.27,94.25,63.0,323.18,2.96,0.2,65.54
8,DB-Server-01,Server,2024-01-10 10:00:00,82.83,96.52,64.42,265.58,3.74,0.119,64.99
9,WiFi-AP-01,Access Point,2024-01-10 10:00:00,39.27,55.1,61.24,233.55,11.6,0.45,19.8
10,WiFi-AP-02,Access Point,2024-01-10 10:00:00,33.11,56.48,64.87,191.13,10.72,0.404,18.73
1,Core-Router-01,Router,2024-01-10 12:00:00,63.39,80.5,89.1,783.36,5.24,0.205,40.67
2,Core-Router-02,Router,2024-01-10 12:00:00,65.69,99.35,92.37,769.76,4.98,0.248,41.36
3,Dist-Switch-01,Switch,2024-01-10 12:00:00,41.9,73.73,76.19,430.64,3.65,0.175,30.42
4,Dist-Switch-02,Switch,2024-01-10 12:00:00,42.72,66.58,78.13,472.9,2.57,0.076,31.95
5,Edge-Firewall-01,Firewall,2024-01-10 12:00:00,80.76,99.0,99.0,1201.54,7.89,0.364,50.07
6,App-Server-01,Server,2024-01-10 12:00:00,94.85,99.0,55.94,340.65,3.98,0.217,64.88
7,App-Server-02,Server,2024-01-10 12:00:00,82.22,99.0,43.95,295.49,1.86,0.094,63.82
8,DB-Server-01,Server,2024-01-10 12:00:00,89.8,99.0,67.16,326.46,3.79,0.111,67.44
9,WiFi-AP-01,Access Point,2024-01-10 12:00:00,31.07,55.44,66.68,268.75,9.8,0.402,19.01
10,WiFi-AP-02,Access Point,2024-01-10 12:00:00,41.06,62.51,71.05,211.09,9.29,0.488,20.53
1,Core-Router-01,Router,2024-01-10 14:00:00,62.78,78.48,87.35,735.79,4.46,0.186,40.53
2,Core-Router-02,Router,2024-01-10 14:00:00,65.95,82.56,84.51,747.68,5.15,0.241,41.45
3,Dist-Switch-01,Switch,2024-01-10 14:00:00,41.21,67.37,80.38,465.86,2.03,0.089,31.4
4,Dist-Switch-02,Switch,2024-01-10 14:00:00,47.43,65.25,70.58,405.9,2.15,0.078,31.59
5,Edge-Firewall-01,Firewall,2024-01-10 14:00:00,83.45,99.0,99.0,1215.68,7.47,0.406,48.99
6,App-Server-01,Server,2024-01-10 14:00:00,90.41,98.43,58.31,307.04,2.48,0.148,66.3
7,App-Server-02,Server,2024-01-10 14:00:00,89.05,99.0,59.86,350.96,4.15,0.153,65.89
8,DB-Server-01,Server,2024-01-10 14:00:00,90.13,97.19,56.25,288.62,1.13,0.153,63.47
9,WiFi-AP-01,Access Point,2024-01-10 14:00:00,37.13,62.1,72.64,231.97,9.04,0.508,18.69
10,WiFi-AP-02,Access Point,2024-01-10 14:00:00,32.2,56.98,66.3,203.39,10.34,0.408,20.46
1,Core-Router-01,Router,2024-01-10 16:00:00,67.83,73.79,86.45,702.69,4.67,0.212,41.33
2,Core-Router-02,Router,2024-01-10 16:00:00,59.48,76.78,85.76,697.51,5.59,0.174,42.28
3,Dist-Switch-01,Switch,2024-01-10 16:00:00,36.06,62.9,65.75,433.86,0.5,0.085,29.82
4,Dist-Switch-02,Switch,2024-01-10 16:00:00,39.24,58.93,67.97,443.47,1.97,0.101,32.11
5,Edge-Firewall-01,Firewall,2024-01-10 16:00:00,78.38,89.71,99.0,1113.86,7.5,0.433,51.38
6,App-Server-01,Server,2024-01-10 16:00:00,82.81,98.96,51.06,289.91,2.24,0.098,66.33
7,App-Server-02,Server,2024-01-10 16:00:00,87.52,98.35,47.4,341.04,4.75,0.13,64.7
8,DB-Server-01,Server,2024-01-10 16:00:00,83.9,96.79,62.56,286.44,2.22,0.115,66.57
9,WiFi-AP-01,Access Point,2024-01-10 16:00:00,41.55,60.82,67.05,205.84,6.76,0.44,20.45
10,WiFi-AP-02,Access Point,2024-01-10 16:00:00,35.71,56.4,56.64,222.04,10.63,0.441,21.4
1,Core-Router-01,Router,2024-01-10 18:00:00,53.03,60.63,67.13,564.2,5.11,0.203,41.09
2,Core-Router-02,Router,2024-01-10 18:00:00,58.92,68.48,67.88,485.64,6.24,0.186,39.65
3,Dist-Switch-01,Switch,2024-01-10 18:00:00,32.15,49.27,59.3,306.24,0.92,0.083,31.07
4,Dist-Switch-02,Switch,2024-01-10 18:00:00,36.31,48.25,51.35,327.29,2.24,0.142,28.4
5,Edge-Firewall-01,Firewall,2024-01-10 18:00:00,60.98,69.11,70.47,919.14,8.54,0.344,51.37
6,App-Server-01,Server,2024-01-10 18:00:00,65.57,77.43,55.92,220.02,3.74,0.083,63.6
7,App-Server-02,Server,2024-01-10 18:00:00,59.31,77.0,67.45,240.72,3.91,0.129,67.07
8,DB-Server-01,Server,2024-01-10 18:00:00,63.63,79.37,44.94,221.47,4.34,0.117,64.1
9,WiFi-AP-01,Access Point,2024-01-10 18:00:00,28.2,43.79,67.5,182.24,9.59,0.437,18.57
10,WiFi-AP-02,Access Point,2024-01-10 18:00:00,24.02,45.33,57.75,191.15,10.23,0.388,20.72
1,Core-Router-01,Router,2024-01-10 20:00:00,48.54,67.02,66.54,560.65,2.78,0.158,41.29
2,Core-Router-02,Router,2024-01-10 20:00:00,46.34,59.61,71.45,532.84,6.06,0.173,40.06
3,Dist-Switch-01,Switch,2024-01-10 20:00:00,29.25,51.75,68.54,353.05,1.14,0.121,30.13
4,Dist-Switch-02,Switch,2024-01-10 20:00:00,39.24,53.03,41.52,317.34,2.94,0.077,29.43
5,Edge-Firewall-01,Firewall,2024-01-10 20:00:00,59.33,67.39,78.29,944.01,8.8,0.428,51.33
6,App-Server-01,Server,2024-01-10 20:00:00,71.59,84.65,46.88,221.21,4.03,0.158,64.97
7,App-Server-02,Server,2024-01-10 20:00:00,64.6,79.15,67.92,240.91,1.58,0.178,64.81
8,DB-Server-01,Server,2024-01-10 20:00:00,66.42,76.02,58.48,229.79,2.15,0.126,66.22
9,WiFi-AP-01,Access Point,2024-01-10 20:00:00,27.37,47.51,46.49,158.85,7.99,0.448,22.26
10,WiFi-AP-02,Access Point,2024-01-10 20:00:00,34.68,45.19,58.93,165.51,9.76,0.407,20.33
1,Core-Router-01,Router,2024-01-10 22:00:00,35.95,48.42,49.83,423.25,6.03,0.155,39.48
2,Core-Router-02,Router,2024-01-10 22:00:00,31.4,45.44,48.22,410.75,4.98,0.261,39.12
3,Dist-Switch-01,Switch,2024-01-10 22:00:00,16.58,37.81,39.02,251.72,2.58,0.122,28.94
4,Dist-Switch-02,Switch,2024-01-10 22:00:00,22.31,38.1,44.75,289.27,2.96,0.064,29.56
5,Edge-Firewall-01,Firewall,2024-01-10 22:00:00,42.73,51.39,60.54,659.54,6.68,0.307,51.33
6,App-Server-01,Server,2024-01-10 22:00:00,50.49,58.97,34.63,196.13,3.24,0.095,64.53
7,App-Server-02,Server,2024-01-10 22:00:00,50.08,49.94,31.8,159.48,1.64,0.121,66.26
8,DB-Server-01,Server,2024-01-10 22:00:00,50.0,57.57,34.25,165.45,4.24,0.081,63.99
9,WiFi-AP-01,Access Point,2024-01-10 22:00:00,26.97,33.83,33.86,97.63,10.4,0.387,22.02
10,WiFi-AP-02,Access Point,2024-01-10 22:00:00,19.07,30.21,41.29,141.21,10.17,0.391,20.41
1,Core-Router-01,Router,2024-01-11 00:00:00,28.61,37.32,40.03,304.11,6.35,0.247,42.55
2,Core-Router-02,Router,2024-01-11 00:00:00,20.85,31.94,36.7,304.57,6.01,0.174,40.76
3,Dist-Switch-01,Switch,2024-01-11 00:00:00,16.14,28.56,30.43,186.36,1.45,0.084,30.79
4,Dist-Switch-02,Switch,2024-01-11 00:00:00,22.22,25.88,26.41,196.77,1.97,0.103,29.59
5,Edge-Firewall-01,Firewall,2024-01-11 00:00:00,26.71,38.38,39.22,490.42,7.36,0.29,50.21
6,App-Server-01,Server,2024-01-11 00:00:00,37.5,68.56,25.57,122.52,3.51,0.109,66.9
7,App-Server-02,Server,2024-01-11 00:00:00,35.95,39.12,25.54,105.98,3.67,0.178,64.71
8,DB-Server-01,Server,2024-01-11 00:00:00,38.23,37.78,26.87,105.29,2.38,0.124,66.23
9,WiFi-AP-01,Access Point,2024-01-11 00:00:00,19.4,24.67,23.35,124.04,9.25,0.466,20.96
10,WiFi-AP-02,Access Point,2024-01-11 00:00:00,10.96,27.57,25.77,104.32,11.4,0.393,19.93
1,Core-Router-01,Router,2024-01-11 02:00:00,27.37,38.44,33.61,295.61,5.48,0.156,40.65
2,Core-Router-02,Router,2024-01-11 02:00:00,21.47,40.47,30.16,301.06,4.97,0.217,39.18
3,Dist-Switch-01,Switch,2024-01-11 02:00:00,26.38,29.95,32.84,164.81,2.57,0.099,31.77
4,Dist-Switch-02,Switch,2024-01-11 02:00:00,14.57,27.34,27.97,164.75,2.74,0.084,31.71
5,Edge-Firewall-01,Firewall,2024-01-11 02:00:00,42.69,43.17,55.58,482.97,9.9,0.267,49.13
6,App-Server-01,Server,2024-01-11 02:00:00,35.68,46.19,20.41,110.99,3.59,0.068,66.08
7,App-Server-02,Server,2024-01-11 02:00:00,37.85,44.49,22.44,127.63,2.07,0.133,64.87
8,DB-Server-01,Server,2024-01-11 02:00:00,41.42,42.35,25.61,113.1,1.98,0.158,64.44
9,WiFi-AP-01,Access Point,2024-01-11 02:00:00,14.08,25.24,32.73,83.33,9.12,0.414,20.98
10,WiFi-AP-02,Access Point,2024-01-11 02:00:00,20.91,28.4,31.22,105.02,11.7,0.379,21.15
1,Core-Router-01,Router,2024-01-11 04:00:00,26.39,29.74,33.48,307.32,5.06,0.223,40.58
2,Core-Router-02,Router,2024-01-11 04:00:00,32.39,32.52,35.34,280.92,4.26,0.159,40.51
3,Dist-Switch-01,Switch,2024-01-11 04:00:00,22.22,28.22,54.09,227.47,1.91,0.119,30.1
4,Dist-Switch-02,Switch,2024-01-11 04:00:00,21.29,30.46,31.79,137.41,2.02,0.122,31.03
5,Edge-Firewall-01,Firewall,2024-01-11 04:00:00,35.61,34.81,39.45,500.23,8.41,0.332,50.36
6,App-Server-01,Server,2024-01-11 04:00:00,38.52,43.1,19.67,77.88,3.43,0.078,64.88
7,App-Server-02,Server,2024-01-11 04:00:00,30.42,44.94,23.27,134.14,4.86,0.172,64.8
8,DB-Server-01,Server,2024-01-11 04:00:00,36.06,47.41,16.42,161.72,3.14,0.073,65.3
9,WiFi-AP-01,Access Point,2024-01-11 04:00:00,13.63,27.74,22.33,99.16,9.62,0.379,23.09
10,WiFi-AP-02,Access Point,2024-01-11 04:00:00,17.05,26.44,33.36,63.82,11.75,0.477,19.73
1,Core-Router-01,Router,2024-01-11 06:00:00,35.06,46.85,50.29,406.66,4.99,0.184,39.0
2,Core-Router-02,Router,2024-01-11 06:00:00,39.81,47.18,57.12,394.2,5.69,0.154,41.69
3,Dist-Switch-01,Switch,2024-01-11 06:00:00,28.69,37.53,39.3,265.22,2.65,0.099,29.17
4,Dist-Switch-02,Switch,2024-01-11 06:00:00,23.45,41.45,46.73,223.75,0.83,0.125,29.36
5,Edge-Firewall-01,Firewall,2024-01-11 06:00:00,71.09,51.45,65.49,640.59,9.14,0.304,50.75
6,App-Server-01,Server,2024-01-11 06:00:00,41.32,50.79,31.7,168.94,1.87,0.125,66.06
7,App-Server-02,Server,2024-01-11 06:00:00,51.45,56.99,36.7,140.52,2.64,0.158,65.57
8,DB-Server-01,Server,2024-01-11 06:00:00,49.71,64.32,25.8,179.93,4.66,0.091,66.36
9,WiFi-AP-01,Access Point,2024-01-11 06:00:00,16.57,30.74,38.82,138.97,11.12,0.428,20.43
10,WiFi-AP-02,Access Point,2024-01-11 06:00:00,25.27,31.77,41.41,127.15,10.45,0.397,18.9
1,Core-Router-01,Router,2024-01-11 08:00:00,46.24,62.32,59.21,580.37,5.87,0.163,39.38
2,Core-Router-02,Router,2024-01-11 08:00:00,56.26,68.12,68.39,573.96,5.2,0.183,40.38
3,Dist-Switch-01,Switch,2024-01-11 08:00:00,33.69,53.45,68.1,310.25,1.9,0.126,32.09
4,Dist-Switch-02,Switch,2024-01-11 08:00:00,31.47,46.41,59.57,373.14,2.66,0.076,30.91
5,Edge-Firewall-01,Firewall,2024-01-11 08:00:00,67.67,70.66,78.37,892.95,6.83,0.352,51.61
6,App-Server-01,Server,2024-01-11 08:00:00,69.92,80.86,45.83,235.97,2.2,0.1,65.69
7,App-Server-02,Server,2024-01-11 08:00:00,68.76,79.89,44.41,217.95,6.16,0.13,65.91
8,DB-Server-01,Server,2024-01-11 08:00:00,66.72,77.57,44.45,231.36,1.12,0.162,64.86
9,WiFi-AP-01,Access Point,2024-01-11 08:00:00,47.71,44.38,58.13,139.48,9.25,0.463,20.63
10,WiFi-AP-02,Access Point,2024-01-11 08:00:00,31.73,51.25,47.27,167.14,9.73,0.493,20.19
1,Core-Router-01,Router,2024-01-11 10:00:00,66.95,79.14,87.66,697.18,4.34,0.23,40.0
2,Core-Router-02,Router,2024-01-11 10:00:00,64.6,78.01,91.87,724.12,3.7,0.224,41.08
3,Dist-Switch-01,Switch,2024-01-11 10:00:00,42.02,62.06,75.55,426.56,2.05,0.11,30.12
4,Dist-Switch-02,Switch,2024-01-11 10:00:00,48.56,61.06,73.75,451.49,0.62,0.091,31.64
5,Edge-Firewall-01,Firewall,2024-01-11 10:00:00,82.14,91.09,94.98,1146.62,9.18,0.423,49.3
6,App-Server-01,Server,2024-01-11 10:00:00,85.46,99.5,78.61,295.46,2.29,0.198,65.08
7,App-Server-02,Server,2024-01-11 10:00:00,84.82,97.83,50.58,245.56,2.49,0.137,66.76
8,DB-Server-01,Server,2024-01-11 10:00:00,89.31,96.21,50.61,291.81,3.64,0.115,63.49
9,WiFi-AP-01,Access Point,2024-01-11 10:00:00,31.77,56.29,65.86,226.75,10.14,0.412,20.58
10,WiFi-AP-02,Access Point,2024-01-11 10:00:00,37.98,57.31,63.75,206.04,10.08,0.438,20.77
1,Core-Router-01,Router,2024-01-11 12:00:00,68.79,86.24,91.01,734.42,5.88,0.237,39.42
2,Core-Router-02,Router,2024-01-11 12:00:00,68.61,83.76,83.46,739.74,4.39,0.193,41.44
3,Dist-Switch-01,Switch,2024-01-11 12:00:00,47.67,67.21,72.01,421.44,3.42,0.103,29.79
4,Dist-Switch-02,Switch,2024-01-11 12:00:00,47.72,67.05,73.3,457.14,1.26,0.091,30.62
5,Edge-Firewall-01,Firewall,2024-01-11 12:00:00,80.22,99.0,99.0,1180.75,6.33,0.461,50.35
6,App-Server-01,Server,2024-01-11 12:00:00,87.03,99.0,60.45,266.89,1.19,0.108,65.64
7,App-Server-02,Server,2024-01-11 12:00:00,87.98,99.0,62.15,324.4,3.28,0.136,65.54
8,DB-Server-01,Server,2024-01-11 12:00:00,84.22,99.0,60.2,263.6,2.7,0.115,65.17
9,WiFi-AP-01,Access Point,2024-01-11 12:00:00,36.27,56.12,70.1,211.25,7.84,0.427,21.48
10,WiFi-AP-02,Access Point,2024-01-11 12:00:00,35.82,65.01,69.41,230.99,9.87,0.411,20.24
1,Core-Router-01,Router,2024-01-11 14:00:00,66.06,83.81,85.01,725.88,3.88,0.268,41.03
2,Core-Router-02,Router,2024-01-11 14:00:00,68.48,79.04,92.8,745.06,5.21,0.217,40.66
3,Dist-Switch-01,Switch,2024-01-11 14:00:00,43.15,64.97,78.41,417.68,2.56,0.106,29.62
4,Dist-Switch-02,Switch,2024-01-11 14:00:00,41.56,66.6,76.15,445.38,2.43,0.159,29.99
5,Edge-Firewall-01,Firewall,2024-01-11 14:00:00,75.35,99.0,99.0,1203.69,6.91,0.357,49.38
6,App-Server-01,Server,2024-01-11 14:00:00,92.26,99.0,58.29,278.87,3.13,0.114,65.68
7,App-Server-02,Server,2024-01-11 14:00:00,89.78,99.0,62.93,297.98,2.01,0.207,65.98
8,DB-Server-01,Server,2024-01-11 14:00:00,89.07,99.0,69.0,296.05,3.35,0.144,65.35
9,WiFi-AP-01,Access Point,2024-01-11 14:00:00,36.57,60.35,68.93,235.42,10.24,0.47,19.56
10,WiFi-AP-02,Access Point,2024-01-11 14:00:00,35.18,58.94,72.52,200.96,9.64,0.453,20.2
1,Core-Router-01,Router,2024-01-11 16:00:00,65.26,77.1,85.85,700.12,5.67,0.243,40.14
2,Core-Router-02,Router,2024-01-11 16:00:00,64.61,79.12,92.03,696.87,6.48,0.198,41.83
3,Dist-Switch-01,Switch,2024-01-11 16:00:00,45.55,60.68,72.0,421.79,2.63,0.084,30.19
4,Dist-Switch-02,Switch,2024-01-11 16:00:00,47.76,63.13,74.6,418.31,3.67,0.108,29.89
5,Edge-Firewall-01,Firewall,2024-01-11 16:00:00,83.61,90.27,99.0,1145.34,7.85,0.458,50.48
6,App-Server-01,Server,2024-01-11 16:00:00,84.97,99.0,64.32,268.18,3.8,0.131,66.57
7,App-Server-02,Server,2024-01-11 16:00:00,86.56,92.83,55.6,258.76,2.8,0.142,65.81
8,DB-Server-01,Server,2024-01-11 16:00:00,89.15,99.0,75.68,231.46,3.15,0.105,64.52
9,WiFi-AP-01,Access Point,2024-01-11 16:00:00,28.43,54.17,62.45,224.72,10.19,0.466,19.46
10,WiFi-AP-02,Access Point,2024-01-11 16:00:00,38.76,56.52,66.9,202.68,11.07,0.431,19.82
1,Core-Router-01,Router,2024-01-11 18:00:00,50.69,61.29,70.1,540.15,4.97,0.17,40.53
2,Core-Router-02,Router,2024-01-11 18:00:00,56.13,64.33,67.61,568.08,5.3,0.176,38.67
3,Dist-Switch-01,Switch,2024-01-11 18:00:00,32.62,46.28,62.77,337.03,1.81,0.111,30.92
4,Dist-Switch-02,Switch,2024-01-11 18:00:00,29.31,50.52,54.7,303.36,1.31,0.074,30.39
5,Edge-Firewall-01,Firewall,2024-01-11 18:00:00,56.08,76.74,78.41,902.75,8.4,0.352,50.96
6,App-Server-01,Server,2024-01-11 18:00:00,66.18,76.24,47.97,255.33,3.72,0.129,64.98
7,App-Server-02,Server,2024-01-11 18:00:00,61.26,83.4,55.37,256.36,2.66,0.138,64.43
8,DB-Server-01,Server,2024-01-11 18:00:00,60.92,78.6,79.89,222.67,3.3,0.149,65.1
9,WiFi-AP-01,Access Point,2024-01-11 18:00:00,36.33,51.08,50.08,157.57,10.7,0.426,19.34
10,WiFi-AP-02,Access Point,2024-01-11 18:00:00,33.31,48.75,51.52,143.87,8.77,0.405,20.0
1,Core-Router-01,Router,2024-01-11 20:00:00,49.37,65.08,71.32,591.31,4.01,0.167,41.26
2,Core-Router-02,Router,2024-01-11 20:00:00,52.53,66.61,69.75,600.71,5.54,0.206,40.18
3,Dist-Switch-01,Switch,2024-01-11 20:00:00,33.88,53.47,64.44,352.83,1.92,0.136,28.31
4,Dist-Switch-02,Switch,2024-01-11 20:00:00,28.14,52.78,56.45,350.36,2.06,0.093,29.69
5,Edge-Firewall-01,Firewall,2024-01-11 20:00:00,64.29,76.27,85.03,942.27,8.24,0.342,48.98
6,App-Server-01,Server,2024-01-11 20:00:00,65.52,78.35,50.35,213.28,3.8,0.083,65.32
7,App-Server-02,Server,2024-01-11 20:00:00,68.65,77.75,42.95,191.4,2.75,0.108,64.98
8,DB-Server-01,Server,2024-01-11 20:00:00,69.32,80.9,46.26,245.41,3.58,0.099,65.04
9,WiFi-AP-01,Access Point,2024-01-11 20:00:00,29.44,46.82,57.73,192.95,9.46,0.393,21.17
10,WiFi-AP-02,Access Point,2024-01-11 20:00:00,32.46,72.74,50.42,144.04,9.0,0.411,20.84
1,Core-Router-01,Router,2024-01-11 22:00:00,32.51,45.23,52.36,386.98,6.1,0.151,41.76
2,Core-Router-02,Router,2024-01-11 22:00:00,34.77,42.02,46.91,408.1,4.61,0.146,40.83
3,Dist-Switch-01,Switch,2024-01-11 22:00:00,23.92,36.7,32.45,253.83,1.91,0.142,29.56
4,Dist-Switch-02,Switch,2024-01-11 22:00:00,17.37,38.75,42.73,225.83,0.5,0.136,31.91
5,Edge-Firewall-01,Firewall,2024-01-11 22:00:00,35.15,51.93,65.72,646.48,7.51,0.284,49.38
6,App-Server-01,Server,2024-01-11 22:00:00,42.38,60.56,23.59,168.95,3.89,0.144,64.58
7,App-Server-02,Server,2024-01-11 22:00:00,54.05,59.0,29.71,188.04,4.21,0.09,64.6
8,DB-Server-01,Server,2024-01-11 22:00:00,47.55,58.26,31.86,182.78,1.47,0.148,65.68
9,WiFi-AP-01,Access Point,2024-01-11 22:00:00,18.53,30.92,28.06,123.39,9.95,0.388,20.57
10,WiFi-AP-02,Access Point,2024-01-11 22:00:00,19.97,36.33,30.34,133.73,8.33,0.402,19.29
1,Core-Router-01,Router,2024-01-12 00:00:00,30.87,33.71,36.92,286.12,4.7,0.169,40.93
2,Core-Router-02,Router,2024-01-12 00:00:00,23.78,37.9,44.98,292.12,6.68,0.146,39.24
3,Dist-Switch-01,Switch,2024-01-12 00:00:00,19.37,26.32,26.65,163.03,4.77,0.072,28.62
4,Dist-Switch-02,Switch,2024-01-12 00:00:00,24.47,29.58,26.99,166.29,2.67,0.075,28.62
5,Edge-Firewall-01,Firewall,2024-01-12 00:00:00,41.06,38.77,50.63,518.77,7.0,0.334,49.9
6,App-Server-01,Server,2024-01-12 00:00:00,29.52,41.88,26.65,114.05,2.69,0.122,65.66
7,App-Server-02,Server,2024-01-12 00:00:00,33.62,45.26,25.65,72.87,3.43,0.086,65.57
8,DB-Server-01,Server,2024-01-12 00:00:00,40.56,41.14,26.34,91.96,3.41,0.168,64.56
9,WiFi-AP-01,Access Point,2024-01-12 00:00:00,12.37,22.53,28.39,71.21,10.42,0.379,21.08
10,WiFi-AP-02,Access Point,2024-01-12 00:00:00,8.34,27.65,32.43,109.08,10.37,0.336,21.58
1,Core-Router-01,Router,2024-01-12 02:00:00,35.44,31.05,60.97,306.53,4.87,0.212,40.27
2,Core-Router-02,Router,2024-01-12 02:00:00,41.12,32.52,31.5,299.27,4.59,0.129,38.94
3,Dist-Switch-01,Switch,2024-01-12 02:00:00,12.71,28.83,26.84,206.44,2.23,0.087,31.96
4,Dist-Switch-02,Switch,2024-01-12 02:00:00,17.26,26.02,35.18,195.14,1.81,0.128,30.34
5,Edge-Firewall-01,Firewall,2024-01-12 02:00:00,34.04,40.14,38.48,494.75,9.4,0.29,50.58
6,App-Server-01,Server,2024-01-12 02:00:00,36.34,44.15,28.41,135.48,2.67,0.084,66.03
7,App-Server-02,Server,2024-01-12 02:00:00,32.96,43.66,13.85,132.95,3.66,0.104,65.15
8,DB-Server-01,Server,2024-01-12 02:00:00,38.23,47.43,31.73,122.72,3.14,0.125,64.05
9,WiFi-AP-01,Access Point,2024-01-12 02:00:00,14.12,28.67,32.62,99.86,8.49,0.345,19.96
10,WiFi-AP-02,Access Point,2024-01-12 02:00:00,16.74,22.23,22.61,51.18,11.22,0.37,20.71
1,Core-Router-01,Router,2024-01-12 04:00:00,27.73,30.71,30.69,288.14,4.28,0.146,39.75
2,Core-Router-02,Router,2024-01-12 04:00:00,34.73,36.99,41.03,305.86,6.51,0.146,40.52
3,Dist-Switch-01,Switch,2024-01-12 04:00:00,19.17,29.85,34.01,175.45,1.47,0.092,31.27
4,Dist-Switch-02,Switch,2024-01-12 04:00:00,16.92,22.98,29.79,197.42,3.81,0.118,30.12
5,Edge-Firewall-01,Firewall,2024-01-12 04:00:00,32.35,44.14,42.98,475.05,8.56,0.285,49.33
6,App-Server-01,Server,2024-01-12 04:00:00,33.42,48.36,26.58,125.46,2.75,0.081,65.83
7,App-Server-02,Server,2024-01-12 04:00:00,38.16,43.5,29.0,123.76,2.02,0.1,63.57
8,DB-Server-01,Server,2024-01-12 04:00:00,45.1,45.74,47.99,117.66,2.36,0.15,64.13
9,WiFi-AP-01,Access Point,2024-01-12 04:00:00,15.87,24.33,31.88,90.39,8.24,0.36,19.58
10,WiFi-AP-02,Access Point,2024-01-12 04:00:00,15.73,28.96,19.05,76.47,9.45,0.366,21.29
1,Core-Router-01,Router,2024-01-12 06:00:00,36.3,46.46,46.19,415.6,5.78,0.173,41.33
2,Core-Router-02,Router,2024-01-12 06:00:00,37.2,48.35,48.31,418.62,4.96,0.142,40.81
3,Dist-Switch-01,Switch,2024-01-12 06:00:00,26.81,33.24,48.27,209.41,1.32,0.068,30.96
4,Dist-Switch-02,Switch,2024-01-12 06:00:00,30.96,31.42,38.56,204.06,2.03,0.079,32.14
5,Edge-Firewall-01,Firewall,2024-01-12 06:00:00,45.69,56.56,60.46,648.9,6.59,0.305,49.06
6,App-Server-01,Server,2024-01-12 06:00:00,54.5,57.05,38.86,154.8,3.27,0.088,65.5
7,App-Server-02,Server,2024-01-12 06:00:00,47.59,58.72,28.25,140.21,4.24,0.11,65.62
8,DB-Server-01,Server,2024-01-12 06:00:00,55.98,56.74,39.49,167.91,1.98,0.17,66.54
9,WiFi-AP-01,Access Point,2024-01-12 06:00:00,20.07,35.06,34.97,139.88,7.61,0.411,21.53
10,WiFi-AP-02,Access Point,2024-01-12 06:00:00,19.55,33.5,30.26,160.26,11.19,0.369,20.15
1,Core-Router-01,Router,2024-01-12 08:00:00,54.98,68.11,72.58,608.56,4.08,0.196,39.36
2,Core-Router-02,Router,2024-01-12 08:00:00,52.63,62.69,67.06,581.31,6.23,0.229,39.95
3,Dist-Switch-01,Switch,2024-01-12 08:00:00,37.19,49.46,52.52,359.45,0.71,0.084,30.88
4,Dist-Switch-02,Switch,2024-01-12 08:00:00,31.61,53.21,53.67,367.25,1.87,0.099,31.3
5,Edge-Firewall-01,Firewall,2024-01-12 08:00:00,59.65,67.31,80.92,905.65,8.56,0.331,50.12
6,App-Server-01,Server,2024-01-12 08:00:00,75.85,74.7,48.88,214.56,2.66,0.104,64.75
7,App-Server-02,Server,2024-01-12 08:00:00,88.26,83.29,47.56,228.12,2.01,0.111,67.71
8,DB-Server-01,Server,2024-01-12 08:00:00,66.29,77.99,42.4,216.26,0.5,0.103,64.7
9,WiFi-AP-01,Access Point,2024-01-12 08:00:00,21.82,47.47,45.45,162.76,11.47,0.436,19.02
10,WiFi-AP-02,Access Point,2024-01-12 08:00:00,29.33,48.66,42.99,177.69,10.58,0.491,21.35
1,Core-Router-01,Router,2024-01-12 10:00:00,67.08,76.77,91.03,729.14,5.1,0.19,39.58
2,Core-Router-02,Router,2024-01-12 10:00:00,63.43,79.41,83.15,662.46,6.27,0.173,40.17
3,Dist-Switch-01,Switch,2024-01-12 10:00:00,45.81,68.15,56.63,432.53,0.57,0.098,30.68
4,Dist-Switch-02,Switch,2024-01-12 10:00:00,44.93,62.08,61.27,414.84,2.41,0.123,29.38
5,Edge-Firewall-01,Firewall,2024-01-12 10:00:00,81.81,89.89,99.0,1120.05,8.18,0.408,49.32
6,App-Server-01,Server,2024-01-12 10:00:00,82.05,99.0,68.52,265.3,5.04,0.191,65.45
7,App-Server-02,Server,2024-01-12 10:00:00,83.58,96.82,56.17,254.43,2.92,0.167,64.94
8,DB-Server-01,Server,2024-01-12 10:00:00,83.81,93.79,58.38,287.85,3.06,0.103,65.26
9,WiFi-AP-01,Access Point,2024-01-12 10:00:00,37.33,56.43,65.15,216.22,11.12,0.446,20.74
10,WiFi-AP-02,Access Point,2024-01-12 10:00:00,41.39,57.77,70.1,224.06,8.16,0.489,20.69
1,Core-Router-01,Router,2024-01-12 12:00:00,67.22,83.26,88.18,753.76,4.41,0.231,40.44
2,Core-Router-02,Router,2024-01-12 12:00:00,65.9,79.64,91.25,752.96,5.39,0.217,38.95
3,Dist-Switch-01,Switch,2024-01-12 12:00:00,47.46,71.88,69.79,481.32,2.28,0.074,30.15
4,Dist-Switch-02,Switch,2024-01-12 12:00:00,56.23,70.39,71.04,433.94,2.99,0.164,29.03
5,Edge-Firewall-01,Firewall,2024-01-12 12:00:00,82.34,98.28,99.0,1192.71,10.53,0.376,50.32
6,App-Server-01,Server,2024-01-12 12:00:00,86.72,99.0,63.01,323.76,1.51,0.106,66.0
7,App-Server-02,Server,2024-01-12 12:00:00,92.25,99.0,62.65,283.51,4.56,0.146,64.21
8,DB-Server-01,Server,2024-01-12 12:00:00,85.61,99.0,63.33,273.99,2.67,0.116,65.48
9,WiFi-AP-01,Access Point,2024-01-12 12:00:00,38.5,56.74,70.4,212.5,9.68,0.427,20.65
10,WiFi-AP-02,Access Point,2024-01-12 12:00:00,37.56,57.69,65.93,224.81,8.62,0.436,20.94
1,Core-Router-01,Router,2024-01-12 14:00:00,62.32,85.88,96.25,724.32,6.36,0.169,40.97
2,Core-Router-02,Router,2024-01-12 14:00:00,65.44,85.18,91.94,732.94,3.83,0.238,40.74
3,Dist-Switch-01,Switch,2024-01-12 14:00:00,47.24,69.38,74.33,426.39,1.32,0.131,30.07
4,Dist-Switch-02,Switch,2024-01-12 14:00:00,45.53,64.2,76.6,440.38,3.05,0.111,30.05
5,Edge-Firewall-01,Firewall,2024-01-12 14:00:00,81.91,95.75,97.79,1181.6,8.2,0.38,50.7
6,App-Server-01,Server,2024-01-12 14:00:00,88.7,99.0,86.17,313.75,1.23,0.29,65.83
7,App-Server-02,Server,2024-01-12 14:00:00,84.21,99.0,58.43,331.44,3.4,0.1,66.39
8,DB-Server-01,Server,2024-01-12 14:00:00,91.38,99.0,65.29,277.49,3.32,0.173,65.75
9,WiFi-AP-01,Access Point,2024-01-12 14:00:00,38.23,64.97,59.6,212.75,10.82,0.431,20.73
10,WiFi-AP-02,Access Point,2024-01-12 14:00:00,54.59,58.17,73.65,223.74,10.38,0.407,19.37
1,Core-Router-01,Router,2024-01-12 16:00:00,67.31,79.21,96.3,686.09,5.82,0.233,40.71
2,Core-Router-02,Router,2024-01-12 16:00:00,67.48,71.49,83.74,695.14,4.3,0.187,41.67
3,Dist-Switch-01,Switch,2024-01-12 16:00:00,41.85,64.19,71.21,423.88,0.91,0.126,30.85
4,Dist-Switch-02,Switch,2024-01-12 16:00:00,43.96,61.16,68.34,420.32,0.5,0.156,29.95
5,Edge-Firewall-01,Firewall,2024-01-12 16:00:00,79.79,89.87,93.8,1113.96,7.54,0.377,52.72
6,App-Server-01,Server,2024-01-12 16:00:00,88.99,99.0,62.36,262.59,1.78,0.15,66.88
7,App-Server-02,Server,2024-01-12 16:00:00,82.58,95.14,54.36,277.79,3.27,0.104,64.72
8,DB-Server-01,Server,2024-01-12 16:00:00,87.51,96.98,55.73,296.3,2.36,0.122,66.14
9,WiFi-AP-01,Access Point,2024-01-12 16:00:00,31.89,55.36,66.36,253.0,10.61,0.419,21.08
10,WiFi-AP-02,Access Point,2024-01-12 16:00:00,31.03,56.86,63.43,218.35,10.12,0.412,20.24
1,Core-Router-01,Router,2024-01-12 18:00:00,51.1,58.48,66.22,592.94,5.32,0.152,42.45
2,Core-Router-02,Router,2024-01-12 18:00:00,45.42,58.84,76.38,566.04,4.76,0.205,41.0
3,Dist-Switch-01,Switch,2024-01-12 18:00:00,63.32,47.58,55.81,332.36,2.26,0.124,31.8
4,Dist-Switch-02,Switch,2024-01-12 18:00:00,37.57,78.6,55.43,336.35,1.22,0.091,30.28
5,Edge-Firewall-01,Firewall,2024-01-12 18:00:00,68.62,97.76,83.79,911.6,6.88,0.339,51.52
6,App-Server-01,Server,2024-01-12 18:00:00,62.78,99.5,56.82,247.29,4.41,0.092,66.52
7,App-Server-02,Server,2024-01-12 18:00:00,64.94,81.51,48.48,231.85,4.32,0.109,65.36
8,DB-Server-01,Server,2024-01-12 18:00:00,68.2,76.03,46.34,191.67,4.05,0.086,65.03
9,WiFi-AP-01,Access Point,2024-01-12 18:00:00,24.92,44.51,54.3,180.49,9.29,0.417,21.21
10,WiFi-AP-02,Access Point,2024-01-12 18:00:00,25.37,45.39,51.48,175.78,10.86,0.439,18.64
1,Core-Router-01,Router,2024-01-12 20:00:00,48.59,67.57,77.93,601.75,4.81,0.238,38.21
2,Core-Router-02,Router,2024-01-12 20:00:00,48.41,61.57,74.32,582.48,5.23,0.193,39.59
3,Dist-Switch-01,Switch,2024-01-12 20:00:00,34.92,52.95,58.47,318.38,2.65,0.089,29.48
4,Dist-Switch-02,Switch,2024-01-12 20:00:00,30.77,52.93,55.34,370.86,2.5,0.09,30.54
5,Edge-Firewall-01,Firewall,2024-01-12 20:00:00,62.42,87.03,74.55,918.23,8.85,0.355,52.07
6,App-Server-01,Server,2024-01-12 20:00:00,65.65,84.14,40.71,205.8,1.24,0.105,65.05
7,App-Server-02,Server,2024-01-12 20:00:00,69.92,79.85,39.25,218.2,2.63,0.174,64.57
8,DB-Server-01,Server,2024-01-12 20:00:00,64.73,83.42,46.17,239.29,1.5,0.142,66.85
9,WiFi-AP-01,Access Point,2024-01-12 20:00:00,20.26,43.09,53.34,182.43,9.32,0.376,19.95
10,WiFi-AP-02,Access Point,2024-01-12 20:00:00,28.7,48.8,47.01,189.55,9.22,0.428,21.37
1,Core-Router-01,Router,2024-01-12 22:00:00,40.68,47.76,42.74,401.68,5.82,0.143,39.48
2,Core-Router-02,Router,2024-01-12 22:00:00,38.82,43.07,58.29,441.9,5.6,0.207,40.61
3,Dist-Switch-01,Switch,2024-01-12 22:00:00,27.72,41.42,42.33,241.5,0.5,0.068,31.37
4,Dist-Switch-02,Switch,2024-01-12 22:00:00,28.44,38.5,38.39,207.06,1.5,0.079,30.24
5,Edge-Firewall-01,Firewall,2024-01-12 22:00:00,47.68,59.39,58.16,653.27,7.74,0.302,49.72
6,App-Server-01,Server,2024-01-12 22:00:00,49.8,58.89,33.93,173.55,3.43,0.163,66.19
7,App-Server-02,Server,2024-01-12 22:00:00,46.64,54.25,27.36,173.07,2.78,0.157,66.03
8,DB-Server-01,Server,2024-01-12 22:00:00,43.56,57.96,34.07,182.11,4.78,0.14,65.5
9,WiFi-AP-01,Access Point,2024-01-12 22:00:00,19.44,34.18,38.07,116.25,9.56,0.414,21.54
10,WiFi-AP-02,Access Point,2024-01-12 22:00:00,22.39,35.63,35.44,110.16,8.92,0.385,19.51
1,Core-Router-01,Router,2024-01-13 00:00:00,22.69,14.77,21.76,201.29,9.69,0.131,39.63
2,Core-Router-02,Router,2024-01-13 00:00:00,9.77,21.0,27.92,161.17,7.95,0.233,39.62
3,Dist-Switch-01,Switch,2024-01-13 00:00:00,9.74,20.09,20.36,108.07,3.24,0.084,32.01
4,Dist-Switch-02,Switch,2024-01-13 00:00:00,11.0,8.99,13.63,84.81,3.09,0.084,30.49
5,Edge-Firewall-01,Firewall,2024-01-13 00:00:00,34.02,26.03,20.31,309.2,13.87,0.241,50.32
6,App-Server-01,Server,2024-01-13 00:00:00,20.89,25.13,15.77,52.92,4.33,0.186,65.12
7,App-Server-02,Server,2024-01-13 00:00:00,23.19,18.97,12.2,65.44,5.93,0.198,65.77
8,DB-Server-01,Server,2024-01-13 00:00:00,15.8,24.77,8.41,50.87,5.18,0.111,65.12
9,WiFi-AP-01,Access Point,2024-01-13 00:00:00,5.0,8.1,20.39,25.06,18.0,0.349,19.99
10,WiFi-AP-02,Access Point,2024-01-13 00:00:00,5.2,14.27,20.89,27.6,18.03,0.402,20.21
1,Core-Router-01,Router,2024-01-13 02:00:00,15.43,16.13,18.11,141.79,9.17,0.168,39.5
2,Core-Router-02,Router,2024-01-13 02:00:00,12.8,20.2,26.45,140.09,8.92,0.127,40.5
3,Dist-Switch-01,Switch,2024-01-13 02:00:00,5.0,16.8,24.59,104.3,2.61,0.076,32.37
4,Dist-Switch-02,Switch,2024-01-13 02:00:00,13.84,17.22,18.78,88.75,3.44,0.061,31.15
5,Edge-Firewall-01,Firewall,2024-01-13 02:00:00,24.73,25.45,16.7,276.4,15.28,0.28,49.97
6,App-Server-01,Server,2024-01-13 02:00:00,32.05,19.96,8.18,72.65,7.57,0.108,65.33
7,App-Server-02,Server,2024-01-13 02:00:00,24.7,23.74,11.92,79.29,5.73,0.114,66.89
8,DB-Server-01,Server,2024-01-13 02:00:00,21.62,24.67,14.67,77.76,5.51,0.061,66.8
9,WiFi-AP-01,Access Point,2024-01-13 02:00:00,14.56,9.07,15.35,37.21,17.87,0.364,21.27
10,WiFi-AP-02,Access Point,2024-01-13 02:00:00,32.62,7.86,10.47,68.91,15.44,0.384,21.12
1,Core-Router-01,Router,2024-01-13 04:00:00,48.41,18.1,10.09,178.56,10.37,0.167,39.94
2,Core-Router-02,Router,2024-01-13 04:00:00,15.64,17.1,16.3,189.06,7.89,0.16,39.5
3,Dist-Switch-01,Switch,2024-01-13 04:00:00,5.0,15.73,22.8,98.27,2.13,0.094,32.29
4,Dist-Switch-02,Switch,2024-01-13 04:00:00,7.61,13.86,19.57,134.41,3.12,0.12,31.23
5,Edge-Firewall-01,Firewall,2024-01-13 04:00:00,21.89,22.11,21.0,291.81,15.07,0.282,50.65
6,App-Server-01,Server,2024-01-13 04:00:00,14.99,25.85,12.28,59.27,5.42,0.06,66.49
7,App-Server-02,Server,2024-01-13 04:00:00,22.76,23.32,17.41,75.99,5.03,0.068,65.45
8,DB-Server-01,Server,2024-01-13 04:00:00,22.42,22.69,11.64,107.36,6.39,0.099,66.17
9,WiFi-AP-01,Access Point,2024-01-13 04:00:00,8.97,14.77,15.98,74.78,18.53,0.33,21.64
10,WiFi-AP-02,Access Point,2024-01-13 04:00:00,9.43,13.96,16.87,49.11,18.19,0.358,19.85
1,Core-Router-01,Router,2024-01-13 06:00:00,16.4,20.75,22.79,223.11,9.19,0.13,38.24
2,Core-Router-02,Router,2024-01-13 06:00:00,26.69,28.19,29.42,264.75,8.11,0.221,39.63
3,Dist-Switch-01,Switch,2024-01-13 06:00:00,14.55,16.57,22.73,143.68,3.48,0.093,30.7
4,Dist-Switch-02,Switch,2024-01-13 06:00:00,11.51,18.69,26.71,122.89,4.55,0.117,28.93
5,Edge-Firewall-01,Firewall,2024-01-13 06:00:00,29.46,35.64,32.98,374.54,15.58,0.273,50.78
6,App-Server-01,Server,2024-01-13 06:00:00,21.94,32.14,20.62,100.96,6.52,0.1,65.07
7,App-Server-02,Server,2024-01-13 06:00:00,34.77,31.27,19.13,89.3,4.63,0.149,65.07
8,DB-Server-01,Server,2024-01-13 06:00:00,22.68,30.37,8.12,77.61,4.49,0.092,64.93
9,WiFi-AP-01,Access Point,2024-01-13 06:00:00,14.88,22.32,24.3,63.67,18.32,0.421,20.47
10,WiFi-AP-02,Access Point,2024-01-13 06:00:00,7.89,20.21,33.26,77.98,16.19,0.342,20.72
1,Core-Router-01,Router,2024-01-13 08:00:00,28.39,32.08,38.62,286.72,8.15,0.161,39.58
2,Core-Router-02,Router,2024-01-13 08:00:00,30.19,30.16,46.21,296.09,8.87,0.147,40.03
3,Dist-Switch-01,Switch,2024-01-13 08:00:00,19.27,29.77,35.96,202.77,3.46,0.067,32.95
4,Dist-Switch-02,Switch,2024-01-13 08:00:00,22.49,25.28,31.66,180.24,3.5,0.123,30.19
5,Edge-Firewall-01,Firewall,2024-01-13 08:00:00,41.52,42.24,31.16,522.85,15.64,0.301,51.32
6,App-Server-01,Server,2024-01-13 08:00:00,33.95,42.21,32.42,119.2,3.58,0.07,65.52
7,App-Server-02,Server,2024-01-13 08:00:00,42.18,43.66,22.82,145.53,5.58,0.109,66.75
8,DB-Server-01,Server,2024-01-13 08:00:00,38.16,43.63,25.82,103.22,4.93,0.069,65.41
9,WiFi-AP-01,Access Point,2024-01-13 08:00:00,20.67,25.58,32.32,93.66,19.24,0.382,20.61
10,WiFi-AP-02,Access Point,2024-01-13 08:00:00,15.53,22.06,30.58,92.67,17.68,0.402,19.35
1,Core-Router-01,Router,2024-01-13 10:00:00,33.36,45.92,48.31,388.51,9.34,0.142,39.08
2,Core-Router-02,Router,2024-01-13 10:00:00,33.66,47.69,43.44,383.1,8.55,0.138,40.02
3,Dist-Switch-01,Switch,2024-01-13 10:00:00,25.32,35.64,42.81,212.66,3.3,0.074,31.06
4,Dist-Switch-02,Switch,2024-01-13 10:00:00,47.52,37.8,44.88,213.9,3.15,0.087,33.23
5,Edge-Firewall-01,Firewall,2024-01-13 10:00:00,41.12,55.66,48.19,603.36,13.86,0.325,50.33
6,App-Server-01,Server,2024-01-13 10:00:00,43.9,52.07,36.95,180.26,6.4,0.098,65.69
7,App-Server-02,Server,2024-01-13 10:00:00,44.75,51.67,32.97,132.31,4.46,0.13,67.5
8,DB-Server-01,Server,2024-01-13 10:00:00,48.31,57.84,29.93,129.03,6.07,0.103,65.67
9,WiFi-AP-01,Access Point,2024-01-13 10:00:00,18.5,34.04,30.12,101.37,17.17,0.36,19.51
10,WiFi-AP-02,Access Point,2024-01-13 10:00:00,16.74,29.04,33.75,87.09,18.27,0.413,20.74
1,Core-Router-01,Router,2024-01-13 12:00:00,43.34,49.44,53.46,414.57,9.11,0.182,40.21
2,Core-Router-02,Router,2024-01-13 12:00:00,29.65,46.91,43.91,393.83,9.09,0.134,39.19
3,Dist-Switch-01,Switch,2024-01-13 12:00:00,25.45,40.07,35.67,273.29,2.08,0.169,30.19
4,Dist-Switch-02,Switch,2024-01-13 12:00:00,25.37,31.5,41.0,252.41,3.55,0.091,29.65
5,Edge-Firewall-01,Firewall,2024-01-13 12:00:00,49.96,53.79,65.53,650.39,14.11,0.341,48.98
6,App-Server-01,Server,2024-01-13 12:00:00,44.71,61.12,27.19,128.85,7.32,0.142,65.78
7,App-Server-02,Server,2024-01-13 12:00:00,49.85,76.06,31.71,174.2,5.81,0.12,65.21
8,DB-Server-01,Server,2024-01-13 12:00:00,52.42,55.76,25.99,139.27,3.99,0.127,64.09
9,WiFi-AP-01,Access Point,2024-01-13 12:00:00,21.75,32.25,36.66,151.19,17.74,0.396,20.64
10,WiFi-AP-02,Access Point,2024-01-13 12:00:00,20.05,39.95,29.97,149.7,18.84,0.384,22.23
1,Core-Router-01,Router,2024-01-13 14:00:00,29.78,43.87,43.53,421.31,7.98,0.151,40.41
2,Core-Router-02,Router,2024-01-13 14:00:00,35.26,46.6,48.23,391.3,11.89,0.16,38.38
3,Dist-Switch-01,Switch,2024-01-13 14:00:00,21.42,33.37,45.44,254.28,4.04,0.079,30.32
4,Dist-Switch-02,Switch,2024-01-13 14:00:00,23.3,36.93,45.48,254.57,4.14,0.087,31.48
5,Edge-Firewall-01,Firewall,2024-01-13 14:00:00,46.59,54.78,63.77,647.62,13.69,0.352,50.78
6,App-Server-01,Server,2024-01-13 14:00:00,42.15,59.22,32.5,187.92,4.78,0.081,66.72
7,App-Server-02,Server,2024-01-13 14:00:00,55.1,55.79,33.95,171.12,5.83,0.091,66.88
8,DB-Server-01,Server,2024-01-13 14:00:00,42.01,56.57,35.29,174.37,6.81,0.131,65.31
9,WiFi-AP-01,Access Point,2024-01-13 14:00:00,25.85,30.9,41.83,160.13,19.4,0.383,20.27
10,WiFi-AP-02,Access Point,2024-01-13 14:00:00,14.54,33.98,31.6,108.06,16.99,0.367,20.57
1,Core-Router-01,Router,2024-01-13 16:00:00,36.15,41.04,52.08,385.3,8.3,0.147,42.56
2,Core-Router-02,Router,2024-01-13 16:00:00,55.97,41.75,39.1,385.08,9.33,0.156,38.93
3,Dist-Switch-01,Switch,2024-01-13 16:00:00,19.97,39.42,46.12,215.95,4.31,0.119,32.0
4,Dist-Switch-02,Switch,2024-01-13 16:00:00,24.35,37.9,30.37,247.23,3.63,0.105,31.51
5,Edge-Firewall-01,Firewall,2024-01-13 16:00:00,43.1,48.83,58.42,621.95,13.67,0.332,49.12
6,App-Server-01,Server,2024-01-13 16:00:00,44.7,57.83,32.05,145.19,6.26,0.114,65.7
7,App-Server-02,Server,2024-01-13 16:00:00,46.02,56.86,23.27,138.78,3.82,0.086,66.81
8,DB-Server-01,Server,2024-01-13 16:00:00,70.12,52.99,35.52,177.16,5.37,0.107,64.52
9,WiFi-AP-01,Access Point,2024-01-13 16:00:00,43.12,37.6,37.66,75.15,17.62,0.406,20.18
10,WiFi-AP-02,Access Point,2024-01-13 16:00:00,24.56,32.92,31.52,117.49,17.29,0.383,20.05
1,Core-Router-01,Router,2024-01-13 18:00:00,32.74,40.62,30.23,273.11,8.85,0.209,40.65
2,Core-Router-02,Router,2024-01-13 18:00:00,54.78,38.76,38.4,307.71,7.11,0.132,40.67
3,Dist-Switch-01,Switch,2024-01-13 18:00:00,21.25,25.92,28.98,157.38,1.35,0.116,29.03
4,Dist-Switch-02,Switch,2024-01-13 18:00:00,20.04,26.49,28.47,167.26,0.5,0.135,29.6
5,Edge-Firewall-01,Firewall,2024-01-13 18:00:00,53.45,36.14,48.48,501.39,13.72,0.285,52.28
6,App-Server-01,Server,2024-01-13 18:00:00,37.1,43.08,48.23,86.74,5.29,0.085,66.7
7,App-Server-02,Server,2024-01-13 18:00:00,28.4,40.25,22.02,124.56,5.31,0.07,66.01
8,DB-Server-01,Server,2024-01-13 18:00:00,33.78,46.42,27.09,118.23,7.06,0.145,66.53
9,WiFi-AP-01,Access Point,2024-01-13 18:00:00,5.0,29.66,32.02,133.6,19.42,0.389,21.48
10,WiFi-AP-02,Access Point,2024-01-13 18:00:00,20.97,30.91,29.12,62.03,17.87,0.382,20.67
1,Core-Router-01,Router,2024-01-13 20:00:00,41.77,29.38,33.68,327.73,10.67,0.169,41.66
2,Core-Router-02,Router,2024-01-13 20:00:00,27.72,29.05,35.11,306.4,8.59,0.13,41.04
3,Dist-Switch-01,Switch,2024-01-13 20:00:00,22.11,27.21,21.64,177.29,3.68,0.122,30.03
4,Dist-Switch-02,Switch,2024-01-13 20:00:00,20.74,28.91,31.38,205.56,2.98,0.089,30.59
5,Edge-Firewall-01,Firewall,2024-01-13 20:00:00,31.71,42.03,40.05,503.05,14.45,0.274,50.14
6,App-Server-01,Server,2024-01-13 20:00:00,36.03,43.91,25.94,124.55,7.16,0.118,65.54
7,App-Server-02,Server,2024-01-13 20:00:00,31.09,44.74,19.35,119.06,5.08,0.08,65.05
8,DB-Server-01,Server,2024-01-13 20:00:00,35.01,47.93,26.35,113.41,5.2,0.15,65.36
9,WiFi-AP-01,Access Point,2024-01-13 20:00:00,12.82,22.87,25.3,81.58,16.9,0.395,19.77
10,WiFi-AP-02,Access Point,2024-01-13 20:00:00,17.95,23.78,27.01,118.87,19.48,0.368,19.97
1,Core-Router-01,Router,2024-01-13 22:00:00,16.94,27.0,26.17,218.87,8.28,0.155,40.92
2,Core-Router-02,Router,2024-01-13 22:00:00,15.13,27.91,24.52,223.61,7.75,0.116,40.27
3,Dist-Switch-01,Switch,2024-01-13 22:00:00,13.4,24.81,23.55,120.07,2.93,0.086,31.9
4,Dist-Switch-02,Switch,2024-01-13 22:00:00,14.72,22.46,25.71,164.34,1.69,0.091,31.58
5,Edge-Firewall-01,Firewall,2024-01-13 22:00:00,19.57,26.8,27.47,347.98,14.06,0.251,51.47
6,App-Server-01,Server,2024-01-13 22:00:00,31.52,29.21,13.9,116.96,6.1,0.07,66.07
7,App-Server-02,Server,2024-01-13 22:00:00,27.07,33.3,16.45,96.02,3.94,0.098,64.92
8,DB-Server-01,Server,2024-01-13 22:00:00,25.69,28.94,15.46,60.35,6.0,0.067,63.89
9,WiFi-AP-01,Access Point,2024-01-13 22:00:00,7.99,19.14,17.68,54.04,18.11,0.341,19.16
10,WiFi-AP-02,Access Point,2024-01-13 22:00:00,13.53,15.73,20.3,67.27,17.65,0.392,20.31
1,Core-Router-01,Router,2024-01-14 00:00:00,21.83,14.65,28.91,165.17,9.13,0.176,39.88
2,Core-Router-02,Router,2024-01-14 00:00:00,13.32,15.6,19.4,162.22,10.94,0.172,40.75
3,Dist-Switch-01,Switch,2024-01-14 00:00:00,11.21,12.12,20.47,94.25,1.14,0.089,29.53
4,Dist-Switch-02,Switch,2024-01-14 00:00:00,6.03,17.4,15.3,120.57,4.85,0.085,31.44
5,Edge-Firewall-01,Firewall,2024-01-14 00:00:00,15.72,28.85,20.39,293.1,15.39,0.247,49.98
6,App-Server-01,Server,2024-01-14 00:00:00,19.84,17.39,14.75,75.14,5.59,0.209,64.38
7,App-Server-02,Server,2024-01-14 00:00:00,17.45,24.73,15.08,64.74,6.09,0.11,66.26
8,DB-Server-01,Server,2024-01-14 00:00:00,22.34,24.98,12.72,104.76,5.95,0.11,65.9
9,WiFi-AP-01,Access Point,2024-01-14 00:00:00,11.53,11.86,20.78,58.75,15.84,0.35,20.24
10,WiFi-AP-02,Access Point,2024-01-14 00:00:00,29.71,16.46,16.31,84.41,18.0,0.363,21.45
1,Core-Router-01,Router,2024-01-14 02:00:00,14.94,21.08,17.47,161.91,7.78,0.127,40.98
2,Core-Router-02,Router,2024-01-14 02:00:00,20.05,21.11,19.02,146.8,9.52,0.176,41.41
3,Dist-Switch-01,Switch,2024-01-14 02:00:00,14.56,14.7,14.7,87.48,3.58,0.061,30.86
4,Dist-Switch-02,Switch,2024-01-14 02:00:00,9.7,14.93,13.15,121.05,3.71,0.064,29.9
5,Edge-Firewall-01,Firewall,2024-01-14 02:00:00,13.41,26.07,26.62,240.1,15.31,0.273,50.77
6,App-Server-01,Server,2024-01-14 02:00:00,26.84,24.5,6.54,75.45,5.7,0.094,66.22
7,App-Server-02,Server,2024-01-14 02:00:00,13.77,26.82,9.24,48.45,5.34,0.079,65.81
8,DB-Server-01,Server,2024-01-14 02:00:00,17.47,22.33,7.96,63.65,6.53,0.059,66.51
9,WiFi-AP-01,Access Point,2024-01-14 02:00:00,14.34,11.86,14.4,94.53,19.63,0.427,21.04
10,WiFi-AP-02,Access Point,2024-01-14 02:00:00,8.52,16.11,11.61,34.32,17.51,0.354,21.47
1,Core-Router-01,Router,2024-01-14 04:00:00,10.61,16.87,11.5,190.5,10.36,0.127,40.35
2,Core-Router-02,Router,2024-01-14 04:00:00,17.15,23.16,22.49,156.41,7.47,0.173,40.72
3,Dist-Switch-01,Switch,2024-01-14 04:00:00,7.6,15.92,14.27,81.05,2.46,0.132,31.54
4,Dist-Switch-02,Switch,2024-01-14 04:00:00,17.14,16.95,14.89,128.68,3.6,0.07,30.61
5,Edge-Firewall-01,Firewall,2024-01-14 04:00:00,6.95,26.96,26.31,279.18,14.48,0.222,50.05
6,App-Server-01,Server,2024-01-14 04:00:00,22.91,19.93,14.56,79.38,5.26,0.08,64.66
7,App-Server-02,Server,2024-01-14 04:00:00,16.58,24.56,17.02,30.65,5.98,0.085,65.46
8,DB-Server-01,Server,2024-01-14 04:00:00,15.09,21.3,18.46,68.8,5.07,0.063,66.14
9,WiFi-AP-01,Access Point,2024-01-14 04:00:00,10.28,13.4,20.8,70.52,18.6,0.334,21.31
10,WiFi-AP-02,Access Point,2024-01-14 04:00:00,9.78,16.81,19.83,30.74,17.1,0.364,21.63
1,Core-Router-01,Router,2024-01-14 06:00:00,14.14,26.17,29.07,250.4,9.27,0.181,39.69
2,Core-Router-02,Router,2024-01-14 06:00:00,15.72,23.37,26.34,203.84,10.56,0.182,42.0
3,Dist-Switch-01,Switch,2024-01-14 06:00:00,18.37,23.14,19.25,143.14,2.36,0.105,30.58
4,Dist-Switch-02,Switch,2024-01-14 06:00:00,11.99,16.77,10.33,115.52,4.75,0.076,30.48
5,Edge-Firewall-01,Firewall,2024-01-14 06:00:00,27.61,34.95,38.43,343.99,12.6,0.373,52.92
6,App-Server-01,Server,2024-01-14 06:00:00,28.01,27.99,22.99,88.7,5.34,0.109,65.98
7,App-Server-02,Server,2024-01-14 06:00:00,22.51,30.83,21.48,101.07,5.72,0.108,65.29
8,DB-Server-01,Server,2024-01-14 06:00:00,27.97,21.67,15.92,106.14,5.06,0.087,64.61
9,WiFi-AP-01,Access Point,2024-01-14 06:00:00,15.37,19.82,24.57,33.62,18.02,0.36,20.37
10,WiFi-AP-02,Access Point,2024-01-14 06:00:00,8.89,17.13,24.69,29.89,19.96,0.351,20.61
1,Core-Router-01,Router,2024-01-14 08:00:00,31.74,30.0,34.16,309.91,10.46,0.134,41.1
2,Core-Router-02,Router,2024-01-14 08:00:00,25.75,35.82,74.11,332.24,9.01,0.16,41.23
3,Dist-Switch-01,Switch,2024-01-14 08:00:00,20.77,31.45,36.76,184.86,4.28,0.08,29.73
4,Dist-Switch-02,Switch,2024-01-14 08:00:00,17.66,27.88,22.93,204.61,0.87,0.195,32.15
5,Edge-Firewall-01,Firewall,2024-01-14 08:00:00,33.31,40.63,45.24,487.95,14.74,0.274,50.56
6,App-Server-01,Server,2024-01-14 08:00:00,38.21,39.79,25.18,128.2,5.58,0.08,66.79
7,App-Server-02,Server,2024-01-14 08:00:00,36.07,44.41,59.28,123.34,5.67,0.073,66.89
8,DB-Server-01,Server,2024-01-14 08:00:00,36.45,47.58,24.47,107.74,6.13,0.083,66.27
9,WiFi-AP-01,Access Point,2024-01-14 08:00:00,5.0,25.0,25.81,72.43,17.63,0.343,20.6
10,WiFi-AP-02,Access Point,2024-01-14 08:00:00,10.15,25.94,34.94,99.32,18.99,0.385,21.89
1,Core-Router-01,Router,2024-01-14 10:00:00,42.62,41.45,43.26,406.08,9.8,0.181,42.54
2,Core-Router-02,Router,2024-01-14 10:00:00,35.18,44.22,41.95,433.12,8.75,0.151,40.3
3,Dist-Switch-01,Switch,2024-01-14 10:00:00,20.85,32.95,36.42,206.93,2.85,0.158,31.39
4,Dist-Switch-02,Switch,2024-01-14 10:00:00,27.13,38.67,48.21,198.82,2.41,0.104,30.18
5,Edge-Firewall-01,Firewall,2024-01-14 10:00:00,41.74,49.41,55.75,625.37,13.82,0.392,49.66
6,App-Server-01,Server,2024-01-14 10:00:00,44.65,53.92,25.58,146.35,4.32,0.079,64.58
7,App-Server-02,Server,2024-01-14 10:00:00,43.45,50.73,30.47,138.84,6.36,0.092,65.58
8,DB-Server-01,Server,2024-01-14 10:00:00,43.66,55.8,34.69,159.02,7.06,0.095,66.56
9,WiFi-AP-01,Access Point,2024-01-14 10:00:00,20.05,33.26,31.15,107.96,18.53,0.377,21.16
10,WiFi-AP-02,Access Point,2024-01-14 10:00:00,23.92,26.96,30.27,121.72,17.46,0.541,21.17
1,Core-Router-01,Router,2024-01-14 12:00:00,36.95,44.0,47.29,414.68,9.2,0.16,40.38
2,Core-Router-02,Router,2024-01-14 12:00:00,42.64,49.7,50.95,387.25,9.63,0.22,42.02
3,Dist-Switch-01,Switch,2024-01-14 12:00:00,27.78,41.53,41.67,261.01,2.96,0.079,31.98
4,Dist-Switch-02,Switch,2024-01-14 12:00:00,22.49,34.68,41.89,243.91,4.29,0.084,32.37
5,Edge-Firewall-01,Firewall,2024-01-14 12:00:00,40.39,57.59,54.15,626.6,14.78,0.294,49.54
6,App-Server-01,Server,2024-01-14 12:00:00,58.32,57.95,38.01,177.33,5.51,0.095,65.62
7,App-Server-02,Server,2024-01-14 12:00:00,43.97,53.71,32.11,162.42,6.31,0.11,66.26
8,DB-Server-01,Server,2024-01-14 12:00:00,48.57,53.83,35.19,176.13,3.07,0.116,64.96
9,WiFi-AP-01,Access Point,2024-01-14 12:00:00,21.18,48.73,37.08,120.01,18.02,0.399,20.01
10,WiFi-AP-02,Access Point,2024-01-14 12:00:00,16.38,34.27,40.12,108.81,19.7,0.365,22.18
1,Core-Router-01,Router,2024-01-14 14:00:00,34.7,64.76,51.7,419.05,9.13,0.167,40.62
2,Core-Router-02,Router,2024-01-14 14:00:00,35.22,44.64,71.53,417.76,9.7,0.147,40.31
3,Dist-Switch-01,Switch,2024-01-14 14:00:00,20.23,36.16,24.8,236.64,3.55,0.088,30.38
4,Dist-Switch-02,Switch,2024-01-14 14:00:00,26.24,30.73,41.12,214.86,2.43,0.072,31.93
5,Edge-Firewall-01,Firewall,2024-01-14 14:00:00,47.03,53.88,57.87,648.25,14.0,0.315,49.26
6,App-Server-01,Server,2024-01-14 14:00:00,52.06,56.81,37.25,184.85,3.78,0.105,64.79
7,App-Server-02,Server,2024-01-14 14:00:00,42.44,54.87,45.33,177.82,7.37,0.113,64.91
8,DB-Server-01,Server,2024-01-14 14:00:00,48.16,59.74,35.31,154.08,3.94,0.238,65.51
9,WiFi-AP-01,Access Point,2024-01-14 14:00:00,19.4,33.47,36.05,126.68,19.47,0.364,19.49
10,WiFi-AP-02,Access Point,2024-01-14 14:00:00,20.06,31.73,44.39,147.65,18.29,0.424,19.42
1,Core-Router-01,Router,2024-01-14 16:00:00,35.2,43.95,74.73,380.81,8.5,0.136,38.27
2,Core-Router-02,Router,2024-01-14 16:00:00,30.73,41.06,52.89,374.14,9.27,0.142,41.95
3,Dist-Switch-01,Switch,2024-01-14 16:00:00,28.48,34.96,36.66,220.97,3.4,0.086,31.2
4,Dist-Switch-02,Switch,2024-01-14 16:00:00,25.11,36.91,45.34,271.51,3.76,0.118,30.3
5,Edge-Firewall-01,Firewall,2024-01-14 16:00:00,47.69,53.94,59.7,626.54,13.88,0.365,50.61
6,App-Server-01,Server,2024-01-14 16:00:00,52.98,53.73,35.16,173.04,5.17,0.142,62.74
7,App-Server-02,Server,2024-01-14 16:00:00,41.96,51.91,27.13,162.89,5.74,0.091,66.25
8,DB-Server-01,Server,2024-01-14 16:00:00,43.05,51.0,33.21,143.56,3.88,0.12,67.05
9,WiFi-AP-01,Access Point,2024-01-14 16:00:00,25.75,31.79,38.27,144.52,17.54,0.433,20.93
10,WiFi-AP-02,Access Point,2024-01-14 16:00:00,23.18,31.79,41.62,121.59,16.7,0.442,19.7
1,Core-Router-01,Router,2024-01-14 18:00:00,33.12,34.09,43.36,335.03,9.52,0.159,41.07
2,Core-Router-02,Router,2024-01-14 18:00:00,20.05,34.71,31.9,315.75,7.95,0.179,42.25
3,Dist-Switch-01,Switch,2024-01-14 18:00:00,23.02,28.1,32.16,182.44,4.21,0.095,31.64
4,Dist-Switch-02,Switch,2024-01-14 18:00:00,17.73,26.85,31.34,175.58,3.97,0.086,31.12
5,Edge-Firewall-01,Firewall,2024-01-14 18:00:00,39.22,67.43,43.07,508.96,14.11,0.302,51.21
6,App-Server-01,Server,2024-01-14 18:00:00,41.81,41.91,20.27,118.78,4.49,0.099,64.49
7,App-Server-02,Server,2024-01-14 18:00:00,46.81,47.61,25.05,142.28,3.82,0.2,65.06
8,DB-Server-01,Server,2024-01-14 18:00:00,37.0,38.16,27.42,102.81,5.56,0.096,64.57
9,WiFi-AP-01,Access Point,2024-01-14 18:00:00,12.4,25.66,21.7,78.72,18.85,0.467,21.13
10,WiFi-AP-02,Access Point,2024-01-14 18:00:00,11.95,23.89,28.27,86.71,19.08,0.347,21.56
1,Core-Router-01,Router,2024-01-14 20:00:00,26.85,38.33,36.65,292.91,11.27,0.218,39.91
2,Core-Router-02,Router,2024-01-14 20:00:00,49.95,41.88,46.51,342.21,8.76,0.247,41.02
3,Dist-Switch-01,Switch,2024-01-14 20:00:00,22.65,28.65,30.99,182.36,3.43,0.092,31.02
4,Dist-Switch-02,Switch,2024-01-14 20:00:00,18.61,32.64,16.4,197.6,4.35,0.117,30.59
5,Edge-Firewall-01,Firewall,2024-01-14 20:00:00,35.19,43.56,51.18,493.72,14.81,0.354,48.53
6,App-Server-01,Server,2024-01-14 20:00:00,34.72,48.12,30.45,135.38,5.01,0.111,65.06
7,App-Server-02,Server,2024-01-14 20:00:00,43.67,41.84,25.49,109.86,6.3,0.099,65.55
8,DB-Server-01,Server,2024-01-14 20:00:00,30.75,38.89,25.02,98.43,7.56,0.168,64.85
9,WiFi-AP-01,Access Point,2024-01-14 20:00:00,15.68,23.89,22.59,74.54,17.19,0.361,22.6
10,WiFi-AP-02,Access Point,2024-01-14 20:00:00,15.93,28.54,30.64,115.98,15.38,0.363,21.96
1,Core-Router-01,Router,2024-01-14 22:00:00,18.16,30.27,34.68,217.77,8.59,0.169,40.02
2,Core-Router-02,Router,2024-01-14 22:00:00,15.51,26.27,19.98,239.22,9.72,0.199,42.2
3,Dist-Switch-01,Switch,2024-01-14 22:00:00,15.68,22.69,18.92,148.74,4.76,0.063,32.65
4,Dist-Switch-02,Switch,2024-01-14 22:00:00,13.81,23.87,24.18,148.0,1.97,0.075,29.92
5,Edge-Firewall-01,Firewall,2024-01-14 22:00:00,21.6,34.76,30.73,343.37,14.19,0.308,52.08
6,App-Server-01,Server,2024-01-14 22:00:00,24.48,33.39,24.95,80.86,5.99,0.114,68.1
7,App-Server-02,Server,2024-01-14 22:00:00,31.0,31.22,14.31,88.58,5.11,0.163,64.42
8,DB-Server-01,Server,2024-01-14 22:00:00,27.8,31.75,17.58,88.69,5.34,0.108,66.26
9,WiFi-AP-01,Access Point,2024-01-14 22:00:00,13.03,9.07,21.94,35.03,18.83,0.413,19.72
10,WiFi-AP-02,Access Point,2024-01-14 22:00:00,10.31,16.37,26.62,70.05,19.91,0.352,20.89
1,Core-Router-01,Router,2024-01-15 00:00:00,28.22,36.61,28.57,312.21,4.93,0.164,40.51
2,Core-Router-02,Router,2024-01-15 00:00:00,23.79,34.18,31.85,271.99,5.73,0.153,41.17
3,Dist-Switch-01,Switch,2024-01-15 00:00:00,23.84,25.95,23.89,184.9,1.65,0.104,30.62
4,Dist-Switch-02,Switch,2024-01-15 00:00:00,16.18,22.44,28.84,163.57,2.23,0.091,31.81
5,Edge-Firewall-01,Firewall,2024-01-15 00:00:00,40.57,42.4,35.71,526.9,9.58,0.282,52.02
6,App-Server-01,Server,2024-01-15 00:00:00,35.05,37.87,21.04,158.79,1.51,0.068,65.73
7,App-Server-02,Server,2024-01-15 00:00:00,35.21,42.14,25.2,112.96,1.58,0.078,66.77
8,DB-Server-01,Server,2024-01-15 00:00:00,40.74,41.04,18.58,118.52,4.57,0.103,66.4
9,WiFi-AP-01,Access Point,2024-01-15 00:00:00,19.08,26.1,28.55,106.4,9.45,0.428,21.42
10,WiFi-AP-02,Access Point,2024-01-15 00:00:00,20.48,21.49,32.05,126.77,10.0,0.402,20.82
1,Core-Router-01,Router,2024-01-15 02:00:00,25.74,32.3,39.43,278.43,3.56,0.127,40.68
2,Core-Router-02,Router,2024-01-15 02:00:00,29.32,39.78,37.78,322.46,4.02,0.168,40.17
3,Dist-Switch-01,Switch,2024-01-15 02:00:00,18.92,27.62,36.21,160.1,0.5,0.07,31.17
4,Dist-Switch-02,Switch,2024-01-15 02:00:00,19.24,31.64,33.24,175.02,0.5,0.071,31.73
5,Edge-Firewall-01,Firewall,2024-01-15 02:00:00,32.59,40.45,45.58,476.49,8.62,0.347,50.53
6,App-Server-01,Server,2024-01-15 02:00:00,32.74,43.27,30.92,130.94,3.45,0.15,65.51
7,App-Server-02,Server,2024-01-15 02:00:00,38.89,40.89,23.06,93.7,2.81,0.085,66.0
8,DB-Server-01,Server,2024-01-15 02:00:00,34.77,43.72,23.17,117.57,3.08,0.069,66.46
9,WiFi-AP-01,Access Point,2024-01-15 02:00:00,15.04,23.79,27.04,78.86,9.64,0.447,19.79
10,WiFi-AP-02,Access Point,2024-01-15 02:00:00,14.41,23.68,26.71,86.53,10.28,0.429,21.74
1,Core-Router-01,Router,2024-01-15 04:00:00,30.48,30.43,25.91,290.96,4.76,0.259,41.24
2,Core-Router-02,Router,2024-01-15 04:00:00,50.51,32.09,36.99,315.57,3.69,0.127,39.98
3,Dist-Switch-01,Switch,2024-01-15 04:00:00,14.21,28.72,34.92,203.12,2.57,0.082,31.41
4,Dist-Switch-02,Switch,2024-01-15 04:00:00,19.87,28.35,27.99,176.36,2.07,0.182,31.0
5,Edge-Firewall-01,Firewall,2024-01-15 04:00:00,31.71,37.87,41.01,540.35,7.6,0.309,50.32
6,App-Server-01,Server,2024-01-15 04:00:00,38.3,45.85,21.98,111.38,4.66,0.118,66.49
7,App-Server-02,Server,2024-01-15 04:00:00,40.41,44.85,34.93,125.08,3.58,0.143,64.88
8,DB-Server-01,Server,2024-01-15 04:00:00,32.46,47.29,12.08,116.15,0.5,0.108,65.21
9,WiFi-AP-01,Access Point,2024-01-15 04:00:00,21.06,26.03,23.78,114.47,10.02,0.365,19.5
10,WiFi-AP-02,Access Point,2024-01-15 04:00:00,11.56,22.36,28.18,94.71,11.54,0.354,17.99
1,Core-Router-01,Router,2024-01-15 06:00:00,38.31,41.19,44.85,397.76,4.34,0.207,40.9
2,Core-Router-02,Router,2024-01-15 06:00:00,57.44,46.61,60.86,387.41,4.72,0.258,40.4
3,Dist-Switch-01,Switch,2024-01-15 06:00:00,27.41,39.42,41.79,266.19,4.55,0.149,30.18
4,Dist-Switch-02,Switch,2024-01-15 06:00:00,19.04,36.04,36.67,257.43,0.82,0.063,31.54
5,Edge-Firewall-01,Firewall,2024-01-15 06:00:00,45.14,50.98,63.83,624.82,7.67,0.292,50.72
6,App-Server-01,Server,2024-01-15 06:00:00,50.4,59.79,32.94,158.24,2.59,0.106,66.49
7,App-Server-02,Server,2024-01-15 06:00:00,47.09,60.5,33.21,155.17,3.62,0.11,66.34
8,DB-Server-01,Server,2024-01-15 06:00:00,50.53,56.17,35.76,176.53,4.16,0.124,66.19
9,WiFi-AP-01,Access Point,2024-01-15 06:00:00,16.19,40.47,30.24,143.19,10.43,0.407,20.58
10,WiFi-AP-02,Access Point,2024-01-15 06:00:00,20.38,37.04,33.69,118.96,7.66,0.448,19.63
1,Core-Router-01,Router,2024-01-15 08:00:00,52.54,62.31,67.82,585.45,6.67,0.165,41.36
2,Core-Router-02,Router,2024-01-15 08:00:00,52.55,65.67,66.0,590.76,6.11,0.207,40.04
3,Dist-Switch-01,Switch,2024-01-15 08:00:00,33.48,51.95,50.07,373.45,1.99,0.081,30.12
4,Dist-Switch-02,Switch,2024-01-15 08:00:00,28.85,49.42,58.02,355.02,2.16,0.082,30.36
5,Edge-Firewall-01,Firewall,2024-01-15 08:00:00,64.6,78.45,83.22,926.99,8.29,0.404,49.66
6,App-Server-01,Server,2024-01-15 08:00:00,70.13,79.66,47.74,261.23,3.73,0.148,65.79
7,App-Server-02,Server,2024-01-15 08:00:00,65.08,79.52,41.52,258.87,3.79,0.109,66.94
8,DB-Server-01,Server,2024-01-15 08:00:00,60.23,81.46,38.99,227.55,2.69,0.113,65.93
9,WiFi-AP-01,Access Point,2024-01-15 08:00:00,33.84,43.73,54.78,174.02,8.36,0.447,20.55
10,WiFi-AP-02,Access Point,2024-01-15 08:00:00,32.91,46.93,45.39,167.97,12.02,0.404,20.37
1,Core-Router-01,Router,2024-01-15 10:00:00,66.01,80.56,83.11,721.61,4.67,0.202,40.87
2,Core-Router-02,Router,2024-01-15 10:00:00,65.97,75.99,81.28,730.47,4.92,0.18,40.39
3,Dist-Switch-01,Switch,2024-01-15 10:00:00,46.29,62.22,70.48,442.66,3.17,0.099,32.66
4,Dist-Switch-02,Switch,2024-01-15 10:00:00,43.95,60.91,73.0,419.28,2.43,0.074,30.77
5,Edge-Firewall-01,Firewall,2024-01-15 10:00:00,74.63,95.47,93.84,1116.32,8.37,0.429,50.35
6,App-Server-01,Server,2024-01-15 10:00:00,88.19,99.0,61.0,278.4,1.91,0.204,65.44
7,App-Server-02,Server,2024-01-15 10:00:00,90.1,96.25,60.43,265.62,3.11,0.13,65.04
8,DB-Server-01,Server,2024-01-15 10:00:00,99.5,98.37,60.45,289.33,3.06,0.171,66.36
9,WiFi-AP-01,Access Point,2024-01-15 10:00:00,32.82,56.67,63.66,215.08,12.52,0.417,18.66
10,WiFi-AP-02,Access Point,2024-01-15 10:00:00,33.41,51.13,62.39,173.72,9.13,0.476,21.08
1,Core-Router-01,Router,2024-01-15 12:00:00,67.92,83.92,90.04,726.8,5.51,0.264,41.11
2,Core-Router-02,Router,2024-01-15 12:00:00,66.22,78.73,86.02,763.75,6.07,0.179,41.5
3,Dist-Switch-01,Switch,2024-01-15 12:00:00,48.11,69.44,72.18,456.29,1.15,0.075,31.03
4,Dist-Switch-02,Switch,2024-01-15 12:00:00,52.0,63.99,77.88,482.44,2.76,0.118,31.29
5,Edge-Firewall-01,Firewall,2024-01-15 12:00:00,88.21,94.85,98.73,1207.37,5.84,0.438,51.92
6,App-Server-01,Server,2024-01-15 12:00:00,88.83,99.0,60.01,302.92,3.13,0.122,65.53
7,App-Server-02,Server,2024-01-15 12:00:00,94.34,99.0,57.34,328.58,1.64,0.102,66.67
8,DB-Server-01,Server,2024-01-15 12:00:00,87.67,99.0,63.09,284.66,2.93,0.102,65.15
9,WiFi-AP-01,Access Point,2024-01-15 12:00:00,46.94,58.09,72.95,218.55,8.91,0.446,21.35
10,WiFi-AP-02,Access Point,2024-01-15 12:00:00,41.42,65.06,82.65,231.42,9.34,0.447,20.43
1,Core-Router-01,Router,2024-01-15 14:00:00,99.5,79.12,99.0,771.81,3.32,0.207,41.52
2,Core-Router-02,Router,2024-01-15 14:00:00,72.63,79.2,94.13,715.74,4.91,0.228,40.15
3,Dist-Switch-01,Switch,2024-01-15 14:00:00,39.25,68.36,72.45,465.4,1.11,0.108,28.68
4,Dist-Switch-02,Switch,2024-01-15 14:00:00,45.96,67.44,69.53,456.69,3.03,0.084,30.97
5,Edge-Firewall-01,Firewall,2024-01-15 14:00:00,84.11,94.5,99.0,1198.08,8.66,0.407,50.56
6,App-Server-01,Server,2024-01-15 14:00:00,92.99,99.0,53.29,295.23,2.39,0.12,64.4
7,App-Server-02,Server,2024-01-15 14:00:00,95.07,99.0,65.27,327.29,2.66,0.129,64.92
8,DB-Server-01,Server,2024-01-15 14:00:00,93.14,99.0,59.99,327.78,3.4,0.139,65.02
9,WiFi-AP-01,Access Point,2024-01-15 14:00:00,40.46,63.5,70.68,264.34,11.64,0.443,19.86
10,WiFi-AP-02,Access Point,2024-01-15 14:00:00,32.49,75.68,71.69,262.94,10.42,0.456,20.45
1,Core-Router-01,Router,2024-01-15 16:00:00,66.53,80.74,75.49,703.29,5.95,0.18,39.5
2,Core-Router-02,Router,2024-01-15 16:00:00,54.32,77.17,85.03,693.88,5.14,0.18,41.37
3,Dist-Switch-01,Switch,2024-01-15 16:00:00,33.27,60.1,69.63,438.38,2.49,0.09,30.32
4,Dist-Switch-02,Switch,2024-01-15 16:00:00,41.38,61.86,75.0,408.53,2.85,0.081,30.65
5,Edge-Firewall-01,Firewall,2024-01-15 16:00:00,75.65,88.44,96.38,1131.9,5.63,0.361,51.62
6,App-Server-01,Server,2024-01-15 16:00:00,87.66,98.13,57.16,273.5,3.15,0.171,66.67
7,App-Server-02,Server,2024-01-15 16:00:00,87.47,98.14,60.67,250.89,2.75,0.123,66.44
8,DB-Server-01,Server,2024-01-15 16:00:00,88.07,99.0,55.95,295.38,2.05,0.136,65.76
9,WiFi-AP-01,Access Point,2024-01-15 16:00:00,36.27,51.45,66.32,228.92,9.92,0.528,20.02
10,WiFi-AP-02,Access Point,2024-01-15 16:00:00,34.13,55.74,63.66,206.89,8.59,0.43,20.6
1,Core-Router-01,Router,2024-01-15 18:00:00,56.15,69.22,74.99,553.74,4.3,0.164,42.48
2,Core-Router-02,Router,2024-01-15 18:00:00,50.57,58.63,65.8,584.39,5.69,0.161,41.38
3,Dist-Switch-01,Switch,2024-01-15 18:00:00,25.06,51.54,61.23,324.89,1.16,0.156,32.29
4,Dist-Switch-02,Switch,2024-01-15 18:00:00,31.27,51.96,59.94,371.79,1.85,0.093,30.87
5,Edge-Firewall-01,Firewall,2024-01-15 18:00:00,67.75,73.49,74.92,879.98,6.78,0.379,50.38
6,App-Server-01,Server,2024-01-15 18:00:00,65.88,77.55,45.97,222.91,2.73,0.15,67.24
7,App-Server-02,Server,2024-01-15 18:00:00,61.87,80.68,41.66,222.73,3.31,0.092,65.93
8,DB-Server-01,Server,2024-01-15 18:00:00,71.0,80.58,42.31,215.12,1.56,0.128,67.66
9,WiFi-AP-01,Access Point,2024-01-15 18:00:00,25.29,41.96,52.83,168.57,9.8,0.446,21.25
10,WiFi-AP-02,Access Point,2024-01-15 18:00:00,26.34,44.27,48.72,188.27,9.69,0.469,20.65
1,Core-Router-01,Router,2024-01-15 20:00:00,45.08,69.17,63.48,566.01,5.26,0.16,40.41
2,Core-Router-02,Router,2024-01-15 20:00:00,52.92,67.2,72.15,598.82,3.95,0.169,40.86
3,Dist-Switch-01,Switch,2024-01-15 20:00:00,35.56,55.36,55.82,333.44,2.53,0.157,30.46
4,Dist-Switch-02,Switch,2024-01-15 20:00:00,33.62,48.47,62.21,320.31,1.86,0.081,32.05
5,Edge-Firewall-01,Firewall,2024-01-15 20:00:00,62.58,99.5,83.2,913.27,6.91,0.397,50.81
6,App-Server-01,Server,2024-01-15 20:00:00,66.14,82.45,49.27,224.01,1.84,0.109,64.68
7,App-Server-02,Server,2024-01-15 20:00:00,65.28,76.76,44.85,251.1,2.99,0.105,64.17
8,DB-Server-01,Server,2024-01-15 20:00:00,70.52,77.35,46.13,220.62,3.84,0.093,65.64
9,WiFi-AP-01,Access Point,2024-01-15 20:00:00,30.41,51.86,55.67,169.0,10.0,0.417,19.75
10,WiFi-AP-02,Access Point,2024-01-15 20:00:00,26.25,43.22,54.5,149.35,11.33,0.416,20.72
1,Core-Router-01,Router,2024-01-15 22:00:00,37.26,43.87,51.03,435.76,4.3,0.214,41.4
2,Core-Router-02,Router,2024-01-15 22:00:00,38.56,42.18,46.01,396.82,4.28,0.155,40.43
3,Dist-Switch-01,Switch,2024-01-15 22:00:00,22.24,34.99,40.26,251.75,1.68,0.119,31.21
4,Dist-Switch-02,Switch,2024-01-15 22:00:00,18.48,38.83,44.43,239.71,0.5,0.06,30.69
5,Edge-Firewall-01,Firewall,2024-01-15 22:00:00,41.05,49.47,57.52,657.74,7.58,0.286,49.6
6,App-Server-01,Server,2024-01-15 22:00:00,47.94,59.56,31.37,132.16,2.53,0.127,65.97
7,App-Server-02,Server,2024-01-15 22:00:00,50.96,52.98,36.92,143.36,4.56,0.078,64.45
8,DB-Server-01,Server,2024-01-15 22:00:00,45.11,59.0,47.0,163.67,4.61,0.108,65.76
9,WiFi-AP-01,Access Point,2024-01-15 22:00:00,26.38,33.93,29.23,134.31,8.84,0.449,19.88
10,WiFi-AP-02,Access Point,2024-01-15 22:00:00,32.58,37.52,33.28,124.6,10.75,0.437,21.14
1,Core-Router-01,Router,2024-01-16 00:00:00,33.02,33.87,35.52,304.31,5.86,0.151,41.04
2,Core-Router-02,Router,2024-01-16 00:00:00,31.19,28.08,56.02,315.62,6.67,0.208,42.31
3,Dist-Switch-01,Switch,2024-01-16 00:00:00,18.98,29.48,39.5,197.97,2.4,0.072,30.27
4,Dist-Switch-02,Switch,2024-01-16 00:00:00,18.56,25.87,30.9,140.03,2.43,0.065,30.41
5,Edge-Firewall-01,Firewall,2024-01-16 00:00:00,35.12,36.16,53.22,495.94,7.85,0.319,50.77
6,App-Server-01,Server,2024-01-16 00:00:00,42.9,46.68,29.17,135.43,2.64,0.144,65.55
7,App-Server-02,Server,2024-01-16 00:00:00,36.41,46.72,26.45,156.75,4.2,0.091,63.95
8,DB-Server-01,Server,2024-01-16 00:00:00,42.89,47.65,18.07,154.68,3.38,0.079,67.36
9,WiFi-AP-01,Access Point,2024-01-16 00:00:00,20.94,26.85,30.38,105.7,9.6,0.366,19.85
10,WiFi-AP-02,Access Point,2024-01-16 00:00:00,14.23,23.8,24.84,96.11,9.68,0.368,19.13
1,Core-Router-01,Router,2024-01-16 02:00:00,27.56,34.63,35.8,307.8,3.41,0.145,41.4
2,Core-Router-02,Router,2024-01-16 02:00:00,29.99,37.35,38.36,320.82,5.16,0.164,39.17
3,Dist-Switch-01,Switch,2024-01-16 02:00:00,15.1,32.77,18.82,183.95,3.17,0.062,30.34
4,Dist-Switch-02,Switch,2024-01-16 02:00:00,19.19,26.95,31.28,173.08,3.11,0.131,30.62
5,Edge-Firewall-01,Firewall,2024-01-16 02:00:00,28.69,38.89,42.66,508.11,6.99,0.296,51.26
6,App-Server-01,Server,2024-01-16 02:00:00,41.11,41.71,18.23,190.18,3.78,0.084,66.62
7,App-Server-02,Server,2024-01-16 02:00:00,36.85,46.18,48.0,126.33,2.89,0.141,67.69
8,DB-Server-01,Server,2024-01-16 02:00:00,51.28,39.49,23.84,105.27,2.95,0.101,66.75
9,WiFi-AP-01,Access Point,2024-01-16 02:00:00,18.82,23.98,28.26,101.53,8.24,0.385,19.29
10,WiFi-AP-02,Access Point,2024-01-16 02:00:00,23.72,23.69,27.09,77.98,9.37,0.485,21.69
1,Core-Router-01,Router,2024-01-16 04:00:00,21.82,38.75,43.32,305.63,5.31,0.123,42.72
2,Core-Router-02,Router,2024-01-16 04:00:00,24.83,34.68,52.91,282.59,7.19,0.184,40.97
3,Dist-Switch-01,Switch,2024-01-16 04:00:00,11.71,26.82,33.23,170.26,2.59,0.069,31.91
4,Dist-Switch-02,Switch,2024-01-16 04:00:00,24.12,26.25,50.04,190.42,2.62,0.063,30.94
5,Edge-Firewall-01,Firewall,2024-01-16 04:00:00,33.26,40.81,50.06,510.92,8.7,0.303,50.6
6,App-Server-01,Server,2024-01-16 04:00:00,38.63,40.32,31.24,68.84,2.91,0.126,64.39
7,App-Server-02,Server,2024-01-16 04:00:00,38.95,41.53,23.06,143.42,3.2,0.171,64.77
8,DB-Server-01,Server,2024-01-16 04:00:00,41.25,44.92,33.64,158.15,2.66,0.196,65.77
9,WiFi-AP-01,Access Point,2024-01-16 04:00:00,11.71,23.0,16.73,125.52,11.59,0.386,20.52
10,WiFi-AP-02,Access Point,2024-01-16 04:00:00,15.94,22.02,19.24,89.17,9.68,0.367,20.97
1,Core-Router-01,Router,2024-01-16 06:00:00,43.07,44.74,50.65,429.54,5.55,0.174,40.85
2,Core-Router-02,Router,2024-01-16 06:00:00,39.54,42.26,56.12,443.63,4.28,0.149,41.39
3,Dist-Switch-01,Switch,2024-01-16 06:00:00,22.72,38.79,42.32,219.64,2.46,0.116,31.69
4,Dist-Switch-02,Switch,2024-01-16 06:00:00,22.22,36.87,48.36,258.93,0.92,0.112,30.15
5,Edge-Firewall-01,Firewall,2024-01-16 06:00:00,47.23,55.02,53.88,640.66,8.28,0.304,52.91
6,App-Server-01,Server,2024-01-16 06:00:00,49.95,63.54,27.35,134.54,1.88,0.134,67.51
7,App-Server-02,Server,2024-01-16 06:00:00,46.67,56.72,27.36,129.77,3.72,0.084,65.76
8,DB-Server-01,Server,2024-01-16 06:00:00,44.2,63.02,30.68,176.67,1.55,0.082,66.04
9,WiFi-AP-01,Access Point,2024-01-16 06:00:00,22.06,33.66,39.82,101.89,10.2,0.372,20.98
10,WiFi-AP-02,Access Point,2024-01-16 06:00:00,21.04,29.38,30.76,80.21,10.82,0.405,21.59
1,Core-Router-01,Router,2024-01-16 08:00:00,52.58,56.37,63.34,574.03,5.14,0.164,41.12
2,Core-Router-02,Router,2024-01-16 08:00:00,51.4,63.13,65.28,590.27,4.57,0.218,39.98
3,Dist-Switch-01,Switch,2024-01-16 08:00:00,32.84,54.34,56.85,338.65,0.75,0.106,30.1
4,Dist-Switch-02,Switch,2024-01-16 08:00:00,33.84,55.8,59.61,309.81,0.5,0.07,29.54
5,Edge-Firewall-01,Firewall,2024-01-16 08:00:00,65.36,74.31,80.71,898.87,9.74,0.473,50.47
6,App-Server-01,Server,2024-01-16 08:00:00,69.89,80.18,44.35,211.61,1.92,0.142,66.16
7,App-Server-02,Server,2024-01-16 08:00:00,66.4,72.15,47.87,227.48,4.35,0.102,64.27
8,DB-Server-01,Server,2024-01-16 08:00:00,59.56,77.73,42.52,247.11,2.99,0.136,64.43
9,WiFi-AP-01,Access Point,2024-01-16 08:00:00,32.39,47.81,41.27,197.64,10.09,0.417,19.89
10,WiFi-AP-02,Access Point,2024-01-16 08:00:00,33.63,42.09,55.52,187.6,9.03,0.5,20.98
1,Core-Router-01,Router,2024-01-16 10:00:00,66.81,73.88,96.18,688.79,6.02,0.217,40.13
2,Core-Router-02,Router,2024-01-16 10:00:00,67.35,81.54,79.24,735.09,6.04,0.214,42.35
3,Dist-Switch-01,Switch,2024-01-16 10:00:00,36.97,62.32,73.72,410.9,2.26,0.081,30.56
4,Dist-Switch-02,Switch,2024-01-16 10:00:00,46.13,63.51,99.5,450.9,2.79,0.112,29.6
5,Edge-Firewall-01,Firewall,2024-01-16 10:00:00,80.56,90.09,93.45,1139.82,7.1,0.401,51.56
6,App-Server-01,Server,2024-01-16 10:00:00,77.98,97.37,49.76,276.06,3.46,0.101,65.16
7,App-Server-02,Server,2024-01-16 10:00:00,90.79,92.94,63.25,274.43,2.92,0.122,67.29
8,DB-Server-01,Server,2024-01-16 10:00:00,80.67,99.0,85.68,253.09,2.08,0.098,64.86
9,WiFi-AP-01,Access Point,2024-01-16 10:00:00,32.4,56.01,67.44,207.13,11.08,0.447,19.5
10,WiFi-AP-02,Access Point,2024-01-16 10:00:00,43.37,55.09,57.64,179.14,11.08,0.447,20.5
1,Core-Router-01,Router,2024-01-16 12:00:00,67.45,86.25,89.88,803.39,5.13,0.221,41.56
2,Core-Router-02,Router,2024-01-16 12:00:00,67.94,81.46,92.44,766.71,4.43,0.176,41.99
3,Dist-Switch-01,Switch,2024-01-16 12:00:00,53.67,70.65,84.96,441.32,2.7,0.144,29.85
4,Dist-Switch-02,Switch,2024-01-16 12:00:00,43.45,73.3,70.78,427.08,3.53,0.132,31.18
5,Edge-Firewall-01,Firewall,2024-01-16 12:00:00,83.03,97.03,99.0,1242.01,8.24,0.474,49.85
6,App-Server-01,Server,2024-01-16 12:00:00,90.7,99.0,76.48,299.54,3.42,0.122,67.92
7,App-Server-02,Server,2024-01-16 12:00:00,92.64,99.0,60.85,336.17,5.4,0.123,64.76
8,DB-Server-01,Server,2024-01-16 12:00:00,88.59,99.0,62.8,316.57,3.46,0.095,65.11
9,WiFi-AP-01,Access Point,2024-01-16 12:00:00,39.43,66.09,73.19,237.65,11.03,0.437,20.24
10,WiFi-AP-02,Access Point,2024-01-16 12:00:00,34.83,60.14,65.98,251.12,9.52,0.445,22.69
1,Core-Router-01,Router,2024-01-16 14:00:00,66.28,83.68,93.04,733.78,6.24,0.198,42.31
2,Core-Router-02,Router,2024-01-16 14:00:00,65.37,83.51,90.98,761.79,3.55,0.171,39.32
3,Dist-Switch-01,Switch,2024-01-16 14:00:00,46.82,61.7,66.39,470.28,1.45,0.123,32.02
4,Dist-Switch-02,Switch,2024-01-16 14:00:00,46.7,70.7,74.82,507.5,1.4,0.161,30.69
5,Edge-Firewall-01,Firewall,2024-01-16 14:00:00,76.6,99.0,99.0,1189.39,7.08,0.354,51.1
6,App-Server-01,Server,2024-01-16 14:00:00,80.9,99.0,58.05,275.97,3.94,0.092,66.97
7,App-Server-02,Server,2024-01-16 14:00:00,92.53,99.0,59.76,312.26,2.59,0.139,66.36
8,DB-Server-01,Server,2024-01-16 14:00:00,90.2,99.0,65.97,300.33,3.02,0.125,66.18
9,WiFi-AP-01,Access Point,2024-01-16 14:00:00,39.22,63.22,65.19,217.8,10.79,0.43,19.84
10,WiFi-AP-02,Access Point,2024-01-16 14:00:00,43.05,55.43,72.01,201.65,11.89,0.506,21.9
1,Core-Router-01,Router,2024-01-16 16:00:00,63.87,77.36,86.52,725.92,4.1,0.205,41.4
2,Core-Router-02,Router,2024-01-16 16:00:00,57.37,76.71,99.0,693.92,6.15,0.187,41.26
3,Dist-Switch-01,Switch,2024-01-16 16:00:00,45.41,67.58,70.33,467.75,1.41,0.084,31.0
4,Dist-Switch-02,Switch,2024-01-16 16:00:00,38.31,63.34,72.14,419.33,4.44,0.111,31.93
5,Edge-Firewall-01,Firewall,2024-01-16 16:00:00,81.89,92.68,95.53,1125.88,7.48,0.453,49.75
6,App-Server-01,Server,2024-01-16 16:00:00,79.66,99.0,60.15,301.03,3.59,0.098,67.21
7,App-Server-02,Server,2024-01-16 16:00:00,83.15,99.0,60.8,258.89,6.1,0.093,65.89
8,DB-Server-01,Server,2024-01-16 16:00:00,90.62,99.0,57.25,287.92,1.5,0.123,66.27
9,WiFi-AP-01,Access Point,2024-01-16 16:00:00,37.44,60.73,63.59,186.24,11.06,0.484,21.65
10,WiFi-AP-02,Access Point,2024-01-16 16:00:00,35.01,60.2,81.34,216.29,8.69,0.434,21.38
1,Core-Router-01,Router,2024-01-16 18:00:00,44.94,63.28,70.38,601.33,6.31,0.188,38.59
2,Core-Router-02,Router,2024-01-16 18:00:00,55.04,64.89,69.75,536.02,4.22,0.213,38.73
3,Dist-Switch-01,Switch,2024-01-16 18:00:00,34.23,48.96,70.19,339.0,3.29,0.146,30.22
4,Dist-Switch-02,Switch,2024-01-16 18:00:00,34.63,48.63,54.95,338.02,1.77,0.16,31.13
5,Edge-Firewall-01,Firewall,2024-01-16 18:00:00,64.69,75.8,82.95,911.34,7.68,0.338,51.91
6,App-Server-01,Server,2024-01-16 18:00:00,72.98,79.17,49.49,224.36,3.03,0.11,65.57
7,App-Server-02,Server,2024-01-16 18:00:00,73.84,80.16,46.33,199.31,2.69,0.099,64.92
8,DB-Server-01,Server,2024-01-16 18:00:00,68.56,78.6,46.05,230.68,2.04,0.104,65.83
9,WiFi-AP-01,Access Point,2024-01-16 18:00:00,33.27,46.42,48.05,179.17,11.71,0.446,21.3
10,WiFi-AP-02,Access Point,2024-01-16 18:00:00,31.43,49.97,56.73,182.52,11.07,0.448,19.25
1,Core-Router-01,Router,2024-01-16 20:00:00,51.98,62.97,65.76,587.14,3.14,0.179,40.27
2,Core-Router-02,Router,2024-01-16 20:00:00,44.81,67.25,61.68,558.86,5.91,0.177,39.64
3,Dist-Switch-01,Switch,2024-01-16 20:00:00,36.97,52.23,68.73,350.45,1.86,0.111,30.01
4,Dist-Switch-02,Switch,2024-01-16 20:00:00,30.93,55.47,57.15,353.68,3.51,0.183,32.03
5,Edge-Firewall-01,Firewall,2024-01-16 20:00:00,62.99,75.49,75.75,897.9,8.49,0.445,51.75
6,App-Server-01,Server,2024-01-16 20:00:00,73.54,79.31,42.65,212.63,2.51,0.189,65.03
7,App-Server-02,Server,2024-01-16 20:00:00,66.23,79.36,46.31,235.5,2.99,0.112,63.79
8,DB-Server-01,Server,2024-01-16 20:00:00,66.17,99.5,47.98,246.44,3.94,0.121,65.62
9,WiFi-AP-01,Access Point,2024-01-16 20:00:00,26.44,43.41,43.82,191.02,9.83,0.442,19.92
10,WiFi-AP-02,Access Point,2024-01-16 20:00:00,25.06,45.78,56.69,164.23,7.75,0.385,20.59
1,Core-Router-01,Router,2024-01-16 22:00:00,36.45,43.77,50.89,416.32,4.98,0.157,40.32
2,Core-Router-02,Router,2024-01-16 22:00:00,35.4,49.79,52.6,431.54,6.23,0.162,41.68
3,Dist-Switch-01,Switch,2024-01-16 22:00:00,18.58,37.96,40.59,282.55,2.93,0.091,31.12
4,Dist-Switch-02,Switch,2024-01-16 22:00:00,25.57,38.71,36.41,256.2,1.77,0.077,30.03
5,Edge-Firewall-01,Firewall,2024-01-16 22:00:00,43.31,57.47,52.84,644.44,7.95,0.325,49.86
6,App-Server-01,Server,2024-01-16 22:00:00,50.22,53.58,28.16,207.08,3.46,0.112,66.17
7,App-Server-02,Server,2024-01-16 22:00:00,52.07,61.08,32.56,185.53,0.96,0.129,65.91
8,DB-Server-01,Server,2024-01-16 22:00:00,74.19,55.36,34.5,153.52,2.72,0.127,66.66
9,WiFi-AP-01,Access Point,2024-01-16 22:00:00,16.76,30.03,35.29,123.97,9.34,0.402,21.1
10,WiFi-AP-02,Access Point,2024-01-16 22:00:00,22.37,29.4,43.19,68.1,10.83,0.414,20.32
1,Core-Router-01,Router,2024-01-17 00:00:00,33.17,34.13,37.75,318.79,8.19,0.2,41.5
2,Core-Router-02,Router,2024-01-17 00:00:00,24.43,34.75,33.37,328.44,5.14,0.181,40.88
3,Dist-Switch-01,Switch,2024-01-17 00:00:00,15.32,28.53,26.9,187.75,2.75,0.06,30.41
4,Dist-Switch-02,Switch,2024-01-17 00:00:00,19.53,30.17,25.66,192.41,3.32,0.088,30.86
5,Edge-Firewall-01,Firewall,2024-01-17 00:00:00,36.88,41.92,47.45,458.72,6.45,0.324,49.29
6,App-Server-01,Server,2024-01-17 00:00:00,39.05,42.62,19.98,131.79,3.2,0.175,65.18
7,App-Server-02,Server,2024-01-17 00:00:00,43.2,44.74,21.65,140.78,3.57,0.073,66.07
8,DB-Server-01,Server,2024-01-17 00:00:00,35.05,41.2,28.76,120.32,2.92,0.082,66.07
9,WiFi-AP-01,Access Point,2024-01-17 00:00:00,9.88,28.82,28.69,89.55,10.43,0.341,21.57
10,WiFi-AP-02,Access Point,2024-01-17 00:00:00,17.75,27.11,34.83,111.27,9.84,0.409,22.47
1,Core-Router-01,Router,2024-01-17 02:00:00,27.13,32.9,28.76,318.77,5.15,0.203,41.25
2,Core-Router-02,Router,2024-01-17 02:00:00,26.09,42.39,34.59,303.3,4.13,0.19,40.43
3,Dist-Switch-01,Switch,2024-01-17 02:00:00,15.82,30.2,24.3,199.7,3.78,0.086,31.44
4,Dist-Switch-02,Switch,2024-01-17 02:00:00,22.2,33.21,37.25,195.99,2.9,0.105,31.58
5,Edge-Firewall-01,Firewall,2024-01-17 02:00:00,30.3,39.46,28.27,507.23,7.36,0.316,51.19
6,App-Server-01,Server,2024-01-17 02:00:00,41.94,40.43,45.19,166.92,3.76,0.11,65.97
7,App-Server-02,Server,2024-01-17 02:00:00,35.34,45.96,17.43,116.44,1.23,0.103,66.44
8,DB-Server-01,Server,2024-01-17 02:00:00,39.46,43.83,25.81,87.08,2.63,0.104,65.14
9,WiFi-AP-01,Access Point,2024-01-17 02:00:00,18.0,22.38,25.06,51.86,9.71,0.408,20.88
10,WiFi-AP-02,Access Point,2024-01-17 02:00:00,11.8,25.27,27.36,127.04,10.5,0.427,19.54
1,Core-Router-01,Router,2024-01-17 04:00:00,28.3,31.53,22.6,338.99,5.72,0.154,40.19
2,Core-Router-02,Router,2024-01-17 04:00:00,29.79,32.21,38.46,293.59,6.52,0.208,42.03
3,Dist-Switch-01,Switch,2024-01-17 04:00:00,18.88,26.61,32.04,201.87,3.37,0.075,29.91
4,Dist-Switch-02,Switch,2024-01-17 04:00:00,18.94,33.53,37.94,205.38,2.8,0.094,31.96
5,Edge-Firewall-01,Firewall,2024-01-17 04:00:00,32.49,36.49,44.03,482.85,6.94,0.301,53.29
6,App-Server-01,Server,2024-01-17 04:00:00,37.98,44.77,18.85,87.92,2.18,0.141,66.13
7,App-Server-02,Server,2024-01-17 04:00:00,39.83,45.9,22.0,152.56,2.37,0.14,66.24
8,DB-Server-01,Server,2024-01-17 04:00:00,30.28,41.44,16.04,148.07,2.98,0.177,66.18
9,WiFi-AP-01,Access Point,2024-01-17 04:00:00,13.45,20.51,36.47,95.75,9.71,0.36,19.29
10,WiFi-AP-02,Access Point,2024-01-17 04:00:00,10.38,28.81,25.71,94.04,7.96,0.397,21.41
1,Core-Router-01,Router,2024-01-17 06:00:00,38.95,51.02,56.63,411.39,5.47,0.155,42.85
2,Core-Router-02,Router,2024-01-17 06:00:00,42.04,46.27,50.92,444.9,5.58,0.22,38.61
3,Dist-Switch-01,Switch,2024-01-17 06:00:00,26.8,35.89,50.38,280.53,2.03,0.14,32.58
4,Dist-Switch-02,Switch,2024-01-17 06:00:00,25.26,44.86,64.22,245.31,2.87,0.08,30.89
5,Edge-Firewall-01,Firewall,2024-01-17 06:00:00,51.4,54.14,49.76,672.95,7.3,0.346,51.5
6,App-Server-01,Server,2024-01-17 06:00:00,55.81,60.96,38.73,153.02,3.8,0.176,65.11
7,App-Server-02,Server,2024-01-17 06:00:00,57.12,56.59,29.02,172.32,3.72,0.124,64.84
8,DB-Server-01,Server,2024-01-17 06:00:00,51.66,56.18,25.84,147.83,2.25,0.102,66.95
9,WiFi-AP-01,Access Point,2024-01-17 06:00:00,14.91,34.34,31.56,137.38,9.38,0.397,21.6
10,WiFi-AP-02,Access Point,2024-01-17 06:00:00,18.45,32.33,26.34,143.73,10.82,0.356,19.27
1,Core-Router-01,Router,2024-01-17 08:00:00,56.32,60.92,66.37,618.24,4.3,0.193,41.36
2,Core-Router-02,Router,2024-01-17 08:00:00,53.04,63.77,70.52,577.44,4.95,0.229,39.49
3,Dist-Switch-01,Switch,2024-01-17 08:00:00,38.41,53.95,60.69,365.54,1.91,0.163,30.73
4,Dist-Switch-02,Switch,2024-01-17 08:00:00,30.36,49.28,78.21,333.65,1.4,0.184,31.5
5,Edge-Firewall-01,Firewall,2024-01-17 08:00:00,71.8,76.18,79.07,914.11,7.58,0.348,50.76
6,App-Server-01,Server,2024-01-17 08:00:00,65.28,85.13,38.32,243.17,2.9,0.178,66.14
7,App-Server-02,Server,2024-01-17 08:00:00,67.2,79.34,45.96,205.94,2.23,0.173,64.88
8,DB-Server-01,Server,2024-01-17 08:00:00,69.02,80.98,35.86,226.06,3.56,0.093,65.17
9,WiFi-AP-01,Access Point,2024-01-17 08:00:00,26.95,44.14,48.3,175.08,12.31,0.418,20.48
10,WiFi-AP-02,Access Point,2024-01-17 08:00:00,28.39,43.7,56.97,124.18,9.47,0.426,20.51
1,Core-Router-01,Router,2024-01-17 10:00:00,61.07,79.97,90.33,719.21,4.2,0.184,40.4
2,Core-Router-02,Router,2024-01-17 10:00:00,67.33,83.1,72.77,717.22,3.26,0.289,40.33
3,Dist-Switch-01,Switch,2024-01-17 10:00:00,45.89,64.24,67.48,410.56,3.59,0.121,32.74
4,Dist-Switch-02,Switch,2024-01-17 10:00:00,43.12,65.21,70.16,423.26,0.96,0.076,30.01
5,Edge-Firewall-01,Firewall,2024-01-17 10:00:00,80.42,93.46,99.0,1177.5,7.96,0.399,52.85
6,App-Server-01,Server,2024-01-17 10:00:00,91.03,99.0,55.67,290.59,1.68,0.12,66.07
7,App-Server-02,Server,2024-01-17 10:00:00,85.89,99.0,51.16,318.7,3.9,0.096,65.65
8,DB-Server-01,Server,2024-01-17 10:00:00,87.72,99.5,57.71,288.88,3.02,0.183,65.43
9,WiFi-AP-01,Access Point,2024-01-17 10:00:00,35.63,61.59,65.09,237.24,9.09,0.417,22.28
10,WiFi-AP-02,Access Point,2024-01-17 10:00:00,33.04,56.75,65.63,194.72,9.59,0.405,20.85
1,Core-Router-01,Router,2024-01-17 12:00:00,73.37,88.04,86.72,760.56,5.67,0.249,41.52
2,Core-Router-02,Router,2024-01-17 12:00:00,69.41,85.42,94.37,739.78,5.19,0.242,40.59
3,Dist-Switch-01,Switch,2024-01-17 12:00:00,46.02,67.52,64.26,455.41,2.3,0.099,29.65
4,Dist-Switch-02,Switch,2024-01-17 12:00:00,41.98,70.54,85.7,482.65,0.66,0.114,30.14
5,Edge-Firewall-01,Firewall,2024-01-17 12:00:00,81.09,97.2,99.0,1232.52,7.9,0.366,51.26
6,App-Server-01,Server,2024-01-17 12:00:00,93.27,99.0,54.24,303.73,1.93,0.099,65.57
7,App-Server-02,Server,2024-01-17 12:00:00,90.81,99.0,53.23,261.44,2.87,0.117,65.12
8,DB-Server-01,Server,2024-01-17 12:00:00,96.29,99.0,67.75,335.81,1.05,0.103,65.4
9,WiFi-AP-01,Access Point,2024-01-17 12:00:00,26.27,56.33,72.12,267.88,10.9,0.395,20.78
10,WiFi-AP-02,Access Point,2024-01-17 12:00:00,44.65,67.11,65.32,187.5,7.9,0.5,20.75
1,Core-Router-01,Router,2024-01-17 14:00:00,68.98,78.04,87.23,752.42,5.21,0.189,39.76
2,Core-Router-02,Router,2024-01-17 14:00:00,65.11,87.04,92.22,770.58,4.1,0.313,40.28
3,Dist-Switch-01,Switch,2024-01-17 14:00:00,42.03,69.3,92.26,468.9,4.74,0.099,30.17
4,Dist-Switch-02,Switch,2024-01-17 14:00:00,46.89,73.59,84.98,443.49,2.25,0.145,31.62
5,Edge-Firewall-01,Firewall,2024-01-17 14:00:00,89.63,98.7,99.0,1220.54,8.42,0.383,50.98
6,App-Server-01,Server,2024-01-17 14:00:00,90.3,99.0,64.35,283.67,1.99,0.108,66.54
7,App-Server-02,Server,2024-01-17 14:00:00,91.59,99.0,61.97,296.72,3.88,0.112,65.48
8,DB-Server-01,Server,2024-01-17 14:00:00,91.93,99.0,57.82,311.39,2.93,0.117,65.15
9,WiFi-AP-01,Access Point,2024-01-17 14:00:00,38.36,63.99,63.56,200.91,8.71,0.474,21.4
10,WiFi-AP-02,Access Point,2024-01-17 14:00:00,32.29,59.77,71.34,235.83,9.61,0.406,20.91
1,Core-Router-01,Router,2024-01-17 16:00:00,63.45,78.02,96.98,731.19,7.48,0.188,40.72
2,Core-Router-02,Router,2024-01-17 16:00:00,59.02,76.22,95.31,704.56,6.92,0.221,39.75
3,Dist-Switch-01,Switch,2024-01-17 16:00:00,41.54,64.16,76.12,438.02,1.58,0.077,30.48
4,Dist-Switch-02,Switch,2024-01-17 16:00:00,39.24,61.69,76.64,392.44,3.62,0.087,30.03
5,Edge-Firewall-01,Firewall,2024-01-17 16:00:00,81.61,97.41,99.0,1154.04,9.09,0.449,50.28
6,App-Server-01,Server,2024-01-17 16:00:00,82.16,99.0,55.28,302.91,3.54,0.134,65.21
7,App-Server-02,Server,2024-01-17 16:00:00,90.98,97.77,57.82,270.35,2.69,0.098,65.02
8,DB-Server-01,Server,2024-01-17 16:00:00,81.96,99.0,52.98,269.79,2.06,0.095,66.74
9,WiFi-AP-01,Access Point,2024-01-17 16:00:00,41.78,55.02,75.1,194.41,11.08,0.461,19.93
10,WiFi-AP-02,Access Point,2024-01-17 16:00:00,32.77,57.04,67.25,227.9,9.06,0.448,19.88
1,Core-Router-01,Router,2024-01-17 18:00:00,51.03,62.29,63.89,577.39,7.26,0.176,40.37
2,Core-Router-02,Router,2024-01-17 18:00:00,53.72,61.24,71.98,557.63,6.83,0.171,40.18
3,Dist-Switch-01,Switch,2024-01-17 18:00:00,31.97,49.94,64.06,317.82,1.33,0.094,30.78
4,Dist-Switch-02,Switch,2024-01-17 18:00:00,33.24,47.01,55.2,341.21,1.37,0.101,31.72
5,Edge-Firewall-01,Firewall,2024-01-17 18:00:00,62.61,75.05,69.27,906.78,9.0,0.346,50.06
6,App-Server-01,Server,2024-01-17 18:00:00,77.75,85.54,48.1,251.58,0.77,0.128,65.33
7,App-Server-02,Server,2024-01-17 18:00:00,67.7,78.61,33.01,236.52,3.54,0.164,65.01
8,DB-Server-01,Server,2024-01-17 18:00:00,65.16,72.04,44.29,246.82,2.39,0.19,65.54
9,WiFi-AP-01,Access Point,2024-01-17 18:00:00,29.19,41.67,52.92,132.01,10.69,0.424,22.16
10,WiFi-AP-02,Access Point,2024-01-17 18:00:00,24.52,46.24,54.3,180.45,9.13,0.493,21.15
1,Core-Router-01,Router,2024-01-17 20:00:00,50.87,61.22,72.46,571.1,3.68,0.247,39.67
2,Core-Router-02,Router,2024-01-17 20:00:00,61.05,65.09,69.58,568.37,4.75,0.219,40.31
3,Dist-Switch-01,Switch,2024-01-17 20:00:00,36.63,50.43,66.9,358.05,3.25,0.098,31.86
4,Dist-Switch-02,Switch,2024-01-17 20:00:00,33.07,51.81,65.38,322.34,2.2,0.088,31.32
5,Edge-Firewall-01,Firewall,2024-01-17 20:00:00,89.49,80.62,73.61,944.38,9.22,0.417,49.21
6,App-Server-01,Server,2024-01-17 20:00:00,65.16,84.56,36.37,196.67,2.51,0.092,67.39
7,App-Server-02,Server,2024-01-17 20:00:00,67.9,78.26,47.32,238.19,3.44,0.093,63.84
8,DB-Server-01,Server,2024-01-17 20:00:00,64.97,84.34,46.7,222.35,4.12,0.139,65.57
9,WiFi-AP-01,Access Point,2024-01-17 20:00:00,29.15,44.44,71.88,167.85,8.6,0.397,19.47
10,WiFi-AP-02,Access Point,2024-01-17 20:00:00,29.26,49.88,50.07,148.17,9.87,0.429,21.39
1,Core-Router-01,Router,2024-01-17 22:00:00,36.85,50.89,55.73,412.94,5.72,0.157,40.83
2,Core-Router-02,Router,2024-01-17 22:00:00,35.99,48.06,57.08,431.97,5.92,0.182,41.35
3,Dist-Switch-01,Switch,2024-01-17 22:00:00,20.4,42.54,50.62,244.92,1.63,0.091,31.35
4,Dist-Switch-02,Switch,2024-01-17 22:00:00,24.15,33.69,43.13,260.63,2.73,0.08,30.53
5,Edge-Firewall-01,Firewall,2024-01-17 22:00:00,49.74,54.28,55.92,661.99,6.25,0.309,51.49
6,App-Server-01,Server,2024-01-17 22:00:00,51.28,62.8,31.97,176.15,3.79,0.193,65.94
7,App-Server-02,Server,2024-01-17 22:00:00,45.74,60.78,42.61,159.95,3.84,0.134,66.82
8,DB-Server-01,Server,2024-01-17 22:00:00,50.42,56.14,32.87,175.57,3.91,0.092,65.42
9,WiFi-AP-01,Access Point,2024-01-17 22:00:00,23.02,35.86,39.34,108.08,9.82,0.416,19.42
10,WiFi-AP-02,Access Point,2024-01-17 22:00:00,12.43,37.8,40.0,136.93,8.92,0.374,21.08
1,Core-Router-01,Router,2024-01-18 00:00:00,21.81,38.68,38.32,304.83,4.62,0.223,41.44
2,Core-Router-02,Router,2024-01-18 00:00:00,29.19,33.82,43.92,285.07,4.4,0.172,40.57
3,Dist-Switch-01,Switch,2024-01-18 00:00:00,19.03,29.44,29.54,170.1,3.69,0.18,30.99
4,Dist-Switch-02,Switch,2024-01-18 00:00:00,15.74,32.57,24.04,180.95,1.3,0.116,30.57
5,Edge-Firewall-01,Firewall,2024-01-18 00:00:00,30.95,40.7,43.92,487.97,7.63,0.273,51.66
6,App-Server-01,Server,2024-01-18 00:00:00,36.94,46.26,27.95,136.53,4.39,0.124,65.38
7,App-Server-02,Server,2024-01-18 00:00:00,44.58,68.56,10.94,121.04,3.13,0.203,67.18
8,DB-Server-01,Server,2024-01-18 00:00:00,34.68,44.77,23.89,99.33,1.93,0.114,66.94
9,WiFi-AP-01,Access Point,2024-01-18 00:00:00,15.05,23.45,23.47,117.75,11.46,0.404,21.34
10,WiFi-AP-02,Access Point,2024-01-18 00:00:00,16.8,21.37,26.92,80.15,8.17,0.403,20.15
1,Core-Router-01,Router,2024-01-18 02:00:00,32.93,37.05,40.31,325.01,4.38,0.226,40.89
2,Core-Router-02,Router,2024-01-18 02:00:00,29.36,32.46,32.87,322.3,5.22,0.169,39.41
3,Dist-Switch-01,Switch,2024-01-18 02:00:00,13.69,31.74,28.21,180.87,3.45,0.113,30.12
4,Dist-Switch-02,Switch,2024-01-18 02:00:00,15.69,33.0,41.24,202.68,2.78,0.087,32.8
5,Edge-Firewall-01,Firewall,2024-01-18 02:00:00,35.47,43.22,43.26,495.04,9.66,0.298,52.3
6,App-Server-01,Server,2024-01-18 02:00:00,38.55,41.24,22.1,127.16,2.37,0.125,67.05
7,App-Server-02,Server,2024-01-18 02:00:00,35.35,44.2,26.5,113.34,4.45,0.124,66.11
8,DB-Server-01,Server,2024-01-18 02:00:00,38.51,43.62,18.54,142.52,3.74,0.103,66.56
9,WiFi-AP-01,Access Point,2024-01-18 02:00:00,17.14,21.18,23.88,116.59,10.31,0.38,19.99
10,WiFi-AP-02,Access Point,2024-01-18 02:00:00,13.58,23.69,23.92,58.99,11.14,0.389,19.58
1,Core-Router-01,Router,2024-01-18 04:00:00,28.69,31.7,36.22,305.85,4.57,0.229,40.41
2,Core-Router-02,Router,2024-01-18 04:00:00,24.91,32.11,42.75,279.71,4.24,0.197,41.09
3,Dist-Switch-01,Switch,2024-01-18 04:00:00,19.53,34.54,60.4,173.49,1.72,0.117,32.11
4,Dist-Switch-02,Switch,2024-01-18 04:00:00,21.06,31.52,37.34,179.37,1.06,0.063,29.98
5,Edge-Firewall-01,Firewall,2024-01-18 04:00:00,35.06,44.05,42.94,503.4,7.91,0.31,50.18
6,App-Server-01,Server,2024-01-18 04:00:00,28.74,45.2,29.96,134.03,2.36,0.121,66.34
7,App-Server-02,Server,2024-01-18 04:00:00,38.1,43.41,34.13,106.16,4.78,0.071,64.01
8,DB-Server-01,Server,2024-01-18 04:00:00,36.81,46.66,23.19,95.6,2.84,0.111,66.34
9,WiFi-AP-01,Access Point,2024-01-18 04:00:00,18.73,21.85,24.62,108.96,9.14,0.41,19.67
10,WiFi-AP-02,Access Point,2024-01-18 04:00:00,17.05,25.95,24.73,93.93,11.53,0.4,18.9
1,Core-Router-01,Router,2024-01-18 06:00:00,39.35,45.54,46.49,430.04,5.84,0.25,40.2
2,Core-Router-02,Router,2024-01-18 06:00:00,46.8,47.62,53.42,440.46,5.02,0.187,41.57
3,Dist-Switch-01,Switch,2024-01-18 06:00:00,27.18,36.56,42.56,238.43,2.01,0.122,30.06
4,Dist-Switch-02,Switch,2024-01-18 06:00:00,23.89,34.7,39.17,246.92,2.4,0.109,30.39
5,Edge-Firewall-01,Firewall,2024-01-18 06:00:00,51.21,57.03,60.9,670.27,8.32,0.362,52.07
6,App-Server-01,Server,2024-01-18 06:00:00,55.38,58.5,36.13,193.67,2.38,0.094,65.87
7,App-Server-02,Server,2024-01-18 06:00:00,53.64,61.13,32.21,136.63,3.25,0.123,64.36
8,DB-Server-01,Server,2024-01-18 06:00:00,44.98,59.36,40.17,167.58,3.21,0.132,64.31
9,WiFi-AP-01,Access Point,2024-01-18 06:00:00,22.93,33.33,69.86,115.43,9.18,0.376,22.5
10,WiFi-AP-02,Access Point,2024-01-18 06:00:00,24.29,31.84,30.83,91.46,11.32,0.421,20.52
1,Core-Router-01,Router,2024-01-18 08:00:00,56.89,58.23,76.27,568.3,3.85,0.169,40.13
2,Core-Router-02,Router,2024-01-18 08:00:00,53.37,61.13,59.25,568.96,3.64,0.164,39.66
3,Dist-Switch-01,Switch,2024-01-18 08:00:00,32.45,52.15,56.28,349.03,2.68,0.124,30.79
4,Dist-Switch-02,Switch,2024-01-18 08:00:00,21.08,52.35,55.83,324.36,2.32,0.119,30.37
5,Edge-Firewall-01,Firewall,2024-01-18 08:00:00,59.29,75.03,73.59,904.19,9.22,0.322,48.97
6,App-Server-01,Server,2024-01-18 08:00:00,61.62,80.76,50.18,197.0,3.45,0.147,67.74
7,App-Server-02,Server,2024-01-18 08:00:00,70.13,81.79,35.2,271.35,2.42,0.132,65.59
8,DB-Server-01,Server,2024-01-18 08:00:00,74.85,86.9,46.5,249.31,3.04,0.139,67.33
9,WiFi-AP-01,Access Point,2024-01-18 08:00:00,26.18,50.48,58.1,184.29,11.83,0.49,20.67
10,WiFi-AP-02,Access Point,2024-01-18 08:00:00,25.43,40.28,62.83,163.22,11.14,0.413,22.39
1,Core-Router-01,Router,2024-01-18 10:00:00,61.7,75.26,84.96,706.08,5.6,0.164,41.48
2,Core-Router-02,Router,2024-01-18 10:00:00,63.34,76.84,83.09,757.62,5.23,0.263,40.33
3,Dist-Switch-01,Switch,2024-01-18 10:00:00,43.39,70.04,76.82,411.6,4.42,0.073,32.1
4,Dist-Switch-02,Switch,2024-01-18 10:00:00,38.38,57.31,64.63,365.02,4.11,0.08,29.93
5,Edge-Firewall-01,Firewall,2024-01-18 10:00:00,80.65,93.74,99.0,1170.94,7.71,0.405,51.68
6,App-Server-01,Server,2024-01-18 10:00:00,99.5,99.0,68.23,277.93,2.1,0.116,65.18
7,App-Server-02,Server,2024-01-18 10:00:00,87.99,97.84,55.34,324.5,2.59,0.134,67.02
8,DB-Server-01,Server,2024-01-18 10:00:00,81.8,98.26,60.22,305.46,4.22,0.128,66.45
9,WiFi-AP-01,Access Point,2024-01-18 10:00:00,33.97,55.52,70.52,204.02,10.28,0.41,19.78
10,WiFi-AP-02,Access Point,2024-01-18 10:00:00,39.7,59.02,54.57,220.56,9.23,0.474,19.4
1,Core-Router-01,Router,2024-01-18 12:00:00,66.99,84.7,91.49,775.42,3.48,0.25,41.38
2,Core-Router-02,Router,2024-01-18 12:00:00,73.85,86.24,91.16,734.47,4.44,0.253,42.24
3,Dist-Switch-01,Switch,2024-01-18 12:00:00,43.13,59.96,74.95,450.34,1.75,0.098,31.73
4,Dist-Switch-02,Switch,2024-01-18 12:00:00,49.57,69.75,67.01,449.27,4.3,0.093,31.22
5,Edge-Firewall-01,Firewall,2024-01-18 12:00:00,85.06,99.0,94.51,1211.46,7.96,0.434,50.9
6,App-Server-01,Server,2024-01-18 12:00:00,84.63,99.0,56.79,279.73,2.17,0.119,67.11
7,App-Server-02,Server,2024-01-18 12:00:00,93.15,99.0,63.18,306.09,3.7,0.218,65.96
8,DB-Server-01,Server,2024-01-18 12:00:00,87.04,99.0,60.08,304.68,1.49,0.144,66.48
9,WiFi-AP-01,Access Point,2024-01-18 12:00:00,40.24,58.37,64.55,232.52,9.31,0.442,18.69
10,WiFi-AP-02,Access Point,2024-01-18 12:00:00,36.06,66.2,70.61,231.38,11.99,0.525,20.03
1,Core-Router-01,Router,2024-01-18 14:00:00,66.81,86.19,95.6,742.84,6.0,0.187,42.06
2,Core-Router-02,Router,2024-01-18 14:00:00,64.28,83.25,88.77,781.28,4.48,0.166,41.36
3,Dist-Switch-01,Switch,2024-01-18 14:00:00,47.79,71.07,77.07,447.73,1.65,0.075,31.1
4,Dist-Switch-02,Switch,2024-01-18 14:00:00,45.02,68.47,68.43,469.44,2.18,0.123,30.85
5,Edge-Firewall-01,Firewall,2024-01-18 14:00:00,76.66,97.74,99.0,1231.11,5.93,0.355,51.36
6,App-Server-01,Server,2024-01-18 14:00:00,88.57,99.0,57.68,289.47,2.59,0.13,66.53
7,App-Server-02,Server,2024-01-18 14:00:00,88.28,99.0,69.65,323.28,1.14,0.132,66.09
8,DB-Server-01,Server,2024-01-18 14:00:00,92.51,99.0,66.61,320.57,3.48,0.164,66.3
9,WiFi-AP-01,Access Point,2024-01-18 14:00:00,39.8,65.49,73.92,211.22,10.63,0.453,21.35
10,WiFi-AP-02,Access Point,2024-01-18 14:00:00,39.91,56.66,67.8,233.35,9.56,0.435,21.66
1,Core-Router-01,Router,2024-01-18 16:00:00,81.38,79.51,92.92,726.18,5.2,0.212,41.52
2,Core-Router-02,Router,2024-01-18 16:00:00,65.83,82.69,86.24,680.39,3.3,0.203,40.28
3,Dist-Switch-01,Switch,2024-01-18 16:00:00,44.75,64.85,70.84,428.1,1.13,0.073,30.27
4,Dist-Switch-02,Switch,2024-01-18 16:00:00,41.51,63.53,70.54,448.47,1.87,0.122,32.39
5,Edge-Firewall-01,Firewall,2024-01-18 16:00:00,82.26,94.78,99.0,1164.06,8.09,0.414,51.46
6,App-Server-01,Server,2024-01-18 16:00:00,84.57,99.0,57.79,284.56,2.52,0.101,66.85
7,App-Server-02,Server,2024-01-18 16:00:00,89.56,99.0,60.34,312.12,2.85,0.151,67.15
8,DB-Server-01,Server,2024-01-18 16:00:00,83.89,98.27,48.36,298.11,1.38,0.129,66.44
9,WiFi-AP-01,Access Point,2024-01-18 16:00:00,38.72,55.38,63.83,197.56,9.45,0.429,20.35
10,WiFi-AP-02,Access Point,2024-01-18 16:00:00,34.86,52.94,70.17,225.22,10.79,0.469,20.02
1,Core-Router-01,Router,2024-01-18 18:00:00,50.17,57.39,84.51,570.38,6.04,0.212,41.85
2,Core-Router-02,Router,2024-01-18 18:00:00,59.03,62.89,63.75,570.6,2.77,0.161,41.67
3,Dist-Switch-01,Switch,2024-01-18 18:00:00,34.26,50.75,59.98,356.11,0.5,0.072,33.29
4,Dist-Switch-02,Switch,2024-01-18 18:00:00,29.06,51.35,67.05,366.11,1.49,0.075,30.85
5,Edge-Firewall-01,Firewall,2024-01-18 18:00:00,60.08,74.32,78.87,919.65,7.25,0.384,50.81
6,App-Server-01,Server,2024-01-18 18:00:00,75.67,80.52,44.21,244.43,2.84,0.181,65.85
7,App-Server-02,Server,2024-01-18 18:00:00,71.61,78.01,48.39,234.85,2.94,0.111,65.21
8,DB-Server-01,Server,2024-01-18 18:00:00,69.93,82.16,45.23,235.1,2.96,0.09,65.65
9,WiFi-AP-01,Access Point,2024-01-18 18:00:00,28.74,53.96,53.16,184.92,10.44,0.399,22.14
10,WiFi-AP-02,Access Point,2024-01-18 18:00:00,27.5,49.04,68.84,152.81,10.37,0.438,21.39
1,Core-Router-01,Router,2024-01-18 20:00:00,46.83,62.11,61.65,629.86,3.35,0.147,41.99
2,Core-Router-02,Router,2024-01-18 20:00:00,55.75,65.63,67.22,600.4,5.91,0.166,41.09
3,Dist-Switch-01,Switch,2024-01-18 20:00:00,33.19,48.87,63.52,370.27,1.12,0.074,30.71
4,Dist-Switch-02,Switch,2024-01-18 20:00:00,34.27,51.8,62.07,329.08,1.15,0.129,30.39
5,Edge-Firewall-01,Firewall,2024-01-18 20:00:00,58.02,73.08,78.62,948.5,8.92,0.373,51.67
6,App-Server-01,Server,2024-01-18 20:00:00,72.59,78.21,44.88,209.55,2.79,0.121,65.98
7,App-Server-02,Server,2024-01-18 20:00:00,74.05,76.85,48.37,204.38,3.09,0.124,65.64
8,DB-Server-01,Server,2024-01-18 20:00:00,71.01,77.39,37.55,240.49,4.74,0.135,67.07
9,WiFi-AP-01,Access Point,2024-01-18 20:00:00,28.84,41.86,45.95,172.33,9.6,0.452,19.16
10,WiFi-AP-02,Access Point,2024-01-18 20:00:00,25.28,46.45,76.79,161.99,10.2,0.428,21.24
1,Core-Router-01,Router,2024-01-18 22:00:00,37.04,48.65,45.24,412.5,4.8,0.199,40.43
2,Core-Router-02,Router,2024-01-18 22:00:00,29.23,51.61,45.35,448.72,5.04,0.157,40.36
3,Dist-Switch-01,Switch,2024-01-18 22:00:00,25.85,39.48,45.02,265.7,1.63,0.087,29.26
4,Dist-Switch-02,Switch,2024-01-18 22:00:00,27.11,40.78,49.78,256.3,1.23,0.148,31.89
5,Edge-Firewall-01,Firewall,2024-01-18 22:00:00,68.23,53.19,57.26,665.81,8.04,0.284,48.43
6,App-Server-01,Server,2024-01-18 22:00:00,50.1,51.69,37.02,155.7,0.84,0.116,65.28
7,App-Server-02,Server,2024-01-18 22:00:00,54.8,58.97,35.08,190.42,2.9,0.115,66.53
8,DB-Server-01,Server,2024-01-18 22:00:00,44.89,62.8,26.26,185.15,1.48,0.103,67.71
9,WiFi-AP-01,Access Point,2024-01-18 22:00:00,20.0,32.59,40.58,118.51,11.82,0.37,20.53
10,WiFi-AP-02,Access Point,2024-01-18 22:00:00,18.69,30.56,34.39,118.09,9.51,0.389,22.95
1,Core-Router-01,Router,2024-01-19 00:00:00,24.09,34.92,40.58,326.1,4.94,0.136,41.35
2,Core-Router-02,Router,2024-01-19 00:00:00,29.28,33.71,29.81,304.14,3.85,0.163,40.93
3,Dist-Switch-01,Switch,2024-01-19 00:00:00,20.24,33.56,28.66,203.59,2.31,0.125,31.48
4,Dist-Switch-02,Switch,2024-01-19 00:00:00,14.78,23.05,32.91,177.53,1.02,0.121,31.06
5,Edge-Firewall-01,Firewall,2024-01-19 00:00:00,40.52,39.53,46.84,499.55,6.71,0.318,49.81
6,App-Server-01,Server,2024-01-19 00:00:00,37.71,42.87,29.55,104.24,3.39,0.111,65.39
7,App-Server-02,Server,2024-01-19 00:00:00,23.08,50.17,27.83,110.05,1.88,0.086,66.62
8,DB-Server-01,Server,2024-01-19 00:00:00,30.05,43.47,33.93,102.72,3.08,0.175,66.53
9,WiFi-AP-01,Access Point,2024-01-19 00:00:00,16.18,26.6,26.21,120.04,9.6,0.446,20.51
10,WiFi-AP-02,Access Point,2024-01-19 00:00:00,11.81,24.24,26.92,118.0,10.7,0.349,20.9
1,Core-Router-01,Router,2024-01-19 02:00:00,23.98,27.94,38.19,329.39,4.89,0.151,41.36
2,Core-Router-02,Router,2024-01-19 02:00:00,27.88,39.54,43.78,332.69,5.76,0.192,41.56
3,Dist-Switch-01,Switch,2024-01-19 02:00:00,20.32,30.03,33.81,197.16,4.7,0.064,31.84
4,Dist-Switch-02,Switch,2024-01-19 02:00:00,16.93,30.59,36.05,195.39,3.67,0.103,30.41
5,Edge-Firewall-01,Firewall,2024-01-19 02:00:00,35.33,43.4,44.79,527.32,7.34,0.328,51.21
6,App-Server-01,Server,2024-01-19 02:00:00,37.31,45.52,24.94,118.6,2.93,0.07,65.6
7,App-Server-02,Server,2024-01-19 02:00:00,36.81,42.68,29.36,129.28,5.26,0.076,65.35
8,DB-Server-01,Server,2024-01-19 02:00:00,48.3,45.13,30.03,137.24,3.62,0.101,64.8
9,WiFi-AP-01,Access Point,2024-01-19 02:00:00,17.15,21.11,27.34,79.54,10.36,0.368,21.38
10,WiFi-AP-02,Access Point,2024-01-19 02:00:00,16.82,23.26,26.91,112.46,11.07,0.408,19.37
1,Core-Router-01,Router,2024-01-19 04:00:00,25.31,37.62,43.69,295.01,5.31,0.217,41.32
2,Core-Router-02,Router,2024-01-19 04:00:00,33.9,37.48,33.07,309.7,5.03,0.139,41.82
3,Dist-Switch-01,Switch,2024-01-19 04:00:00,20.44,19.41,24.79,144.35,2.18,0.072,31.18
4,Dist-Switch-02,Switch,2024-01-19 04:00:00,14.97,30.24,34.93,163.0,0.53,0.057,32.69
5,Edge-Firewall-01,Firewall,2024-01-19 04:00:00,41.28,42.45,40.24,519.34,7.55,0.321,48.76
6,App-Server-01,Server,2024-01-19 04:00:00,38.03,42.0,25.56,79.41,3.17,0.191,66.99
7,App-Server-02,Server,2024-01-19 04:00:00,39.71,43.05,27.89,105.84,3.07,0.11,62.81
8,DB-Server-01,Server,2024-01-19 04:00:00,35.83,60.57,24.1,154.54,1.88,0.099,63.98
9,WiFi-AP-01,Access Point,2024-01-19 04:00:00,21.72,24.34,26.02,93.0,10.64,0.383,23.55
10,WiFi-AP-02,Access Point,2024-01-19 04:00:00,17.49,23.68,25.41,86.19,8.5,0.354,21.68
1,Core-Router-01,Router,2024-01-19 06:00:00,35.17,43.56,57.74,389.47,2.93,0.193,39.36
2,Core-Router-02,Router,2024-01-19 06:00:00,39.16,44.9,49.06,441.06,4.31,0.178,42.41
3,Dist-Switch-01,Switch,2024-01-19 06:00:00,23.26,39.83,57.27,269.28,0.5,0.144,30.51
4,Dist-Switch-02,Switch,2024-01-19 06:00:00,51.08,36.07,40.7,265.2,1.59,0.102,30.55
5,Edge-Firewall-01,Firewall,2024-01-19 06:00:00,42.9,51.54,50.45,670.19,7.43,0.334,49.45
6,App-Server-01,Server,2024-01-19 06:00:00,47.99,63.96,28.74,162.47,1.78,0.141,67.45
7,App-Server-02,Server,2024-01-19 06:00:00,50.84,58.92,24.96,174.37,4.16,0.133,66.57
8,DB-Server-01,Server,2024-01-19 06:00:00,63.13,59.46,36.78,131.31,1.88,0.117,66.78
9,WiFi-AP-01,Access Point,2024-01-19 06:00:00,14.71,35.83,38.1,141.02,9.37,0.376,21.74
10,WiFi-AP-02,Access Point,2024-01-19 06:00:00,19.49,33.49,34.38,158.43,9.88,0.405,20.18
1,Core-Router-01,Router,2024-01-19 08:00:00,52.23,65.48,86.75,611.7,5.31,0.176,40.8
2,Core-Router-02,Router,2024-01-19 08:00:00,51.8,62.78,74.06,574.59,5.77,0.173,41.1
3,Dist-Switch-01,Switch,2024-01-19 08:00:00,31.27,55.38,53.31,338.35,1.69,0.083,31.62
4,Dist-Switch-02,Switch,2024-01-19 08:00:00,33.22,55.91,53.38,348.24,1.22,0.088,30.88
5,Edge-Firewall-01,Firewall,2024-01-19 08:00:00,62.6,78.28,77.19,931.33,7.23,0.331,49.7
6,App-Server-01,Server,2024-01-19 08:00:00,66.32,80.22,55.05,231.92,4.65,0.094,65.51
7,App-Server-02,Server,2024-01-19 08:00:00,75.13,81.78,42.77,239.31,2.71,0.187,66.84
8,DB-Server-01,Server,2024-01-19 08:00:00,73.35,85.98,48.09,224.93,3.83,0.129,67.54
9,WiFi-AP-01,Access Point,2024-01-19 08:00:00,28.56,45.48,48.15,183.17,8.45,0.424,21.49
10,WiFi-AP-02,Access Point,2024-01-19 08:00:00,31.08,46.39,78.71,189.86,9.39,0.423,20.02
1,Core-Router-01,Router,2024-01-19 10:00:00,66.86,76.03,91.63,744.9,4.12,0.176,40.92
2,Core-Router-02,Router,2024-01-19 10:00:00,68.2,83.86,77.79,712.07,4.73,0.238,40.41
3,Dist-Switch-01,Switch,2024-01-19 10:00:00,44.82,63.82,64.12,488.54,2.27,0.078,29.8
4,Dist-Switch-02,Switch,2024-01-19 10:00:00,44.15,64.17,62.4,409.66,2.79,0.169,31.27
5,Edge-Firewall-01,Firewall,2024-01-19 10:00:00,83.44,92.93,99.0,1171.32,9.66,0.432,49.83
6,App-Server-01,Server,2024-01-19 10:00:00,85.94,99.0,56.18,295.13,3.82,0.143,67.59
7,App-Server-02,Server,2024-01-19 10:00:00,84.89,96.49,59.27,325.05,2.52,0.127,66.6
8,DB-Server-01,Server,2024-01-19 10:00:00,86.98,99.0,52.86,241.74,1.89,0.113,67.0
9,WiFi-AP-01,Access Point,2024-01-19 10:00:00,35.51,55.92,60.2,228.67,11.36,0.46,21.51
10,WiFi-AP-02,Access Point,2024-01-19 10:00:00,30.02,56.42,74.4,237.97,8.46,0.393,21.26
1,Core-Router-01,Router,2024-01-19 12:00:00,65.53,76.89,99.5,746.22,4.22,0.183,40.77
2,Core-Router-02,Router,2024-01-19 12:00:00,68.54,81.17,90.34,726.83,5.31,0.311,40.61
3,Dist-Switch-01,Switch,2024-01-19 12:00:00,49.4,65.4,79.78,480.3,0.5,0.082,28.02
4,Dist-Switch-02,Switch,2024-01-19 12:00:00,45.25,68.56,63.79,495.68,2.29,0.115,32.37
5,Edge-Firewall-01,Firewall,2024-01-19 12:00:00,76.64,95.37,95.18,1255.19,8.33,0.386,51.2
6,App-Server-01,Server,2024-01-19 12:00:00,93.73,99.0,62.31,306.94,2.39,0.099,66.17
7,App-Server-02,Server,2024-01-19 12:00:00,91.88,99.0,54.23,326.45,2.69,0.125,64.81
8,DB-Server-01,Server,2024-01-19 12:00:00,85.54,99.0,59.85,291.49,4.29,0.102,67.75
9,WiFi-AP-01,Access Point,2024-01-19 12:00:00,39.72,53.72,73.86,198.4,10.23,0.458,23.04
10,WiFi-AP-02,Access Point,2024-01-19 12:00:00,43.86,58.73,67.94,233.49,10.86,0.433,19.88
1,Core-Router-01,Router,2024-01-19 14:00:00,65.71,83.8,97.61,770.54,4.23,0.198,40.51
2,Core-Router-02,Router,2024-01-19 14:00:00,72.14,91.4,89.64,778.01,4.25,0.178,40.93
3,Dist-Switch-01,Switch,2024-01-19 14:00:00,44.94,75.97,74.66,468.92,0.5,0.094,32.04
4,Dist-Switch-02,Switch,2024-01-19 14:00:00,43.61,61.05,76.0,457.53,2.72,0.172,30.52
5,Edge-Firewall-01,Firewall,2024-01-19 14:00:00,80.39,95.56,99.0,1228.75,7.45,0.4,51.37
6,App-Server-01,Server,2024-01-19 14:00:00,91.61,99.0,58.55,256.2,3.24,0.097,66.09
7,App-Server-02,Server,2024-01-19 14:00:00,93.45,99.0,60.41,305.77,1.6,0.126,65.95
8,DB-Server-01,Server,2024-01-19 14:00:00,88.49,99.0,57.67,309.12,3.12,0.132,66.8
9,WiFi-AP-01,Access Point,2024-01-19 14:00:00,40.88,54.64,74.55,259.14,9.52,0.434,20.01
10,WiFi-AP-02,Access Point,2024-01-19 14:00:00,30.31,58.74,65.88,221.5,9.04,0.428,20.89
1,Core-Router-01,Router,2024-01-19 16:00:00,61.58,80.66,89.62,766.05,6.13,0.174,40.28
2,Core-Router-02,Router,2024-01-19 16:00:00,65.83,80.01,83.65,734.11,3.6,0.178,41.46
3,Dist-Switch-01,Switch,2024-01-19 16:00:00,41.96,64.04,71.15,414.35,3.17,0.122,31.22
4,Dist-Switch-02,Switch,2024-01-19 16:00:00,44.76,61.81,72.21,412.87,3.39,0.129,30.25
5,Edge-Firewall-01,Firewall,2024-01-19 16:00:00,91.31,99.5,99.0,1160.36,8.14,0.381,51.81
6,App-Server-01,Server,2024-01-19 16:00:00,82.92,99.0,53.11,274.48,3.76,0.135,66.5
7,App-Server-02,Server,2024-01-19 16:00:00,82.01,99.0,58.26,270.39,4.37,0.211,65.12
8,DB-Server-01,Server,2024-01-19 16:00:00,84.17,92.05,50.49,299.88,3.03,0.171,67.45
9,WiFi-AP-01,Access Point,2024-01-19 16:00:00,37.65,58.41,64.99,162.43,8.61,0.418,21.52
10,WiFi-AP-02,Access Point,2024-01-19 16:00:00,37.08,54.8,69.35,245.18,10.94,0.461,20.34
1,Core-Router-01,Router,2024-01-19 18:00:00,56.03,63.66,71.53,582.06,4.88,0.199,40.82
2,Core-Router-02,Router,2024-01-19 18:00:00,55.67,61.9,73.44,589.49,4.7,0.225,40.54
3,Dist-Switch-01,Switch,2024-01-19 18:00:00,59.72,53.03,57.4,327.09,1.91,0.08,29.64
4,Dist-Switch-02,Switch,2024-01-19 18:00:00,33.61,49.32,60.4,370.98,0.77,0.152,30.77
5,Edge-Firewall-01,Firewall,2024-01-19 18:00:00,59.32,76.99,78.23,917.97,7.6,0.359,51.62
6,App-Server-01,Server,2024-01-19 18:00:00,67.82,76.16,48.74,205.79,1.85,0.144,64.7
7,App-Server-02,Server,2024-01-19 18:00:00,59.7,82.33,44.46,225.55,2.69,0.091,65.15
8,DB-Server-01,Server,2024-01-19 18:00:00,74.87,76.04,48.2,242.74,2.24,0.139,66.92
9,WiFi-AP-01,Access Point,2024-01-19 18:00:00,24.77,44.16,56.16,173.12,8.2,0.462,20.37
10,WiFi-AP-02,Access Point,2024-01-19 18:00:00,27.13,46.75,54.85,211.65,8.34,0.423,21.64
1,Core-Router-01,Router,2024-01-19 20:00:00,51.18,65.58,73.64,547.11,6.75,0.229,39.76
2,Core-Router-02,Router,2024-01-19 20:00:00,77.63,69.0,67.43,574.11,6.43,0.166,39.72
3,Dist-Switch-01,Switch,2024-01-19 20:00:00,32.82,55.84,57.83,383.46,2.74,0.099,30.95
4,Dist-Switch-02,Switch,2024-01-19 20:00:00,31.07,49.72,79.87,365.22,2.86,0.097,32.47
5,Edge-Firewall-01,Firewall,2024-01-19 20:00:00,67.62,80.36,89.63,890.02,6.89,0.385,49.96
6,App-Server-01,Server,2024-01-19 20:00:00,70.26,78.76,56.34,267.99,2.99,0.183,67.39
7,App-Server-02,Server,2024-01-19 20:00:00,67.17,74.44,44.89,217.01,3.21,0.088,65.96
8,DB-Server-01,Server,2024-01-19 20:00:00,71.06,76.83,48.04,221.11,3.2,0.133,64.68
9,WiFi-AP-01,Access Point,2024-01-19 20:00:00,27.61,45.62,49.16,190.42,9.28,0.411,20.19
10,WiFi-AP-02,Access Point,2024-01-19 20:00:00,33.11,44.5,54.03,211.94,9.93,0.455,22.57
1,Core-Router-01,Router,2024-01-19 22:00:00,41.73,45.93,53.37,392.25,4.22,0.172,43.14
2,Core-Router-02,Router,2024-01-19 22:00:00,34.37,43.5,44.94,429.2,5.14,0.189,41.57
3,Dist-Switch-01,Switch,2024-01-19 22:00:00,19.56,35.2,48.63,246.73,3.19,0.067,29.93
4,Dist-Switch-02,Switch,2024-01-19 22:00:00,23.87,34.72,38.97,254.82,2.51,0.141,30.88
5,Edge-Firewall-01,Firewall,2024-01-19 22:00:00,43.63,52.39,59.18,657.79,9.38,0.347,52.08
6,App-Server-01,Server,2024-01-19 22:00:00,48.18,55.63,33.85,164.19,2.39,0.133,65.86
7,App-Server-02,Server,2024-01-19 22:00:00,48.54,60.59,36.77,189.22,1.74,0.094,65.17
8,DB-Server-01,Server,2024-01-19 22:00:00,45.28,57.23,38.78,159.75,4.57,0.1,65.51
9,WiFi-AP-01,Access Point,2024-01-19 22:00:00,25.54,34.78,32.96,162.58,10.26,0.378,20.04
10,WiFi-AP-02,Access Point,2024-01-19 22:00:00,25.62,34.99,40.77,115.25,10.83,0.422,20.23
1,Core-Router-01,Router,2024-01-20 00:00:00,9.89,20.76,12.87,175.88,8.64,0.171,40.56
2,Core-Router-02,Router,2024-01-20 00:00:00,19.98,17.47,25.74,214.04,8.02,0.135,43.7
3,Dist-Switch-01,Switch,2024-01-20 00:00:00,10.64,15.74,21.23,104.52,1.93,0.112,28.95
4,Dist-Switch-02,Switch,2024-01-20 00:00:00,8.7,19.18,15.5,89.83,4.52,0.097,29.73
5,Edge-Firewall-01,Firewall,2024-01-20 00:00:00,20.11,21.92,17.98,289.28,15.01,0.258,50.66
6,App-Server-01,Server,2024-01-20 00:00:00,22.62,27.77,12.41,82.23,6.02,0.105,65.99
7,App-Server-02,Server,2024-01-20 00:00:00,17.09,22.81,15.54,105.5,4.97,0.099,65.62
8,DB-Server-01,Server,2024-01-20 00:00:00,21.18,28.74,17.65,44.31,4.88,0.123,66.09
9,WiFi-AP-01,Access Point,2024-01-20 00:00:00,5.0,11.37,19.07,71.74,18.2,0.436,21.77
10,WiFi-AP-02,Access Point,2024-01-20 00:00:00,7.67,11.38,10.68,58.56,17.69,0.407,22.42
1,Core-Router-01,Router,2024-01-20 02:00:00,18.09,15.48,17.38,197.95,8.53,0.174,41.42
2,Core-Router-02,Router,2024-01-20 02:00:00,15.76,16.9,20.27,176.63,10.12,0.16,40.69
3,Dist-Switch-01,Switch,2024-01-20 02:00:00,10.55,17.54,12.74,77.37,4.31,0.131,32.23
4,Dist-Switch-02,Switch,2024-01-20 02:00:00,9.75,10.91,14.88,111.28,3.1,0.056,31.69
5,Edge-Firewall-01,Firewall,2024-01-20 02:00:00,18.2,19.66,22.7,304.84,16.23,0.337,52.04
6,App-Server-01,Server,2024-01-20 02:00:00,21.74,26.97,11.07,33.77,6.04,0.108,64.56
7,App-Server-02,Server,2024-01-20 02:00:00,15.47,26.0,14.52,84.78,6.12,0.079,65.88
8,DB-Server-01,Server,2024-01-20 02:00:00,18.69,23.57,8.99,76.94,6.53,0.1,67.23
9,WiFi-AP-01,Access Point,2024-01-20 02:00:00,9.1,14.55,7.06,15.71,18.33,0.367,20.28
10,WiFi-AP-02,Access Point,2024-01-20 02:00:00,15.32,16.03,11.01,52.47,20.66,0.408,21.48
1,Core-Router-01,Router,2024-01-20 04:00:00,14.26,21.13,27.08,165.11,10.21,0.225,41.02
2,Core-Router-02,Router,2024-01-20 04:00:00,18.69,17.24,20.84,169.3,9.89,0.179,40.84
3,Dist-Switch-01,Switch,2024-01-20 04:00:00,16.5,20.15,21.52,93.38,3.02,0.099,31.9
4,Dist-Switch-02,Switch,2024-01-20 04:00:00,5.52,17.59,11.88,120.17,3.65,0.119,32.09
5,Edge-Firewall-01,Firewall,2024-01-20 04:00:00,24.75,26.85,24.92,253.36,13.49,0.354,49.87
6,App-Server-01,Server,2024-01-20 04:00:00,21.02,22.52,12.93,78.99,5.15,0.117,65.9
7,App-Server-02,Server,2024-01-20 04:00:00,17.15,23.38,47.34,63.72,7.23,0.13,65.37
8,DB-Server-01,Server,2024-01-20 04:00:00,16.3,24.04,19.59,59.33,6.36,0.119,65.18
9,WiFi-AP-01,Access Point,2024-01-20 04:00:00,5.94,15.96,16.31,38.13,17.83,0.321,19.39
10,WiFi-AP-02,Access Point,2024-01-20 04:00:00,11.7,12.39,5.0,51.37,17.44,0.42,20.36
1,Core-Router-01,Router,2024-01-20 06:00:00,37.91,26.87,24.35,214.86,9.6,0.168,39.49
2,Core-Router-02,Router,2024-01-20 06:00:00,27.64,27.09,26.33,230.38,9.6,0.176,40.19
3,Dist-Switch-01,Switch,2024-01-20 06:00:00,15.29,19.22,22.1,141.48,3.63,0.094,31.44
4,Dist-Switch-02,Switch,2024-01-20 06:00:00,7.79,16.67,21.2,174.84,2.78,0.064,30.41
5,Edge-Firewall-01,Firewall,2024-01-20 06:00:00,23.13,30.49,39.27,377.84,13.74,0.384,51.03
6,App-Server-01,Server,2024-01-20 06:00:00,25.35,36.5,16.09,125.44,4.58,0.134,66.15
7,App-Server-02,Server,2024-01-20 06:00:00,32.82,37.97,12.77,117.7,4.05,0.119,65.15
8,DB-Server-01,Server,2024-01-20 06:00:00,29.67,32.36,17.6,95.1,6.05,0.098,67.04
9,WiFi-AP-01,Access Point,2024-01-20 06:00:00,18.8,18.37,18.14,81.41,17.04,0.39,21.95
10,WiFi-AP-02,Access Point,2024-01-20 06:00:00,11.03,14.81,13.29,70.11,19.32,0.39,21.06
1,Core-Router-01,Router,2024-01-20 08:00:00,36.55,34.54,37.33,265.52,8.64,0.179,42.51
2,Core-Router-02,Router,2024-01-20 08:00:00,25.2,36.24,43.26,317.09,6.81,0.138,41.71
3,Dist-Switch-01,Switch,2024-01-20 08:00:00,15.22,27.76,25.91,138.72,4.66,0.058,32.55
4,Dist-Switch-02,Switch,2024-01-20 08:00:00,22.44,27.46,31.27,201.44,4.6,0.077,32.06
5,Edge-Firewall-01,Firewall,2024-01-20 08:00:00,33.67,38.2,44.04,511.09,13.34,0.334,51.4
6,App-Server-01,Server,2024-01-20 08:00:00,36.4,43.86,23.55,157.16,6.72,0.13,65.42
7,App-Server-02,Server,2024-01-20 08:00:00,41.42,46.17,25.14,104.0,4.77,0.097,66.23
8,DB-Server-01,Server,2024-01-20 08:00:00,44.84,42.3,20.22,124.58,6.49,0.145,67.4
9,WiFi-AP-01,Access Point,2024-01-20 08:00:00,15.16,23.15,20.52,109.19,18.01,0.354,20.05
10,WiFi-AP-02,Access Point,2024-01-20 08:00:00,14.57,45.86,28.02,81.67,16.65,0.48,19.59
1,Core-Router-01,Router,2024-01-20 10:00:00,36.37,38.25,66.55,398.04,9.27,0.199,41.35
2,Core-Router-02,Router,2024-01-20 10:00:00,35.05,40.72,55.03,414.66,7.84,0.137,41.09
3,Dist-Switch-01,Switch,2024-01-20 10:00:00,22.38,37.96,43.77,233.84,3.36,0.136,31.88
4,Dist-Switch-02,Switch,2024-01-20 10:00:00,24.05,30.76,41.33,251.61,0.88,0.075,30.53
5,Edge-Firewall-01,Firewall,2024-01-20 10:00:00,42.69,48.77,54.71,661.58,14.1,0.334,50.14
6,App-Server-01,Server,2024-01-20 10:00:00,50.57,55.46,33.45,158.58,6.1,0.204,64.53
7,App-Server-02,Server,2024-01-20 10:00:00,49.2,49.32,29.03,157.35,4.63,0.109,66.22
8,DB-Server-01,Server,2024-01-20 10:00:00,51.57,52.58,28.81,143.81,3.03,0.083,66.88
9,WiFi-AP-01,Access Point,2024-01-20 10:00:00,23.87,29.07,29.39,119.26,19.01,0.379,21.24
10,WiFi-AP-02,Access Point,2024-01-20 10:00:00,24.37,29.47,34.55,151.52,17.99,0.436,20.28
1,Core-Router-01,Router,2024-01-20 12:00:00,34.06,47.28,45.93,425.51,8.35,0.24,41.26
2,Core-Router-02,Router,2024-01-20 12:00:00,38.4,73.14,47.05,404.5,9.49,0.214,40.96
3,Dist-Switch-01,Switch,2024-01-20 12:00:00,49.05,36.84,34.29,271.4,4.54,0.099,30.77
4,Dist-Switch-02,Switch,2024-01-20 12:00:00,27.59,40.49,50.11,271.83,3.7,0.129,31.11
5,Edge-Firewall-01,Firewall,2024-01-20 12:00:00,47.24,56.74,65.58,670.24,16.65,0.382,51.37
6,App-Server-01,Server,2024-01-20 12:00:00,47.22,53.09,60.08,138.89,5.29,0.075,67.07
7,App-Server-02,Server,2024-01-20 12:00:00,44.38,61.54,34.1,188.61,5.02,0.139,64.73
8,DB-Server-01,Server,2024-01-20 12:00:00,45.24,60.25,40.99,156.74,6.08,0.149,66.13
9,WiFi-AP-01,Access Point,2024-01-20 12:00:00,23.68,29.26,36.79,140.35,15.25,0.438,21.3
10,WiFi-AP-02,Access Point,2024-01-20 12:00:00,45.81,32.37,29.19,136.71,18.1,0.373,22.04
1,Core-Router-01,Router,2024-01-20 14:00:00,40.86,71.19,51.18,406.27,8.9,0.162,41.97
2,Core-Router-02,Router,2024-01-20 14:00:00,31.94,46.24,58.46,415.29,10.02,0.157,41.91
3,Dist-Switch-01,Switch,2024-01-20 14:00:00,21.97,35.39,42.11,221.41,3.37,0.074,32.73
4,Dist-Switch-02,Switch,2024-01-20 14:00:00,26.82,39.68,47.83,232.76,3.47,0.185,30.87
5,Edge-Firewall-01,Firewall,2024-01-20 14:00:00,50.68,57.5,51.42,678.36,14.69,0.318,50.2
6,App-Server-01,Server,2024-01-20 14:00:00,45.94,57.38,33.12,191.74,7.27,0.143,66.81
7,App-Server-02,Server,2024-01-20 14:00:00,46.39,57.59,34.66,155.39,6.03,0.109,66.49
8,DB-Server-01,Server,2024-01-20 14:00:00,54.51,56.1,38.27,154.12,4.51,0.104,67.17
9,WiFi-AP-01,Access Point,2024-01-20 14:00:00,22.96,33.67,39.36,128.76,17.06,0.431,20.87
10,WiFi-AP-02,Access Point,2024-01-20 14:00:00,21.32,33.64,41.19,121.72,18.74,0.371,22.77
1,Core-Router-01,Router,2024-01-20 16:00:00,35.97,50.59,49.29,391.81,8.19,0.208,39.96
2,Core-Router-02,Router,2024-01-20 16:00:00,32.13,44.75,44.9,399.82,10.37,0.137,43.03
3,Dist-Switch-01,Switch,2024-01-20 16:00:00,19.06,35.2,36.91,256.38,1.4,0.132,30.84
4,Dist-Switch-02,Switch,2024-01-20 16:00:00,29.97,36.33,32.85,213.71,5.31,0.096,30.01
5,Edge-Firewall-01,Firewall,2024-01-20 16:00:00,49.48,54.52,61.82,614.74,13.02,0.306,51.29
6,App-Server-01,Server,2024-01-20 16:00:00,48.99,59.89,23.02,175.63,4.36,0.117,65.48
7,App-Server-02,Server,2024-01-20 16:00:00,44.27,53.62,24.46,159.24,4.68,0.111,66.59
8,DB-Server-01,Server,2024-01-20 16:00:00,54.28,56.55,34.29,186.44,4.83,0.152,66.15
9,WiFi-AP-01,Access Point,2024-01-20 16:00:00,14.11,39.05,42.93,162.11,18.24,0.37,20.49
10,WiFi-AP-02,Access Point,2024-01-20 16:00:00,23.34,28.04,40.85,103.01,16.73,0.444,22.77
1,Core-Router-01,Router,2024-01-20 18:00:00,22.91,38.73,68.84,285.47,8.7,0.152,41.7
2,Core-Router-02,Router,2024-01-20 18:00:00,23.6,34.56,34.59,326.34,8.87,0.15,40.74
3,Dist-Switch-01,Switch,2024-01-20 18:00:00,27.16,27.27,26.48,201.79,3.49,0.134,33.18
4,Dist-Switch-02,Switch,2024-01-20 18:00:00,17.6,27.38,32.49,224.72,1.96,0.073,33.04
5,Edge-Firewall-01,Firewall,2024-01-20 18:00:00,35.37,37.49,41.27,511.13,15.88,0.288,51.78
6,App-Server-01,Server,2024-01-20 18:00:00,32.28,40.03,22.94,155.51,5.52,0.081,66.23
7,App-Server-02,Server,2024-01-20 18:00:00,42.46,42.53,28.79,110.13,7.44,0.111,65.07
8,DB-Server-01,Server,2024-01-20 18:00:00,40.22,44.6,26.98,131.29,4.36,0.151,66.84
9,WiFi-AP-01,Access Point,2024-01-20 18:00:00,21.28,23.76,30.6,99.01,19.31,0.422,21.14
10,WiFi-AP-02,Access Point,2024-01-20 18:00:00,9.77,30.69,31.3,82.89,18.59,0.405,22.01
1,Core-Router-01,Router,2024-01-20 20:00:00,22.63,34.19,39.25,337.65,9.2,0.154,40.92
2,Core-Router-02,Router,2024-01-20 20:00:00,28.39,35.11,37.08,283.14,8.32,0.141,40.7
3,Dist-Switch-01,Switch,2024-01-20 20:00:00,18.39,27.55,27.37,180.26,3.33,0.059,31.34
4,Dist-Switch-02,Switch,2024-01-20 20:00:00,18.29,25.43,24.7,242.07,2.51,0.085,31.47
5,Edge-Firewall-01,Firewall,2024-01-20 20:00:00,36.3,42.76,42.15,511.76,14.61,0.288,51.2
6,App-Server-01,Server,2024-01-20 20:00:00,42.25,44.3,25.27,148.11,6.42,0.15,64.19
7,App-Server-02,Server,2024-01-20 20:00:00,41.64,46.17,41.68,131.78,6.51,0.112,66.39
8,DB-Server-01,Server,2024-01-20 20:00:00,41.51,41.15,24.64,132.77,4.66,0.115,65.81
9,WiFi-AP-01,Access Point,2024-01-20 20:00:00,19.05,27.28,24.21,108.1,17.35,0.438,20.58
10,WiFi-AP-02,Access Point,2024-01-20 20:00:00,20.34,27.32,28.51,86.73,17.79,0.366,19.88
1,Core-Router-01,Router,2024-01-20 22:00:00,19.35,24.7,20.9,213.68,9.5,0.12,40.64
2,Core-Router-02,Router,2024-01-20 22:00:00,17.09,30.08,23.46,235.48,8.6,0.119,41.41
3,Dist-Switch-01,Switch,2024-01-20 22:00:00,8.35,20.72,29.0,173.5,3.51,0.056,33.16
4,Dist-Switch-02,Switch,2024-01-20 22:00:00,18.37,18.89,19.95,157.4,2.63,0.114,31.28
5,Edge-Firewall-01,Firewall,2024-01-20 22:00:00,27.42,29.19,29.11,397.96,14.3,0.275,50.87
6,App-Server-01,Server,2024-01-20 22:00:00,28.43,29.17,15.61,79.82,6.3,0.109,64.19
7,App-Server-02,Server,2024-01-20 22:00:00,19.79,27.85,25.24,92.5,5.96,0.087,66.01
8,DB-Server-01,Server,2024-01-20 22:00:00,27.35,35.4,19.17,120.16,6.08,0.095,65.45
9,WiFi-AP-01,Access Point,2024-01-20 22:00:00,8.61,45.89,18.72,53.17,18.5,0.331,21.24
10,WiFi-AP-02,Access Point,2024-01-20 22:00:00,19.08,21.18,20.88,40.97,17.68,0.393,19.78
1,Core-Router-01,Router,2024-01-21 00:00:00,24.16,19.1,21.03,159.92,9.59,0.182,43.16
2,Core-Router-02,Router,2024-01-21 00:00:00,20.86,22.01,13.84,177.36,10.3,0.151,40.0
3,Dist-Switch-01,Switch,2024-01-21 00:00:00,7.79,14.24,14.31,134.53,1.72,0.087,29.71
4,Dist-Switch-02,Switch,2024-01-21 00:00:00,6.55,9.56,14.58,134.16,3.9,0.113,32.02
5,Edge-Firewall-01,Firewall,2024-01-21 00:00:00,23.98,22.83,34.43,293.63,15.23,0.288,51.63
6,App-Server-01,Server,2024-01-21 00:00:00,21.66,25.81,10.44,71.86,4.64,0.168,67.0
7,App-Server-02,Server,2024-01-21 00:00:00,14.78,24.58,15.53,75.83,5.17,0.071,66.47
8,DB-Server-01,Server,2024-01-21 00:00:00,42.08,29.46,15.03,70.58,4.55,0.084,66.67
9,WiFi-AP-01,Access Point,2024-01-21 00:00:00,7.89,15.49,14.13,65.39,19.09,0.369,21.12
10,WiFi-AP-02,Access Point,2024-01-21 00:00:00,5.0,12.02,18.57,100.95,17.84,0.336,20.44
1,Core-Router-01,Router,2024-01-21 02:00:00,11.7,17.03,10.38,200.32,6.86,0.125,39.82
2,Core-Router-02,Router,2024-01-21 02:00:00,12.05,23.19,21.8,153.94,8.5,0.15,40.96
3,Dist-Switch-01,Switch,2024-01-21 02:00:00,11.09,21.28,7.74,103.25,3.32,0.103,31.35
4,Dist-Switch-02,Switch,2024-01-21 02:00:00,12.76,16.63,30.63,128.18,4.43,0.102,32.26
5,Edge-Firewall-01,Firewall,2024-01-21 02:00:00,20.73,26.97,26.14,272.82,14.54,0.243,50.48
6,App-Server-01,Server,2024-01-21 02:00:00,27.32,25.14,14.33,77.07,8.43,0.12,65.15
7,App-Server-02,Server,2024-01-21 02:00:00,42.91,23.56,40.25,59.99,4.91,0.065,65.5
8,DB-Server-01,Server,2024-01-21 02:00:00,22.03,27.6,17.25,86.92,6.54,0.075,65.84
9,WiFi-AP-01,Access Point,2024-01-21 02:00:00,5.57,12.69,12.97,66.61,18.53,0.352,19.84
10,WiFi-AP-02,Access Point,2024-01-21 02:00:00,14.39,12.58,10.09,43.19,20.67,0.363,20.67
1,Core-Router-01,Router,2024-01-21 04:00:00,14.82,18.61,16.88,176.11,10.17,0.131,39.89
2,Core-Router-02,Router,2024-01-21 04:00:00,14.22,17.4,21.05,199.86,8.94,0.119,42.78
3,Dist-Switch-01,Switch,2024-01-21 04:00:00,13.9,17.31,27.12,113.75,1.65,0.099,29.41
4,Dist-Switch-02,Switch,2024-01-21 04:00:00,12.2,10.45,14.99,96.67,2.87,0.074,32.03
5,Edge-Firewall-01,Firewall,2024-01-21 04:00:00,16.2,24.16,19.43,273.41,14.87,0.282,49.69
6,App-Server-01,Server,2024-01-21 04:00:00,22.76,27.62,13.46,60.15,5.61,0.064,66.24
7,App-Server-02,Server,2024-01-21 04:00:00,10.68,21.05,9.63,72.32,5.64,0.087,66.26
8,DB-Server-01,Server,2024-01-21 04:00:00,15.59,28.6,20.22,44.14,5.79,0.088,66.14
9,WiFi-AP-01,Access Point,2024-01-21 04:00:00,12.88,20.25,19.35,57.87,17.84,0.348,22.36
10,WiFi-AP-02,Access Point,2024-01-21 04:00:00,8.48,11.2,7.49,62.24,18.43,0.358,22.03
1,Core-Router-01,Router,2024-01-21 06:00:00,19.1,25.01,27.64,223.98,9.33,0.177,39.86
2,Core-Router-02,Router,2024-01-21 06:00:00,22.74,25.93,28.49,248.44,9.14,0.147,41.72
3,Dist-Switch-01,Switch,2024-01-21 06:00:00,11.84,21.69,21.85,135.95,3.31,0.079,31.08
4,Dist-Switch-02,Switch,2024-01-21 06:00:00,15.44,20.74,15.08,139.23,3.7,0.07,30.41
5,Edge-Firewall-01,Firewall,2024-01-21 06:00:00,20.63,31.9,30.97,373.02,14.26,0.242,50.55
6,App-Server-01,Server,2024-01-21 06:00:00,23.85,33.76,15.46,95.68,5.87,0.091,64.8
7,App-Server-02,Server,2024-01-21 06:00:00,37.42,30.76,21.6,131.19,6.24,0.084,65.93
8,DB-Server-01,Server,2024-01-21 06:00:00,24.39,34.99,21.31,82.11,4.41,0.128,66.99
9,WiFi-AP-01,Access Point,2024-01-21 06:00:00,12.03,19.12,16.68,40.03,19.14,0.338,21.91
10,WiFi-AP-02,Access Point,2024-01-21 06:00:00,10.01,17.77,24.36,83.95,18.98,0.345,21.61
1,Core-Router-01,Router,2024-01-21 08:00:00,33.02,34.62,35.55,344.48,8.44,0.164,40.94
2,Core-Router-02,Router,2024-01-21 08:00:00,21.22,38.32,24.33,277.94,9.62,0.148,40.36
3,Dist-Switch-01,Switch,2024-01-21 08:00:00,19.65,20.99,35.3,195.57,3.59,0.061,31.49
4,Dist-Switch-02,Switch,2024-01-21 08:00:00,18.94,22.96,42.74,214.59,2.35,0.077,30.76
5,Edge-Firewall-01,Firewall,2024-01-21 08:00:00,39.25,34.81,41.97,472.99,14.26,0.302,51.08
6,App-Server-01,Server,2024-01-21 08:00:00,35.7,42.21,28.51,136.14,6.01,0.077,65.43
7,App-Server-02,Server,2024-01-21 08:00:00,37.64,45.97,14.53,134.93,5.76,0.072,65.85
8,DB-Server-01,Server,2024-01-21 08:00:00,27.85,43.15,34.36,127.31,5.15,0.065,66.35
9,WiFi-AP-01,Access Point,2024-01-21 08:00:00,18.52,24.72,30.71,128.82,19.19,0.473,20.34
10,WiFi-AP-02,Access Point,2024-01-21 08:00:00,22.59,23.04,30.35,109.94,17.67,0.372,21.91
1,Core-Router-01,Router,2024-01-21 10:00:00,32.89,48.68,40.72,435.83,10.09,0.137,40.6
2,Core-Router-02,Router,2024-01-21 10:00:00,33.7,43.27,47.4,422.14,11.06,0.144,40.15
3,Dist-Switch-01,Switch,2024-01-21 10:00:00,41.13,35.18,34.55,214.64,5.73,0.076,30.17
4,Dist-Switch-02,Switch,2024-01-21 10:00:00,27.09,32.2,34.22,222.16,5.29,0.076,28.56
5,Edge-Firewall-01,Firewall,2024-01-21 10:00:00,48.51,50.69,46.34,628.92,15.07,0.317,52.8
6,App-Server-01,Server,2024-01-21 10:00:00,44.23,55.72,28.26,127.97,6.34,0.095,66.28
7,App-Server-02,Server,2024-01-21 10:00:00,49.35,53.53,26.73,159.57,6.62,0.155,66.8
8,DB-Server-01,Server,2024-01-21 10:00:00,47.76,56.39,31.82,138.29,5.48,0.141,65.88
9,WiFi-AP-01,Access Point,2024-01-21 10:00:00,26.4,34.23,31.12,117.66,17.35,0.382,22.04
10,WiFi-AP-02,Access Point,2024-01-21 10:00:00,22.46,39.21,41.7,123.19,18.86,0.378,19.87
1,Core-Router-01,Router,2024-01-21 12:00:00,43.12,49.35,49.33,426.57,10.33,0.185,39.54
2,Core-Router-02,Router,2024-01-21 12:00:00,38.87,45.82,56.1,441.71,10.41,0.195,40.22
3,Dist-Switch-01,Switch,2024-01-21 12:00:00,29.72,36.12,61.66,263.31,3.09,0.154,31.3
4,Dist-Switch-02,Switch,2024-01-21 12:00:00,25.91,36.79,50.06,259.83,3.23,0.103,30.93
5,Edge-Firewall-01,Firewall,2024-01-21 12:00:00,42.41,57.83,49.91,670.96,15.16,0.302,50.28
6,App-Server-01,Server,2024-01-21 12:00:00,53.17,56.3,60.36,181.47,5.92,0.11,67.2
7,App-Server-02,Server,2024-01-21 12:00:00,50.88,61.18,41.33,190.79,6.57,0.085,66.79
8,DB-Server-01,Server,2024-01-21 12:00:00,51.39,55.33,35.2,173.56,6.04,0.082,65.24
9,WiFi-AP-01,Access Point,2024-01-21 12:00:00,23.68,29.75,45.19,121.7,18.43,0.399,21.59
10,WiFi-AP-02,Access Point,2024-01-21 12:00:00,15.42,36.16,39.41,113.62,17.43,0.363,19.7
1,Core-Router-01,Router,2024-01-21 14:00:00,44.79,50.78,52.79,416.63,8.89,0.183,42.76
2,Core-Router-02,Router,2024-01-21 14:00:00,35.62,42.97,58.27,385.35,8.08,0.148,39.44
3,Dist-Switch-01,Switch,2024-01-21 14:00:00,29.71,40.47,64.57,278.25,5.09,0.071,30.55
4,Dist-Switch-02,Switch,2024-01-21 14:00:00,34.3,40.06,43.39,279.93,3.94,0.092,31.08
5,Edge-Firewall-01,Firewall,2024-01-21 14:00:00,50.47,48.77,57.51,701.41,14.03,0.378,52.41
6,App-Server-01,Server,2024-01-21 14:00:00,50.27,57.25,32.25,221.73,7.33,0.081,65.39
7,App-Server-02,Server,2024-01-21 14:00:00,51.0,59.68,27.47,170.04,6.78,0.165,66.83
8,DB-Server-01,Server,2024-01-21 14:00:00,56.03,57.27,42.16,154.63,5.9,0.093,65.69
9,WiFi-AP-01,Access Point,2024-01-21 14:00:00,18.59,35.78,42.14,125.04,16.82,0.376,21.42
10,WiFi-AP-02,Access Point,2024-01-21 14:00:00,20.19,39.29,30.08,81.98,17.45,0.396,19.94
1,Core-Router-01,Router,2024-01-21 16:00:00,31.81,46.53,49.96,404.57,9.87,0.153,40.62
2,Core-Router-02,Router,2024-01-21 16:00:00,38.97,39.64,36.93,388.37,10.02,0.152,41.86
3,Dist-Switch-01,Switch,2024-01-21 16:00:00,15.76,36.68,42.97,211.2,4.5,0.063,34.07
4,Dist-Switch-02,Switch,2024-01-21 16:00:00,15.11,56.98,37.73,205.88,3.11,0.071,32.04
5,Edge-Firewall-01,Firewall,2024-01-21 16:00:00,50.56,55.88,50.76,657.85,14.94,0.334,50.79
6,App-Server-01,Server,2024-01-21 16:00:00,44.8,55.7,28.11,138.25,5.93,0.104,65.81
7,App-Server-02,Server,2024-01-21 16:00:00,53.11,54.8,30.25,172.02,5.32,0.081,63.48
8,DB-Server-01,Server,2024-01-21 16:00:00,47.71,50.1,25.66,132.11,4.41,0.101,65.51
9,WiFi-AP-01,Access Point,2024-01-21 16:00:00,22.51,32.43,26.23,120.78,18.5,0.384,20.94
10,WiFi-AP-02,Access Point,2024-01-21 16:00:00,20.61,34.06,27.86,114.22,19.69,0.433,21.85
1,Core-Router-01,Router,2024-01-21 18:00:00,30.73,39.9,47.7,315.04,8.12,0.144,44.1
2,Core-Router-02,Router,2024-01-21 18:00:00,22.31,33.53,31.05,320.12,7.89,0.128,39.05
3,Dist-Switch-01,Switch,2024-01-21 18:00:00,21.53,32.25,29.84,187.87,3.47,0.07,30.96
4,Dist-Switch-02,Switch,2024-01-21 18:00:00,22.13,32.29,27.69,184.39,4.54,0.132,29.03
5,Edge-Firewall-01,Firewall,2024-01-21 18:00:00,35.84,42.78,40.86,496.63,13.79,0.315,51.69
6,App-Server-01,Server,2024-01-21 18:00:00,33.39,43.67,20.88,97.94,6.32,0.093,66.19
7,App-Server-02,Server,2024-01-21 18:00:00,32.08,42.24,29.19,178.8,3.48,0.076,66.41
8,DB-Server-01,Server,2024-01-21 18:00:00,35.65,47.02,21.08,130.13,4.93,0.129,65.32
9,WiFi-AP-01,Access Point,2024-01-21 18:00:00,14.47,28.25,23.45,96.66,16.36,0.398,21.38
10,WiFi-AP-02,Access Point,2024-01-21 18:00:00,11.92,23.78,31.05,83.7,19.0,0.347,21.44
1,Core-Router-01,Router,2024-01-21 20:00:00,33.55,35.9,45.81,335.85,8.57,0.198,41.26
2,Core-Router-02,Router,2024-01-21 20:00:00,27.01,35.77,43.68,326.73,10.91,0.181,41.52
3,Dist-Switch-01,Switch,2024-01-21 20:00:00,31.67,28.05,32.12,204.51,4.27,0.066,31.12
4,Dist-Switch-02,Switch,2024-01-21 20:00:00,21.94,26.01,40.24,149.63,5.09,0.063,32.0
5,Edge-Firewall-01,Firewall,2024-01-21 20:00:00,36.39,42.33,47.24,524.38,14.22,0.325,49.92
6,App-Server-01,Server,2024-01-21 20:00:00,38.09,46.98,30.39,136.27,5.06,0.114,65.33
7,App-Server-02,Server,2024-01-21 20:00:00,45.12,60.72,17.71,103.16,5.5,0.08,67.97
8,DB-Server-01,Server,2024-01-21 20:00:00,33.96,44.59,20.11,117.2,7.14,0.124,66.59
9,WiFi-AP-01,Access Point,2024-01-21 20:00:00,17.45,25.34,31.18,72.09,19.84,0.449,21.05
10,WiFi-AP-02,Access Point,2024-01-21 20:00:00,25.57,24.21,55.71,123.93,17.72,0.446,19.39
1,Core-Router-01,Router,2024-01-21 22:00:00,29.03,23.82,26.79,208.74,10.04,0.168,40.51
2,Core-Router-02,Router,2024-01-21 22:00:00,21.99,22.22,26.83,259.04,9.52,0.129,41.21
3,Dist-Switch-01,Switch,2024-01-21 22:00:00,12.3,26.78,19.04,142.82,3.75,0.107,32.1
4,Dist-Switch-02,Switch,2024-01-21 22:00:00,13.73,48.25,24.74,93.16,2.05,0.087,30.44
5,Edge-Firewall-01,Firewall,2024-01-21 22:00:00,20.61,32.28,32.35,365.31,13.29,0.243,48.37
6,App-Server-01,Server,2024-01-21 22:00:00,27.07,32.53,19.69,61.12,5.68,0.116,65.19
7,App-Server-02,Server,2024-01-21 22:00:00,30.59,38.38,18.74,76.06,5.64,0.112,66.62
8,DB-Server-01,Server,2024-01-21 22:00:00,38.69,30.19,19.74,123.38,6.94,0.167,66.0
9,WiFi-AP-01,Access Point,2024-01-21 22:00:00,17.49,27.15,24.31,61.94,17.17,0.463,21.73
10,WiFi-AP-02,Access Point,2024-01-21 22:00:00,8.16,17.87,22.34,80.18,17.28,0.355,19.35
1,Core-Router-01,Router,2024-01-22 00:00:00,32.58,33.71,40.22,344.2,5.22,0.138,41.24
2,Core-Router-02,Router,2024-01-22 00:00:00,28.67,38.47,39.44,304.86,6.05,0.19,39.71
3,Dist-Switch-01,Switch,2024-01-22 00:00:00,25.08,29.51,32.99,209.58,1.43,0.11,30.67
4,Dist-Switch-02,Switch,2024-01-22 00:00:00,13.05,25.42,34.41,170.54,3.61,0.116,32.38
5,Edge-Firewall-01,Firewall,2024-01-22 00:00:00,35.23,41.82,38.24,525.12,8.38,0.299,52.74
6,App-Server-01,Server,2024-01-22 00:00:00,35.47,43.83,26.89,107.59,2.81,0.092,65.72
7,App-Server-02,Server,2024-01-22 00:00:00,43.13,39.67,30.87,139.52,2.43,0.118,63.97
8,DB-Server-01,Server,2024-01-22 00:00:00,34.71,47.35,24.98,149.56,2.38,0.103,65.33
9,WiFi-AP-01,Access Point,2024-01-22 00:00:00,11.93,24.94,25.09,63.87,9.82,0.341,22.32
10,WiFi-AP-02,Access Point,2024-01-22 00:00:00,19.53,28.92,32.02,101.38,8.77,0.366,21.65
1,Core-Router-01,Router,2024-01-22 02:00:00,34.25,36.79,44.09,295.11,4.67,0.156,42.21
2,Core-Router-02,Router,2024-01-22 02:00:00,27.84,34.49,41.33,293.23,6.61,0.172,39.13
3,Dist-Switch-01,Switch,2024-01-22 02:00:00,18.99,33.51,34.51,204.47,2.04,0.067,29.51
4,Dist-Switch-02,Switch,2024-01-22 02:00:00,9.91,29.01,38.14,196.33,2.62,0.134,31.38
5,Edge-Firewall-01,Firewall,2024-01-22 02:00:00,34.24,38.59,54.32,515.73,7.06,0.327,52.3
6,App-Server-01,Server,2024-01-22 02:00:00,33.74,49.77,11.48,154.75,3.49,0.073,65.87
7,App-Server-02,Server,2024-01-22 02:00:00,45.45,46.33,20.74,91.92,3.18,0.073,64.53
8,DB-Server-01,Server,2024-01-22 02:00:00,37.67,42.48,25.31,140.82,4.49,0.114,65.33
9,WiFi-AP-01,Access Point,2024-01-22 02:00:00,17.26,25.45,21.76,102.69,11.86,0.353,19.46
10,WiFi-AP-02,Access Point,2024-01-22 02:00:00,15.91,21.62,32.74,105.22,9.83,0.364,20.84
1,Core-Router-01,Router,2024-01-22 04:00:00,28.45,32.42,30.95,338.52,4.61,0.137,41.34
2,Core-Router-02,Router,2024-01-22 04:00:00,29.71,31.21,29.51,303.98,5.4,0.166,40.7
3,Dist-Switch-01,Switch,2024-01-22 04:00:00,27.45,22.88,27.8,227.38,1.96,0.099,32.22
4,Dist-Switch-02,Switch,2024-01-22 04:00:00,19.17,27.37,32.54,176.29,0.98,0.065,30.04
5,Edge-Firewall-01,Firewall,2024-01-22 04:00:00,34.78,42.11,48.47,527.76,7.59,0.295,51.54
6,App-Server-01,Server,2024-01-22 04:00:00,39.2,42.77,20.12,136.34,1.29,0.083,63.5
7,App-Server-02,Server,2024-01-22 04:00:00,32.54,41.57,30.74,140.06,2.45,0.103,66.94
8,DB-Server-01,Server,2024-01-22 04:00:00,37.25,40.05,24.22,124.34,1.77,0.087,66.33
9,WiFi-AP-01,Access Point,2024-01-22 04:00:00,17.57,26.1,32.07,91.14,10.2,0.373,20.47
10,WiFi-AP-02,Access Point,2024-01-22 04:00:00,49.19,19.13,32.8,82.31,9.25,0.377,19.56
1,Core-Router-01,Router,2024-01-22 06:00:00,34.63,43.76,49.41,404.92,6.6,0.224,39.03
2,Core-Router-02,Router,2024-01-22 06:00:00,40.07,48.89,53.23,407.84,4.76,0.177,40.63
3,Dist-Switch-01,Switch,2024-01-22 06:00:00,20.42,37.55,34.59,248.6,0.75,0.071,30.37
4,Dist-Switch-02,Switch,2024-01-22 06:00:00,26.42,41.13,50.05,202.04,1.17,0.078,31.51
5,Edge-Firewall-01,Firewall,2024-01-22 06:00:00,39.71,51.78,59.59,675.3,8.38,0.302,51.39
6,App-Server-01,Server,2024-01-22 06:00:00,51.29,59.11,37.0,123.61,4.54,0.186,64.97
7,App-Server-02,Server,2024-01-22 06:00:00,49.61,60.96,18.7,167.84,3.79,0.125,65.35
8,DB-Server-01,Server,2024-01-22 06:00:00,49.32,57.09,31.72,147.76,2.11,0.096,66.18
9,WiFi-AP-01,Access Point,2024-01-22 06:00:00,23.02,34.32,41.41,143.86,8.26,0.412,20.82
10,WiFi-AP-02,Access Point,2024-01-22 06:00:00,20.96,31.67,42.45,165.9,10.19,0.367,21.9
1,Core-Router-01,Router,2024-01-22 08:00:00,65.36,63.76,74.36,566.01,3.77,0.154,40.99
2,Core-Router-02,Router,2024-01-22 08:00:00,48.46,69.96,67.07,555.8,4.91,0.194,41.07
3,Dist-Switch-01,Switch,2024-01-22 08:00:00,36.67,49.48,65.33,358.56,3.05,0.087,31.87
4,Dist-Switch-02,Switch,2024-01-22 08:00:00,31.24,50.62,64.62,378.52,0.85,0.078,30.62
5,Edge-Firewall-01,Firewall,2024-01-22 08:00:00,60.89,76.11,86.75,935.23,7.68,0.348,50.69
6,App-Server-01,Server,2024-01-22 08:00:00,71.11,85.23,58.43,247.5,1.46,0.147,65.41
7,App-Server-02,Server,2024-01-22 08:00:00,64.59,83.13,48.13,211.57,1.75,0.092,64.85
8,DB-Server-01,Server,2024-01-22 08:00:00,65.22,81.39,41.48,240.08,4.49,0.09,66.18
9,WiFi-AP-01,Access Point,2024-01-22 08:00:00,37.02,42.75,58.05,195.08,10.85,0.476,21.33
10,WiFi-AP-02,Access Point,2024-01-22 08:00:00,26.61,49.59,57.76,195.77,10.04,0.416,21.24
1,Core-Router-01,Router,2024-01-22 10:00:00,68.89,82.67,84.68,729.9,3.69,0.218,40.27
2,Core-Router-02,Router,2024-01-22 10:00:00,68.26,76.15,91.99,730.03,4.22,0.203,40.46
3,Dist-Switch-01,Switch,2024-01-22 10:00:00,46.41,64.3,63.75,414.51,1.57,0.142,31.95
4,Dist-Switch-02,Switch,2024-01-22 10:00:00,49.91,70.08,69.69,430.39,1.59,0.109,29.21
5,Edge-Firewall-01,Firewall,2024-01-22 10:00:00,79.54,90.21,99.0,1200.07,7.49,0.369,51.96
6,App-Server-01,Server,2024-01-22 10:00:00,87.95,99.0,56.08,284.8,2.04,0.136,64.31
7,App-Server-02,Server,2024-01-22 10:00:00,90.72,97.09,62.7,282.36,1.77,0.124,66.98
8,DB-Server-01,Server,2024-01-22 10:00:00,85.08,99.0,46.46,263.03,4.29,0.104,64.19
9,WiFi-AP-01,Access Point,2024-01-22 10:00:00,33.38,55.12,64.29,209.66,10.18,0.404,22.41
10,WiFi-AP-02,Access Point,2024-01-22 10:00:00,37.88,85.83,70.95,209.3,8.74,0.474,21.19
1,Core-Router-01,Router,2024-01-22 12:00:00,69.63,82.52,89.01,784.38,5.98,0.209,41.84
2,Core-Router-02,Router,2024-01-22 12:00:00,71.35,84.81,91.22,791.65,4.63,0.19,40.25
3,Dist-Switch-01,Switch,2024-01-22 12:00:00,43.41,68.36,72.73,476.43,0.65,0.077,31.18
4,Dist-Switch-02,Switch,2024-01-22 12:00:00,38.8,67.75,78.02,469.04,1.8,0.103,30.94
5,Edge-Firewall-01,Firewall,2024-01-22 12:00:00,84.47,99.0,99.0,1214.4,7.51,0.402,50.72
6,App-Server-01,Server,2024-01-22 12:00:00,97.8,99.0,55.74,294.97,3.37,0.144,65.32
7,App-Server-02,Server,2024-01-22 12:00:00,97.47,99.0,66.17,332.09,2.27,0.143,65.77
8,DB-Server-01,Server,2024-01-22 12:00:00,87.74,99.0,60.37,314.19,4.4,0.135,66.54
9,WiFi-AP-01,Access Point,2024-01-22 12:00:00,30.51,62.73,77.68,170.02,10.69,0.399,20.2
10,WiFi-AP-02,Access Point,2024-01-22 12:00:00,41.58,82.57,72.95,222.81,9.06,0.432,21.92
1,Core-Router-01,Router,2024-01-22 14:00:00,67.52,83.55,99.0,789.02,6.15,0.241,40.34
2,Core-Router-02,Router,2024-01-22 14:00:00,69.37,81.42,99.0,795.65,4.47,0.259,41.05
3,Dist-Switch-01,Switch,2024-01-22 14:00:00,56.4,69.5,79.63,488.47,3.28,0.104,30.91
4,Dist-Switch-02,Switch,2024-01-22 14:00:00,48.1,66.62,77.51,438.28,0.5,0.077,32.31
5,Edge-Firewall-01,Firewall,2024-01-22 14:00:00,88.12,99.0,99.0,1216.54,6.08,0.485,49.87
6,App-Server-01,Server,2024-01-22 14:00:00,95.36,99.0,63.7,339.9,1.9,0.122,66.59
7,App-Server-02,Server,2024-01-22 14:00:00,88.65,99.0,59.96,299.3,5.11,0.12,66.98
8,DB-Server-01,Server,2024-01-22 14:00:00,97.51,99.0,67.64,296.94,2.46,0.112,65.43
9,WiFi-AP-01,Access Point,2024-01-22 14:00:00,41.66,62.2,66.61,243.72,9.72,0.441,21.1
10,WiFi-AP-02,Access Point,2024-01-22 14:00:00,40.23,62.57,67.25,247.18,9.78,0.453,19.58
1,Core-Router-01,Router,2024-01-22 16:00:00,69.06,79.63,99.5,744.51,4.52,0.238,41.12
2,Core-Router-02,Router,2024-01-22 16:00:00,66.36,78.81,94.2,673.87,6.12,0.206,41.51
3,Dist-Switch-01,Switch,2024-01-22 16:00:00,54.12,68.98,67.23,424.0,1.83,0.085,31.69
4,Dist-Switch-02,Switch,2024-01-22 16:00:00,46.99,67.57,73.62,442.47,0.91,0.111,31.95
5,Edge-Firewall-01,Firewall,2024-01-22 16:00:00,82.94,96.24,98.73,1175.96,6.84,0.42,50.79
6,App-Server-01,Server,2024-01-22 16:00:00,93.57,96.74,66.7,282.21,2.62,0.107,65.35
7,App-Server-02,Server,2024-01-22 16:00:00,86.54,99.0,54.38,299.18,2.1,0.132,64.68
8,DB-Server-01,Server,2024-01-22 16:00:00,84.82,99.0,53.66,274.8,3.19,0.111,68.28
9,WiFi-AP-01,Access Point,2024-01-22 16:00:00,35.53,58.89,69.84,235.57,10.23,0.415,23.07
10,WiFi-AP-02,Access Point,2024-01-22 16:00:00,35.78,56.56,61.89,182.54,10.82,0.525,21.04
1,Core-Router-01,Router,2024-01-22 18:00:00,51.28,70.4,60.31,560.85,4.86,0.161,40.5
2,Core-Router-02,Router,2024-01-22 18:00:00,51.77,59.9,71.25,532.45,4.97,0.182,42.07
3,Dist-Switch-01,Switch,2024-01-22 18:00:00,41.75,51.11,64.84,341.0,1.03,0.158,31.57
4,Dist-Switch-02,Switch,2024-01-22 18:00:00,34.75,54.16,59.26,345.94,0.67,0.081,31.67
5,Edge-Firewall-01,Firewall,2024-01-22 18:00:00,63.19,98.36,82.96,908.64,6.68,0.334,50.53
6,App-Server-01,Server,2024-01-22 18:00:00,70.81,78.89,43.23,252.61,3.15,0.121,66.07
7,App-Server-02,Server,2024-01-22 18:00:00,74.98,81.92,49.27,216.51,4.03,0.203,65.26
8,DB-Server-01,Server,2024-01-22 18:00:00,64.74,81.57,50.69,229.72,1.95,0.088,66.65
9,WiFi-AP-01,Access Point,2024-01-22 18:00:00,27.32,48.13,57.92,178.47,9.97,0.423,20.19
10,WiFi-AP-02,Access Point,2024-01-22 18:00:00,25.12,45.51,49.64,157.6,11.83,0.484,20.7
1,Core-Router-01,Router,2024-01-22 20:00:00,52.47,63.11,75.0,604.99,3.22,0.176,39.74
2,Core-Router-02,Router,2024-01-22 20:00:00,59.13,65.0,65.35,574.05,4.71,0.185,42.09
3,Dist-Switch-01,Switch,2024-01-22 20:00:00,30.14,57.62,65.92,329.82,2.07,0.151,32.28
4,Dist-Switch-02,Switch,2024-01-22 20:00:00,33.39,54.54,72.87,349.43,1.37,0.075,31.3
5,Edge-Firewall-01,Firewall,2024-01-22 20:00:00,61.58,76.58,74.77,912.89,8.76,0.411,51.95
6,App-Server-01,Server,2024-01-22 20:00:00,61.42,75.85,43.82,237.29,4.33,0.084,65.8
7,App-Server-02,Server,2024-01-22 20:00:00,71.78,78.43,47.01,207.56,3.08,0.092,65.25
8,DB-Server-01,Server,2024-01-22 20:00:00,70.13,81.52,52.19,199.44,2.92,0.123,66.92
9,WiFi-AP-01,Access Point,2024-01-22 20:00:00,31.96,47.83,48.58,191.37,8.47,0.483,19.77
10,WiFi-AP-02,Access Point,2024-01-22 20:00:00,28.81,48.34,37.22,200.12,10.13,0.465,21.15
1,Core-Router-01,Router,2024-01-22 22:00:00,42.26,48.11,56.02,393.68,4.59,0.188,42.77
2,Core-Router-02,Router,2024-01-22 22:00:00,40.45,54.85,48.18,406.51,4.86,0.209,40.68
3,Dist-Switch-01,Switch,2024-01-22 22:00:00,25.76,38.18,42.3,239.55,1.86,0.072,31.04
4,Dist-Switch-02,Switch,2024-01-22 22:00:00,29.03,43.17,37.9,244.76,1.17,0.074,30.51
5,Edge-Firewall-01,Firewall,2024-01-22 22:00:00,47.27,58.04,46.31,683.44,7.54,0.318,50.15
6,App-Server-01,Server,2024-01-22 22:00:00,55.31,61.68,36.52,184.26,2.25,0.109,66.8
7,App-Server-02,Server,2024-01-22 22:00:00,47.45,63.28,32.06,178.44,5.1,0.109,66.12
8,DB-Server-01,Server,2024-01-22 22:00:00,54.74,61.79,32.04,158.07,2.77,0.15,65.77
9,WiFi-AP-01,Access Point,2024-01-22 22:00:00,21.36,32.4,41.42,129.41,9.0,0.413,19.05
10,WiFi-AP-02,Access Point,2024-01-22 22:00:00,17.72,36.06,44.51,140.01,10.55,0.36,21.82
1,Core-Router-01,Router,2024-01-23 00:00:00,29.63,40.23,53.42,343.36,5.87,0.166,39.09
2,Core-Router-02,Router,2024-01-23 00:00:00,32.2,34.43,35.76,286.84,4.99,0.134,39.8
3,Dist-Switch-01,Switch,2024-01-23 00:00:00,13.1,29.94,36.01,193.71,3.15,0.061,31.05
4,Dist-Switch-02,Switch,2024-01-23 00:00:00,15.32,23.8,40.92,212.53,0.61,0.065,31.0
5,Edge-Firewall-01,Firewall,2024-01-23 00:00:00,33.72,39.92,46.22,522.76,8.4,0.273,50.94
6,App-Server-01,Server,2024-01-23 00:00:00,41.73,45.7,25.68,125.88,3.35,0.094,66.92
7,App-Server-02,Server,2024-01-23 00:00:00,33.68,43.08,28.38,103.94,1.43,0.07,64.4
8,DB-Server-01,Server,2024-01-23 00:00:00,32.78,46.58,24.3,152.31,1.8,0.071,66.5
9,WiFi-AP-01,Access Point,2024-01-23 00:00:00,11.14,28.42,31.04,62.76,9.96,0.353,20.51
10,WiFi-AP-02,Access Point,2024-01-23 00:00:00,9.91,26.16,39.54,87.21,11.57,0.367,21.32
1,Core-Router-01,Router,2024-01-23 02:00:00,31.57,34.79,36.49,331.02,6.89,0.147,40.58
2,Core-Router-02,Router,2024-01-23 02:00:00,27.73,42.37,38.65,304.61,3.85,0.219,41.46
3,Dist-Switch-01,Switch,2024-01-23 02:00:00,21.61,27.29,31.58,166.49,2.13,0.085,30.56
4,Dist-Switch-02,Switch,2024-01-23 02:00:00,25.75,25.97,33.07,206.87,1.92,0.072,29.67
5,Edge-Firewall-01,Firewall,2024-01-23 02:00:00,40.24,40.64,47.0,519.85,7.37,0.29,52.43
6,App-Server-01,Server,2024-01-23 02:00:00,33.51,50.69,21.6,103.01,3.13,0.177,64.19
7,App-Server-02,Server,2024-01-23 02:00:00,37.42,45.74,25.49,134.24,2.28,0.099,65.95
8,DB-Server-01,Server,2024-01-23 02:00:00,33.46,44.18,23.38,117.2,3.32,0.158,65.87
9,WiFi-AP-01,Access Point,2024-01-23 02:00:00,25.09,22.06,34.91,96.04,9.4,0.441,21.24
10,WiFi-AP-02,Access Point,2024-01-23 02:00:00,21.64,24.15,28.08,115.16,10.34,0.444,21.2
1,Core-Router-01,Router,2024-01-23 04:00:00,34.53,34.7,24.27,324.26,4.8,0.226,39.42
2,Core-Router-02,Router,2024-01-23 04:00:00,32.39,32.62,33.44,315.79,4.36,0.137,40.9
3,Dist-Switch-01,Switch,2024-01-23 04:00:00,14.19,26.95,33.86,190.74,1.92,0.154,31.83
4,Dist-Switch-02,Switch,2024-01-23 04:00:00,22.4,27.99,32.75,181.28,2.78,0.067,31.32
5,Edge-Firewall-01,Firewall,2024-01-23 04:00:00,35.46,41.09,59.0,493.07,7.32,0.306,50.5
6,App-Server-01,Server,2024-01-23 04:00:00,36.81,41.05,27.78,136.69,2.68,0.104,64.24
7,App-Server-02,Server,2024-01-23 04:00:00,35.15,43.8,45.35,91.63,2.69,0.102,67.38
8,DB-Server-01,Server,2024-01-23 04:00:00,35.79,46.51,28.5,150.97,2.65,0.158,66.17
9,WiFi-AP-01,Access Point,2024-01-23 04:00:00,11.77,23.15,26.98,88.17,10.14,0.37,20.73
10,WiFi-AP-02,Access Point,2024-01-23 04:00:00,17.41,25.36,33.16,91.18,9.92,0.371,20.94
1,Core-Router-01,Router,2024-01-23 06:00:00,34.85,43.77,54.52,400.34,4.68,0.186,40.75
2,Core-Router-02,Router,2024-01-23 06:00:00,41.29,44.65,45.38,390.1,6.31,0.198,41.85
3,Dist-Switch-01,Switch,2024-01-23 06:00:00,21.32,41.93,53.23,219.47,0.92,0.099,31.61
4,Dist-Switch-02,Switch,2024-01-23 06:00:00,28.43,36.26,52.14,255.56,0.78,0.077,29.9
5,Edge-Firewall-01,Firewall,2024-01-23 06:00:00,52.78,52.88,61.54,665.79,7.38,0.401,51.7
6,App-Server-01,Server,2024-01-23 06:00:00,55.84,56.33,26.03,184.87,1.35,0.139,65.2
7,App-Server-02,Server,2024-01-23 06:00:00,46.23,59.83,28.57,154.66,3.35,0.195,67.74
8,DB-Server-01,Server,2024-01-23 06:00:00,50.81,55.2,28.67,188.63,3.6,0.145,65.42
9,WiFi-AP-01,Access Point,2024-01-23 06:00:00,22.29,35.04,41.46,149.15,9.28,0.373,20.49
10,WiFi-AP-02,Access Point,2024-01-23 06:00:00,20.89,35.86,29.71,148.79,8.86,0.378,22.34
1,Core-Router-01,Router,2024-01-23 08:00:00,77.13,64.85,63.73,559.37,5.94,0.183,40.61
2,Core-Router-02,Router,2024-01-23 08:00:00,56.08,60.68,70.98,581.11,5.0,0.182,40.52
3,Dist-Switch-01,Switch,2024-01-23 08:00:00,30.5,53.67,54.68,367.52,1.78,0.118,30.86
4,Dist-Switch-02,Switch,2024-01-23 08:00:00,33.17,55.25,56.18,342.63,3.41,0.092,32.76
5,Edge-Firewall-01,Firewall,2024-01-23 08:00:00,68.86,72.77,86.18,958.91,9.53,0.387,52.07
6,App-Server-01,Server,2024-01-23 08:00:00,68.42,99.5,44.66,198.8,4.34,0.098,67.39
7,App-Server-02,Server,2024-01-23 08:00:00,64.7,84.48,43.95,206.41,4.63,0.138,66.31
8,DB-Server-01,Server,2024-01-23 08:00:00,69.77,82.55,47.39,216.25,2.59,0.183,68.77
9,WiFi-AP-01,Access Point,2024-01-23 08:00:00,35.26,47.85,50.53,158.11,9.27,0.433,23.25
10,WiFi-AP-02,Access Point,2024-01-23 08:00:00,36.24,48.66,47.42,191.94,9.76,0.516,21.39
1,Core-Router-01,Router,2024-01-23 10:00:00,61.91,77.36,85.79,715.35,4.97,0.166,39.22
2,Core-Router-02,Router,2024-01-23 10:00:00,71.36,76.83,82.28,718.74,4.89,0.244,41.37
3,Dist-Switch-01,Switch,2024-01-23 10:00:00,45.78,66.1,73.69,441.38,0.5,0.085,32.26
4,Dist-Switch-02,Switch,2024-01-23 10:00:00,59.29,61.67,74.65,423.77,4.05,0.147,31.72
5,Edge-Firewall-01,Firewall,2024-01-23 10:00:00,74.16,93.33,99.0,1181.89,6.92,0.381,51.12
6,App-Server-01,Server,2024-01-23 10:00:00,88.13,99.5,51.61,306.34,2.43,0.149,66.43
7,App-Server-02,Server,2024-01-23 10:00:00,86.2,99.0,62.14,315.34,2.47,0.15,66.79
8,DB-Server-01,Server,2024-01-23 10:00:00,81.24,97.63,52.71,281.82,1.66,0.188,64.96
9,WiFi-AP-01,Access Point,2024-01-23 10:00:00,38.84,54.21,63.58,256.53,9.95,0.434,20.15
10,WiFi-AP-02,Access Point,2024-01-23 10:00:00,44.92,56.4,64.14,243.93,9.82,0.437,20.82
1,Core-Router-01,Router,2024-01-23 12:00:00,68.14,85.73,95.08,756.41,4.23,0.199,39.7
2,Core-Router-02,Router,2024-01-23 12:00:00,62.87,85.51,97.01,786.69,2.62,0.175,40.0
3,Dist-Switch-01,Switch,2024-01-23 12:00:00,46.73,67.98,79.89,461.18,0.5,0.122,31.11
4,Dist-Switch-02,Switch,2024-01-23 12:00:00,46.52,65.02,69.24,462.69,0.6,0.157,30.65
5,Edge-Firewall-01,Firewall,2024-01-23 12:00:00,82.67,97.37,99.0,1231.11,7.28,0.369,50.72
6,App-Server-01,Server,2024-01-23 12:00:00,92.98,99.0,65.74,333.47,3.84,0.108,65.67
7,App-Server-02,Server,2024-01-23 12:00:00,90.76,99.0,61.56,321.66,2.27,0.097,65.42
8,DB-Server-01,Server,2024-01-23 12:00:00,93.15,99.0,57.84,294.11,3.5,0.101,65.67
9,WiFi-AP-01,Access Point,2024-01-23 12:00:00,39.51,60.3,74.87,211.3,9.81,0.489,20.75
10,WiFi-AP-02,Access Point,2024-01-23 12:00:00,31.74,63.78,73.07,246.46,10.03,0.439,20.3
1,Core-Router-01,Router,2024-01-23 14:00:00,75.36,88.93,92.93,758.96,6.37,0.21,41.33
2,Core-Router-02,Router,2024-01-23 14:00:00,74.64,82.11,96.46,779.68,4.96,0.224,40.38
3,Dist-Switch-01,Switch,2024-01-23 14:00:00,47.31,64.96,77.58,472.38,2.99,0.144,32.42
4,Dist-Switch-02,Switch,2024-01-23 14:00:00,52.94,70.46,71.74,455.0,1.95,0.09,31.12
5,Edge-Firewall-01,Firewall,2024-01-23 14:00:00,85.74,99.0,99.0,1221.62,7.66,0.4,53.02
6,App-Server-01,Server,2024-01-23 14:00:00,98.17,99.0,88.83,323.68,3.18,0.174,65.84
7,App-Server-02,Server,2024-01-23 14:00:00,90.97,99.0,54.11,317.56,3.32,0.154,65.35
8,DB-Server-01,Server,2024-01-23 14:00:00,96.96,99.0,62.4,303.91,3.51,0.141,66.19
9,WiFi-AP-01,Access Point,2024-01-23 14:00:00,39.14,62.23,69.63,237.67,12.19,0.545,20.46
10,WiFi-AP-02,Access Point,2024-01-23 14:00:00,29.19,63.33,70.17,252.0,10.28,0.391,22.23
1,Core-Router-01,Router,2024-01-23 16:00:00,70.35,75.62,82.95,723.2,5.1,0.182,41.53
2,Core-Router-02,Router,2024-01-23 16:00:00,69.26,84.95,89.93,708.27,4.85,0.173,41.61
3,Dist-Switch-01,Switch,2024-01-23 16:00:00,45.07,71.43,70.22,442.88,4.35,0.102,31.25
4,Dist-Switch-02,Switch,2024-01-23 16:00:00,39.74,65.52,68.63,456.12,2.15,0.117,31.94
5,Edge-Firewall-01,Firewall,2024-01-23 16:00:00,80.5,97.15,99.5,1167.88,8.77,0.382,49.84
6,App-Server-01,Server,2024-01-23 16:00:00,86.87,99.0,63.65,281.56,1.72,0.115,65.63
7,App-Server-02,Server,2024-01-23 16:00:00,88.82,99.0,54.26,312.21,3.14,0.116,64.38
8,DB-Server-01,Server,2024-01-23 16:00:00,77.34,97.23,55.62,301.65,0.66,0.168,66.27
9,WiFi-AP-01,Access Point,2024-01-23 16:00:00,41.71,55.37,67.8,219.3,10.82,0.437,21.57
10,WiFi-AP-02,Access Point,2024-01-23 16:00:00,40.67,56.07,66.49,179.84,10.7,0.52,19.86
1,Core-Router-01,Router,2024-01-23 18:00:00,51.86,66.47,69.79,583.55,4.61,0.173,41.01
2,Core-Router-02,Router,2024-01-23 18:00:00,52.39,60.28,69.3,611.62,4.58,0.214,40.95
3,Dist-Switch-01,Switch,2024-01-23 18:00:00,31.96,48.21,58.72,333.94,1.38,0.074,29.57
4,Dist-Switch-02,Switch,2024-01-23 18:00:00,27.85,54.24,48.37,328.62,0.5,0.088,31.53
5,Edge-Firewall-01,Firewall,2024-01-23 18:00:00,64.28,82.61,86.67,909.78,6.8,0.464,52.16
6,App-Server-01,Server,2024-01-23 18:00:00,71.99,81.46,47.79,202.46,3.16,0.09,65.2
7,App-Server-02,Server,2024-01-23 18:00:00,67.48,85.78,45.79,273.52,1.26,0.11,64.55
8,DB-Server-01,Server,2024-01-23 18:00:00,64.79,78.75,48.0,237.44,2.32,0.194,67.58
9,WiFi-AP-01,Access Point,2024-01-23 18:00:00,27.87,43.07,53.6,178.16,9.68,0.391,19.94
10,WiFi-AP-02,Access Point,2024-01-23 18:00:00,32.05,43.43,49.19,187.05,11.2,0.475,22.16
1,Core-Router-01,Router,2024-01-23 20:00:00,50.93,59.2,76.66,607.66,4.33,0.197,40.77
2,Core-Router-02,Router,2024-01-23 20:00:00,58.23,62.28,79.52,595.97,6.8,0.181,41.51
3,Dist-Switch-01,Switch,2024-01-23 20:00:00,30.94,54.75,62.52,396.09,2.48,0.102,30.63
4,Dist-Switch-02,Switch,2024-01-23 20:00:00,36.98,51.08,58.6,351.64,1.65,0.072,30.72
5,Edge-Firewall-01,Firewall,2024-01-23 20:00:00,62.31,78.66,82.11,935.34,6.54,0.346,51.63
6,App-Server-01,Server,2024-01-23 20:00:00,68.04,87.49,34.97,247.79,3.71,0.111,66.28
7,App-Server-02,Server,2024-01-23 20:00:00,71.83,83.84,42.79,238.08,2.82,0.141,66.82
8,DB-Server-01,Server,2024-01-23 20:00:00,67.37,76.74,43.72,216.12,4.03,0.091,67.48
9,WiFi-AP-01,Access Point,2024-01-23 20:00:00,26.35,49.04,66.42,181.2,10.86,0.414,19.68
10,WiFi-AP-02,Access Point,2024-01-23 20:00:00,31.36,47.34,50.92,156.39,10.69,0.443,23.23
1,Core-Router-01,Router,2024-01-23 22:00:00,38.44,42.75,48.07,416.44,7.41,0.183,40.98
2,Core-Router-02,Router,2024-01-23 22:00:00,35.83,47.92,48.03,399.22,4.8,0.151,40.51
3,Dist-Switch-01,Switch,2024-01-23 22:00:00,23.16,41.53,40.6,230.52,1.54,0.064,29.76
4,Dist-Switch-02,Switch,2024-01-23 22:00:00,31.82,40.58,49.35,261.04,0.5,0.143,30.24
5,Edge-Firewall-01,Firewall,2024-01-23 22:00:00,43.29,55.33,65.97,696.27,8.91,0.302,50.77
6,App-Server-01,Server,2024-01-23 22:00:00,52.02,58.69,38.21,185.4,3.59,0.202,66.23
7,App-Server-02,Server,2024-01-23 22:00:00,50.2,59.58,58.34,142.3,3.46,0.093,66.67
8,DB-Server-01,Server,2024-01-23 22:00:00,47.96,63.33,38.77,174.74,2.79,0.117,66.49
9,WiFi-AP-01,Access Point,2024-01-23 22:00:00,22.05,36.89,45.11,101.55,8.95,0.405,19.6
10,WiFi-AP-02,Access Point,2024-01-23 22:00:00,20.85,35.56,37.87,115.92,11.13,0.37,21.44
1,Core-Router-01,Router,2024-01-24 00:00:00,33.17,34.53,48.37,308.29,7.0,0.182,41.67
2,Core-Router-02,Router,2024-01-24 00:00:00,25.98,38.26,35.68,323.07,4.35,0.173,40.49
3,Dist-Switch-01,Switch,2024-01-24 00:00:00,25.77,25.56,25.0,209.38,1.41,0.063,30.83
4,Dist-Switch-02,Switch,2024-01-24 00:00:00,13.78,28.32,38.05,210.41,2.23,0.113,30.09
5,Edge-Firewall-01,Firewall,2024-01-24 00:00:00,33.6,42.43,43.76,502.66,6.8,0.371,51.97
6,App-Server-01,Server,2024-01-24 00:00:00,39.04,47.12,23.19,112.64,3.01,0.112,65.92
7,App-Server-02,Server,2024-01-24 00:00:00,41.28,41.4,24.57,125.5,4.23,0.081,67.9
8,DB-Server-01,Server,2024-01-24 00:00:00,32.68,44.8,26.28,139.3,2.19,0.151,66.16
9,WiFi-AP-01,Access Point,2024-01-24 00:00:00,11.51,25.33,26.99,150.84,11.05,0.337,21.04
10,WiFi-AP-02,Access Point,2024-01-24 00:00:00,19.67,28.38,13.99,108.03,10.03,0.425,22.03
1,Core-Router-01,Router,2024-01-24 02:00:00,37.54,36.57,43.57,353.33,4.17,0.23,41.81
2,Core-Router-02,Router,2024-01-24 02:00:00,27.56,30.77,37.68,331.8,4.85,0.167,40.93
3,Dist-Switch-01,Switch,2024-01-24 02:00:00,18.96,22.76,31.01,163.46,2.66,0.138,32.16
4,Dist-Switch-02,Switch,2024-01-24 02:00:00,17.4,26.92,33.2,173.03,2.28,0.095,30.59
5,Edge-Firewall-01,Firewall,2024-01-24 02:00:00,36.52,37.83,38.09,512.56,7.97,0.281,51.48
6,App-Server-01,Server,2024-01-24 02:00:00,38.3,46.24,25.87,86.75,1.25,0.166,66.15
7,App-Server-02,Server,2024-01-24 02:00:00,41.87,43.38,25.09,117.83,5.47,0.084,65.62
8,DB-Server-01,Server,2024-01-24 02:00:00,31.46,50.34,24.56,141.78,3.86,0.089,66.82
9,WiFi-AP-01,Access Point,2024-01-24 02:00:00,13.45,22.41,34.37,92.01,10.52,0.361,21.79
10,WiFi-AP-02,Access Point,2024-01-24 02:00:00,9.64,23.62,26.93,78.55,10.43,0.388,22.5
1,Core-Router-01,Router,2024-01-24 04:00:00,27.2,35.77,40.3,329.68,4.12,0.218,42.08
2,Core-Router-02,Router,2024-01-24 04:00:00,32.36,38.51,40.74,296.7,4.86,0.215,41.57
3,Dist-Switch-01,Switch,2024-01-24 04:00:00,18.36,28.43,37.75,181.21,1.75,0.06,29.31
4,Dist-Switch-02,Switch,2024-01-24 04:00:00,17.97,21.1,28.8,207.45,2.45,0.089,31.19
5,Edge-Firewall-01,Firewall,2024-01-24 04:00:00,30.6,41.24,59.07,544.52,8.05,0.269,50.17
6,App-Server-01,Server,2024-01-24 04:00:00,34.86,45.5,22.76,144.98,4.57,0.084,66.25
7,App-Server-02,Server,2024-01-24 04:00:00,31.35,46.66,19.66,118.54,3.96,0.117,65.68
8,DB-Server-01,Server,2024-01-24 04:00:00,36.43,42.32,19.39,114.2,1.39,0.102,66.54
9,WiFi-AP-01,Access Point,2024-01-24 04:00:00,18.1,22.52,22.58,96.25,10.06,0.362,20.86
10,WiFi-AP-02,Access Point,2024-01-24 04:00:00,22.71,26.66,38.41,120.55,11.7,0.422,21.74
1,Core-Router-01,Router,2024-01-24 06:00:00,36.34,41.54,58.24,417.13,3.94,0.157,40.35
2,Core-Router-02,Router,2024-01-24 06:00:00,35.3,45.87,59.41,409.67,6.66,0.178,41.55
3,Dist-Switch-01,Switch,2024-01-24 06:00:00,28.37,38.11,48.73,265.14,0.5,0.079,31.93
4,Dist-Switch-02,Switch,2024-01-24 06:00:00,24.22,38.45,39.24,226.25,0.5,0.139,31.82
5,Edge-Firewall-01,Firewall,2024-01-24 06:00:00,36.57,52.99,55.39,671.16,6.14,0.293,49.88
6,App-Server-01,Server,2024-01-24 06:00:00,55.29,57.35,56.64,169.28,3.24,0.079,65.72
7,App-Server-02,Server,2024-01-24 06:00:00,52.13,60.62,30.01,177.73,4.19,0.111,67.08
8,DB-Server-01,Server,2024-01-24 06:00:00,51.45,56.41,29.79,175.6,3.94,0.215,67.13
9,WiFi-AP-01,Access Point,2024-01-24 06:00:00,16.47,31.54,49.46,122.61,10.05,0.397,22.72
10,WiFi-AP-02,Access Point,2024-01-24 06:00:00,23.15,31.52,33.1,133.04,10.04,0.411,21.7
1,Core-Router-01,Router,2024-01-24 08:00:00,51.29,62.35,69.0,570.61,4.87,0.152,40.25
2,Core-Router-02,Router,2024-01-24 08:00:00,54.87,62.87,65.59,574.59,5.24,0.159,41.57
3,Dist-Switch-01,Switch,2024-01-24 08:00:00,38.49,56.26,59.59,327.59,1.73,0.119,32.85
4,Dist-Switch-02,Switch,2024-01-24 08:00:00,42.85,54.3,62.45,353.99,2.37,0.151,31.08
5,Edge-Firewall-01,Firewall,2024-01-24 08:00:00,60.45,76.46,81.13,969.54,8.92,0.335,50.88
6,App-Server-01,Server,2024-01-24 08:00:00,76.5,81.34,48.19,233.49,2.6,0.09,64.19
7,App-Server-02,Server,2024-01-24 08:00:00,63.6,82.48,54.37,239.61,2.28,0.154,66.93
8,DB-Server-01,Server,2024-01-24 08:00:00,67.53,83.36,48.48,242.22,3.03,0.103,66.03
9,WiFi-AP-01,Access Point,2024-01-24 08:00:00,26.54,43.64,40.42,170.87,11.52,0.416,21.38
10,WiFi-AP-02,Access Point,2024-01-24 08:00:00,26.15,49.52,51.75,205.99,9.02,0.416,20.3
1,Core-Router-01,Router,2024-01-24 10:00:00,59.5,77.16,87.76,712.79,1.14,0.213,39.47
2,Core-Router-02,Router,2024-01-24 10:00:00,67.79,80.07,97.83,746.97,4.5,0.203,42.65
3,Dist-Switch-01,Switch,2024-01-24 10:00:00,37.72,66.01,72.05,429.35,2.35,0.078,31.61
4,Dist-Switch-02,Switch,2024-01-24 10:00:00,44.18,66.69,73.17,423.03,2.0,0.108,30.37
5,Edge-Firewall-01,Firewall,2024-01-24 10:00:00,78.63,94.16,99.0,1181.58,7.5,0.367,51.27
6,App-Server-01,Server,2024-01-24 10:00:00,84.81,99.0,63.18,294.54,3.23,0.128,68.12
7,App-Server-02,Server,2024-01-24 10:00:00,84.65,96.78,62.46,288.52,2.7,0.12,68.02
8,DB-Server-01,Server,2024-01-24 10:00:00,88.66,99.0,58.98,296.21,4.4,0.107,64.69
9,WiFi-AP-01,Access Point,2024-01-24 10:00:00,39.82,59.65,65.97,227.52,9.63,0.421,21.02
10,WiFi-AP-02,Access Point,2024-01-24 10:00:00,33.99,61.73,58.37,265.33,10.88,0.491,20.93
1,Core-Router-01,Router,2024-01-24 12:00:00,68.72,86.0,87.58,771.73,4.88,0.206,40.27
2,Core-Router-02,Router,2024-01-24 12:00:00,73.07,79.73,94.92,787.04,4.78,0.176,42.31
3,Dist-Switch-01,Switch,2024-01-24 12:00:00,43.45,67.59,74.63,485.96,3.29,0.142,32.16
4,Dist-Switch-02,Switch,2024-01-24 12:00:00,49.54,74.06,79.03,461.77,3.15,0.11,33.39
5,Edge-Firewall-01,Firewall,2024-01-24 12:00:00,88.66,99.0,99.0,1222.13,6.56,0.388,52.08
6,App-Server-01,Server,2024-01-24 12:00:00,92.52,99.5,63.38,300.38,3.09,0.12,66.29
7,App-Server-02,Server,2024-01-24 12:00:00,93.13,99.0,59.52,353.61,4.23,0.17,63.78
8,DB-Server-01,Server,2024-01-24 12:00:00,92.84,99.0,59.09,328.87,3.06,0.105,66.91
9,WiFi-AP-01,Access Point,2024-01-24 12:00:00,36.43,60.83,72.75,230.7,11.91,0.444,21.78
10,WiFi-AP-02,Access Point,2024-01-24 12:00:00,38.36,64.31,67.79,236.98,9.08,0.467,21.44
1,Core-Router-01,Router,2024-01-24 14:00:00,77.33,92.0,96.35,772.46,4.05,0.223,41.36
2,Core-Router-02,Router,2024-01-24 14:00:00,71.55,90.01,88.41,752.61,4.76,0.213,41.7
3,Dist-Switch-01,Switch,2024-01-24 14:00:00,42.68,71.67,71.1,445.9,1.88,0.099,32.04
4,Dist-Switch-02,Switch,2024-01-24 14:00:00,47.41,74.7,75.87,460.21,3.21,0.078,32.64
5,Edge-Firewall-01,Firewall,2024-01-24 14:00:00,86.98,93.18,99.0,1252.0,8.95,0.47,50.49
6,App-Server-01,Server,2024-01-24 14:00:00,90.18,99.0,70.4,308.2,2.96,0.123,66.72
7,App-Server-02,Server,2024-01-24 14:00:00,79.19,99.0,54.62,316.44,2.71,0.09,64.07
8,DB-Server-01,Server,2024-01-24 14:00:00,91.29,99.0,68.73,322.81,1.66,0.159,66.87
9,WiFi-AP-01,Access Point,2024-01-24 14:00:00,38.09,55.61,74.17,219.48,10.35,0.418,22.69
10,WiFi-AP-02,Access Point,2024-01-24 14:00:00,38.05,61.64,77.29,218.16,10.81,0.424,20.15
1,Core-Router-01,Router,2024-01-24 16:00:00,65.44,82.05,94.01,756.53,4.71,0.215,40.83
2,Core-Router-02,Router,2024-01-24 16:00:00,78.15,79.32,85.54,741.58,2.79,0.197,40.42
3,Dist-Switch-01,Switch,2024-01-24 16:00:00,48.37,62.09,73.84,433.66,3.04,0.104,31.27
4,Dist-Switch-02,Switch,2024-01-24 16:00:00,41.4,59.88,73.94,446.83,0.5,0.132,31.4
5,Edge-Firewall-01,Firewall,2024-01-24 16:00:00,81.33,91.54,98.91,1126.52,9.38,0.428,51.69
6,App-Server-01,Server,2024-01-24 16:00:00,87.1,99.0,54.2,292.04,1.3,0.19,66.75
7,App-Server-02,Server,2024-01-24 16:00:00,99.5,99.0,63.22,305.75,2.34,0.169,66.66
8,DB-Server-01,Server,2024-01-24 16:00:00,92.61,99.0,54.15,280.31,3.57,0.158,64.91
9,WiFi-AP-01,Access Point,2024-01-24 16:00:00,30.36,65.18,94.04,223.17,9.31,0.416,22.11
10,WiFi-AP-02,Access Point,2024-01-24 16:00:00,37.55,63.39,63.8,212.85,10.23,0.436,21.38
1,Core-Router-01,Router,2024-01-24 18:00:00,47.21,64.92,67.92,570.01,5.03,0.195,40.01
2,Core-Router-02,Router,2024-01-24 18:00:00,41.88,69.22,72.57,579.29,4.33,0.286,40.42
3,Dist-Switch-01,Switch,2024-01-24 18:00:00,37.76,55.17,61.37,352.14,3.3,0.085,32.24
4,Dist-Switch-02,Switch,2024-01-24 18:00:00,33.36,49.7,53.13,327.69,2.66,0.104,30.12
5,Edge-Firewall-01,Firewall,2024-01-24 18:00:00,66.83,76.6,86.24,940.85,7.25,0.337,51.28
6,App-Server-01,Server,2024-01-24 18:00:00,66.12,78.11,43.13,273.38,2.59,0.145,65.68
7,App-Server-02,Server,2024-01-24 18:00:00,73.35,84.13,72.7,240.41,4.38,0.106,67.86
8,DB-Server-01,Server,2024-01-24 18:00:00,63.32,82.47,47.95,213.92,3.58,0.156,65.5
9,WiFi-AP-01,Access Point,2024-01-24 18:00:00,21.08,51.21,51.19,217.83,10.8,0.386,20.56
10,WiFi-AP-02,Access Point,2024-01-24 18:00:00,24.9,48.1,51.99,147.7,8.48,0.423,22.97
1,Core-Router-01,Router,2024-01-24 20:00:00,61.2,64.59,70.54,574.9,4.07,0.23,43.02
2,Core-Router-02,Router,2024-01-24 20:00:00,48.77,63.73,67.55,573.22,6.19,0.214,41.62
3,Dist-Switch-01,Switch,2024-01-24 20:00:00,37.81,51.92,62.63,351.93,3.22,0.145,30.8
4,Dist-Switch-02,Switch,2024-01-24 20:00:00,34.61,44.33,52.73,332.7,2.95,0.103,30.33
5,Edge-Firewall-01,Firewall,2024-01-24 20:00:00,67.25,70.76,71.07,923.37,6.55,0.405,51.72
6,App-Server-01,Server,2024-01-24 20:00:00,73.3,83.79,52.07,257.47,0.87,0.109,65.62
7,App-Server-02,Server,2024-01-24 20:00:00,66.81,83.11,37.88,197.63,3.63,0.108,66.29
8,DB-Server-01,Server,2024-01-24 20:00:00,66.28,83.66,49.93,234.36,1.82,0.104,66.99
9,WiFi-AP-01,Access Point,2024-01-24 20:00:00,34.39,45.55,80.09,171.25,10.27,0.432,18.26
10,WiFi-AP-02,Access Point,2024-01-24 20:00:00,33.85,51.91,49.28,153.15,9.86,0.411,22.15
1,Core-Router-01,Router,2024-01-24 22:00:00,38.29,44.15,44.17,440.31,5.6,0.191,40.18
2,Core-Router-02,Router,2024-01-24 22:00:00,45.42,41.3,54.31,384.81,4.21,0.223,41.98
3,Dist-Switch-01,Switch,2024-01-24 22:00:00,23.2,36.51,42.8,264.08,3.25,0.084,29.54
4,Dist-Switch-02,Switch,2024-01-24 22:00:00,26.01,36.7,35.8,259.75,1.79,0.078,30.26
5,Edge-Firewall-01,Firewall,2024-01-24 22:00:00,48.48,51.04,55.08,671.94,9.74,0.336,52.23
6,App-Server-01,Server,2024-01-24 22:00:00,56.43,70.03,34.05,197.61,4.01,0.128,67.92
7,App-Server-02,Server,2024-01-24 22:00:00,49.08,57.72,35.44,165.55,3.32,0.153,65.67
8,DB-Server-01,Server,2024-01-24 22:00:00,49.54,59.74,32.7,130.92,2.42,0.109,67.59
9,WiFi-AP-01,Access Point,2024-01-24 22:00:00,16.53,30.36,38.22,85.39,9.56,0.436,22.52
10,WiFi-AP-02,Access Point,2024-01-24 22:00:00,18.07,38.8,43.64,113.97,8.93,0.364,21.05
1,Core-Router-01,Router,2024-01-25 00:00:00,30.0,32.65,41.89,323.31,4.66,0.166,41.02
2,Core-Router-02,Router,2024-01-25 00:00:00,25.35,65.06,61.96,323.23,6.77,0.132,42.2
3,Dist-Switch-01,Switch,2024-01-25 00:00:00,20.0,27.91,31.2,189.62,2.28,0.108,29.73
4,Dist-Switch-02,Switch,2024-01-25 00:00:00,21.7,31.31,35.53,193.9,2.77,0.097,31.99
5,Edge-Firewall-01,Firewall,2024-01-25 00:00:00,31.54,38.05,42.58,508.45,7.76,0.357,52.92
6,App-Server-01,Server,2024-01-25 00:00:00,37.06,45.04,31.66,80.3,2.49,0.088,65.86
7,App-Server-02,Server,2024-01-25 00:00:00,37.47,48.86,28.81,146.36,3.05,0.139,64.12
8,DB-Server-01,Server,2024-01-25 00:00:00,32.04,45.6,25.6,123.0,2.63,0.167,65.38
9,WiFi-AP-01,Access Point,2024-01-25 00:00:00,19.61,25.45,28.32,118.93,11.46,0.371,22.0
10,WiFi-AP-02,Access Point,2024-01-25 00:00:00,17.36,25.46,29.64,81.64,9.69,0.381,22.1
1,Core-Router-01,Router,2024-01-25 02:00:00,28.24,31.09,34.54,254.01,4.51,0.13,41.06
2,Core-Router-02,Router,2024-01-25 02:00:00,36.54,36.7,40.81,285.13,4.64,0.161,40.41
3,Dist-Switch-01,Switch,2024-01-25 02:00:00,15.88,23.2,25.42,208.28,1.86,0.083,31.19
4,Dist-Switch-02,Switch,2024-01-25 02:00:00,23.75,28.63,34.5,173.87,1.38,0.08,33.09
5,Edge-Firewall-01,Firewall,2024-01-25 02:00:00,40.7,43.09,45.28,536.82,8.79,0.396,50.15
6,App-Server-01,Server,2024-01-25 02:00:00,39.51,39.16,20.95,113.2,2.74,0.084,65.91
7,App-Server-02,Server,2024-01-25 02:00:00,41.46,43.72,23.52,100.22,4.02,0.104,65.11
8,DB-Server-01,Server,2024-01-25 02:00:00,39.01,42.22,22.81,132.37,2.67,0.185,66.13
9,WiFi-AP-01,Access Point,2024-01-25 02:00:00,18.37,47.11,24.32,73.66,9.05,0.376,22.24
10,WiFi-AP-02,Access Point,2024-01-25 02:00:00,17.28,24.76,25.47,117.67,12.07,0.359,22.14
1,Core-Router-01,Router,2024-01-25 04:00:00,29.99,37.25,32.34,308.24,5.4,0.191,40.38
2,Core-Router-02,Router,2024-01-25 04:00:00,20.49,33.49,43.21,286.32,3.82,0.128,41.08
3,Dist-Switch-01,Switch,2024-01-25 04:00:00,21.46,24.93,30.18,214.7,0.81,0.135,30.13
4,Dist-Switch-02,Switch,2024-01-25 04:00:00,22.48,27.5,26.08,180.86,2.54,0.062,32.32
5,Edge-Firewall-01,Firewall,2024-01-25 04:00:00,40.72,37.79,38.24,482.7,7.1,0.337,51.76
6,App-Server-01,Server,2024-01-25 04:00:00,35.98,44.49,32.46,165.36,3.26,0.201,66.5
7,App-Server-02,Server,2024-01-25 04:00:00,41.9,45.19,29.07,134.34,1.77,0.115,65.88
8,DB-Server-01,Server,2024-01-25 04:00:00,42.42,42.22,27.72,133.27,4.59,0.073,64.45
9,WiFi-AP-01,Access Point,2024-01-25 04:00:00,18.49,31.85,32.18,79.65,8.92,0.403,23.2
10,WiFi-AP-02,Access Point,2024-01-25 04:00:00,14.59,23.45,47.06,89.06,11.57,0.394,22.38
1,Core-Router-01,Router,2024-01-25 06:00:00,38.65,50.26,58.79,425.7,4.68,0.142,41.11
2,Core-Router-02,Router,2024-01-25 06:00:00,31.53,51.3,52.11,400.74,2.93,0.248,41.97
3,Dist-Switch-01,Switch,2024-01-25 06:00:00,22.96,36.8,44.84,244.08,2.55,0.066,31.12
4,Dist-Switch-02,Switch,2024-01-25 06:00:00,19.15,35.7,45.41,240.76,3.21,0.177,31.86
5,Edge-Firewall-01,Firewall,2024-01-25 06:00:00,52.61,57.28,56.69,682.4,10.01,0.331,50.16
6,App-Server-01,Server,2024-01-25 06:00:00,46.34,79.06,28.9,203.08,3.22,0.122,65.9
7,App-Server-02,Server,2024-01-25 06:00:00,46.32,55.43,29.38,176.55,3.52,0.103,64.71
8,DB-Server-01,Server,2024-01-25 06:00:00,50.88,56.28,35.93,179.18,1.83,0.124,68.54
9,WiFi-AP-01,Access Point,2024-01-25 06:00:00,24.54,33.43,36.58,123.02,9.24,0.386,20.06
10,WiFi-AP-02,Access Point,2024-01-25 06:00:00,13.64,34.58,38.27,115.78,8.72,0.355,20.21
1,Core-Router-01,Router,2024-01-25 08:00:00,51.91,69.42,73.22,555.62,3.73,0.16,39.82
2,Core-Router-02,Router,2024-01-25 08:00:00,44.46,65.73,71.56,592.01,5.26,0.148,40.54
3,Dist-Switch-01,Switch,2024-01-25 08:00:00,37.04,57.06,55.79,329.39,0.86,0.112,31.4
4,Dist-Switch-02,Switch,2024-01-25 08:00:00,26.42,53.79,61.52,313.84,1.02,0.067,31.06
5,Edge-Firewall-01,Firewall,2024-01-25 08:00:00,66.21,75.37,87.94,926.38,7.02,0.386,51.94
6,App-Server-01,Server,2024-01-25 08:00:00,70.08,83.52,49.71,192.8,1.86,0.136,65.38
7,App-Server-02,Server,2024-01-25 08:00:00,68.28,84.62,52.63,227.34,2.75,0.119,66.29
8,DB-Server-01,Server,2024-01-25 08:00:00,70.77,84.04,50.63,187.16,2.85,0.155,65.76
9,WiFi-AP-01,Access Point,2024-01-25 08:00:00,33.71,45.72,53.34,152.16,8.9,0.437,22.08
10,WiFi-AP-02,Access Point,2024-01-25 08:00:00,29.26,42.96,52.69,200.04,11.74,0.404,19.54
1,Core-Router-01,Router,2024-01-25 10:00:00,68.95,79.33,92.17,734.37,4.12,0.172,42.51
2,Core-Router-02,Router,2024-01-25 10:00:00,64.99,77.06,79.51,713.31,4.59,0.206,40.08
3,Dist-Switch-01,Switch,2024-01-25 10:00:00,49.94,61.58,84.53,471.76,2.14,0.157,31.14
4,Dist-Switch-02,Switch,2024-01-25 10:00:00,42.18,61.76,74.33,420.78,1.29,0.081,30.63
5,Edge-Firewall-01,Firewall,2024-01-25 10:00:00,88.48,93.13,99.0,1168.91,8.35,0.398,52.08
6,App-Server-01,Server,2024-01-25 10:00:00,88.52,99.0,58.59,288.73,2.09,0.097,66.44
7,App-Server-02,Server,2024-01-25 10:00:00,89.06,99.0,57.14,290.36,2.45,0.11,65.98
8,DB-Server-01,Server,2024-01-25 10:00:00,88.17,99.0,54.75,303.43,3.03,0.195,65.98
9,WiFi-AP-01,Access Point,2024-01-25 10:00:00,39.22,58.35,58.65,208.21,10.88,0.439,18.98
10,WiFi-AP-02,Access Point,2024-01-25 10:00:00,36.31,55.02,94.13,249.65,10.77,0.486,20.64
1,Core-Router-01,Router,2024-01-25 12:00:00,68.99,81.89,89.33,754.38,3.69,0.237,39.11
2,Core-Router-02,Router,2024-01-25 12:00:00,75.04,88.76,95.25,750.63,3.42,0.202,41.83
3,Dist-Switch-01,Switch,2024-01-25 12:00:00,46.39,66.43,83.03,497.44,1.77,0.079,29.69
4,Dist-Switch-02,Switch,2024-01-25 12:00:00,44.72,71.09,79.07,453.6,1.73,0.095,30.92
5,Edge-Firewall-01,Firewall,2024-01-25 12:00:00,86.71,94.58,99.0,1243.67,7.43,0.397,50.75
6,App-Server-01,Server,2024-01-25 12:00:00,90.83,99.0,62.48,267.16,3.65,0.11,68.13
7,App-Server-02,Server,2024-01-25 12:00:00,99.5,99.0,60.82,317.43,1.05,0.135,66.79
8,DB-Server-01,Server,2024-01-25 12:00:00,88.96,99.0,59.56,291.18,3.61,0.175,66.62
9,WiFi-AP-01,Access Point,2024-01-25 12:00:00,43.69,66.86,64.95,250.64,8.48,0.452,21.13
10,WiFi-AP-02,Access Point,2024-01-25 12:00:00,43.62,65.35,72.41,237.84,10.51,0.434,21.14
1,Core-Router-01,Router,2024-01-25 14:00:00,75.33,89.71,92.04,777.67,5.08,0.256,40.86
2,Core-Router-02,Router,2024-01-25 14:00:00,75.96,82.77,99.0,796.36,5.4,0.204,40.28
3,Dist-Switch-01,Switch,2024-01-25 14:00:00,45.31,73.89,74.22,484.97,0.62,0.133,33.1
4,Dist-Switch-02,Switch,2024-01-25 14:00:00,46.33,67.95,84.11,488.67,2.92,0.102,30.91
5,Edge-Firewall-01,Firewall,2024-01-25 14:00:00,86.27,99.0,99.0,1240.08,8.27,0.437,51.95
6,App-Server-01,Server,2024-01-25 14:00:00,86.72,99.0,57.19,320.53,3.92,0.098,65.93
7,App-Server-02,Server,2024-01-25 14:00:00,93.03,99.0,58.63,284.79,0.95,0.16,66.7
8,DB-Server-01,Server,2024-01-25 14:00:00,94.2,99.0,55.56,274.45,3.38,0.112,64.47
9,WiFi-AP-01,Access Point,2024-01-25 14:00:00,40.08,60.63,65.53,225.21,7.56,0.45,20.5
10,WiFi-AP-02,Access Point,2024-01-25 14:00:00,40.87,61.36,72.76,180.88,9.16,0.45,20.89
1,Core-Router-01,Router,2024-01-25 16:00:00,68.97,74.75,91.11,715.97,4.26,0.219,42.36
2,Core-Router-02,Router,2024-01-25 16:00:00,69.73,86.28,93.78,712.84,5.14,0.188,43.23
3,Dist-Switch-01,Switch,2024-01-25 16:00:00,48.14,65.02,77.26,412.61,2.25,0.121,29.51
4,Dist-Switch-02,Switch,2024-01-25 16:00:00,46.86,68.31,75.16,433.59,0.73,0.131,30.23
5,Edge-Firewall-01,Firewall,2024-01-25 16:00:00,79.23,97.97,99.0,1133.03,7.31,0.394,48.67
6,App-Server-01,Server,2024-01-25 16:00:00,89.71,99.0,57.73,318.42,3.09,0.116,66.77
7,App-Server-02,Server,2024-01-25 16:00:00,91.69,99.0,61.75,288.59,2.92,0.101,65.45
8,DB-Server-01,Server,2024-01-25 16:00:00,85.18,99.0,68.34,323.34,1.68,0.164,65.01
9,WiFi-AP-01,Access Point,2024-01-25 16:00:00,36.98,76.62,62.64,246.77,10.98,0.436,20.77
10,WiFi-AP-02,Access Point,2024-01-25 16:00:00,38.71,61.11,62.92,213.94,9.43,0.483,20.98
1,Core-Router-01,Router,2024-01-25 18:00:00,51.29,60.35,73.19,592.67,5.7,0.19,39.22
2,Core-Router-02,Router,2024-01-25 18:00:00,54.34,62.14,65.51,557.86,4.72,0.233,40.69
3,Dist-Switch-01,Switch,2024-01-25 18:00:00,30.62,54.43,59.16,307.41,2.66,0.172,28.6
4,Dist-Switch-02,Switch,2024-01-25 18:00:00,30.04,43.92,57.92,369.61,2.11,0.135,32.03
5,Edge-Firewall-01,Firewall,2024-01-25 18:00:00,70.94,79.27,99.5,934.13,7.13,0.353,51.26
6,App-Server-01,Server,2024-01-25 18:00:00,69.62,85.65,44.99,214.56,2.13,0.118,64.8
7,App-Server-02,Server,2024-01-25 18:00:00,69.16,85.6,48.1,231.71,2.96,0.136,65.34
8,DB-Server-01,Server,2024-01-25 18:00:00,69.18,82.43,51.38,235.05,4.35,0.165,67.0
9,WiFi-AP-01,Access Point,2024-01-25 18:00:00,34.05,43.67,46.72,185.26,8.66,0.417,21.97
10,WiFi-AP-02,Access Point,2024-01-25 18:00:00,34.8,45.88,49.22,181.31,8.93,0.413,21.19
1,Core-Router-01,Router,2024-01-25 20:00:00,79.56,92.85,65.79,568.46,4.25,0.233,41.54
2,Core-Router-02,Router,2024-01-25 20:00:00,56.05,66.52,68.65,566.78,5.74,0.188,41.42
3,Dist-Switch-01,Switch,2024-01-25 20:00:00,41.96,52.39,57.02,341.8,0.5,0.104,31.09
4,Dist-Switch-02,Switch,2024-01-25 20:00:00,37.02,58.0,56.35,303.04,2.48,0.077,30.47
5,Edge-Firewall-01,Firewall,2024-01-25 20:00:00,65.72,78.15,76.89,926.77,9.48,0.368,51.27
6,App-Server-01,Server,2024-01-25 20:00:00,59.46,77.17,47.43,257.76,1.64,0.083,65.82
7,App-Server-02,Server,2024-01-25 20:00:00,73.77,77.97,48.79,220.13,3.22,0.09,65.95
8,DB-Server-01,Server,2024-01-25 20:00:00,71.87,81.75,45.98,226.07,3.08,0.097,65.21
9,WiFi-AP-01,Access Point,2024-01-25 20:00:00,27.75,43.47,52.27,163.05,10.77,0.417,20.28
10,WiFi-AP-02,Access Point,2024-01-25 20:00:00,29.14,48.56,51.59,160.34,8.91,0.43,22.1
1,Core-Router-01,Router,2024-01-25 22:00:00,37.33,48.94,36.05,450.55,4.84,0.144,40.88
2,Core-Router-02,Router,2024-01-25 22:00:00,43.74,43.46,58.25,431.93,5.62,0.16,39.89
3,Dist-Switch-01,Switch,2024-01-25 22:00:00,29.16,39.09,68.56,250.52,1.58,0.134,33.11
4,Dist-Switch-02,Switch,2024-01-25 22:00:00,25.48,35.9,46.45,249.32,2.6,0.076,32.76
5,Edge-Firewall-01,Firewall,2024-01-25 22:00:00,43.84,56.56,56.92,672.77,7.59,0.325,52.12
6,App-Server-01,Server,2024-01-25 22:00:00,53.11,59.04,34.62,187.55,3.93,0.211,65.93
7,App-Server-02,Server,2024-01-25 22:00:00,49.98,61.37,33.59,183.98,1.92,0.088,67.1
8,DB-Server-01,Server,2024-01-25 22:00:00,44.98,87.52,39.87,169.63,2.17,0.081,66.28
9,WiFi-AP-01,Access Point,2024-01-25 22:00:00,22.96,38.42,35.78,138.45,8.71,0.39,21.58
10,WiFi-AP-02,Access Point,2024-01-25 22:00:00,23.97,31.66,35.96,156.41,11.16,0.382,18.96
1,Core-Router-01,Router,2024-01-26 00:00:00,38.73,35.0,36.69,308.3,5.38,0.158,42.2
2,Core-Router-02,Router,2024-01-26 00:00:00,42.28,34.13,48.4,323.24,4.83,0.172,41.76
3,Dist-Switch-01,Switch,2024-01-26 00:00:00,23.25,31.31,30.58,198.48,3.67,0.115,30.47
4,Dist-Switch-02,Switch,2024-01-26 00:00:00,8.94,29.58,35.87,169.47,1.99,0.068,31.35
5,Edge-Firewall-01,Firewall,2024-01-26 00:00:00,32.88,45.31,45.36,492.42,8.92,0.329,52.53
6,App-Server-01,Server,2024-01-26 00:00:00,42.21,48.79,24.71,117.58,3.08,0.075,65.6
7,App-Server-02,Server,2024-01-26 00:00:00,36.04,43.53,19.65,141.06,2.95,0.083,65.14
8,DB-Server-01,Server,2024-01-26 00:00:00,33.61,50.43,22.36,139.71,3.16,0.206,68.04
9,WiFi-AP-01,Access Point,2024-01-26 00:00:00,18.67,23.2,28.55,72.64,11.83,0.401,20.73
10,WiFi-AP-02,Access Point,2024-01-26 00:00:00,13.02,25.74,35.54,131.41,9.6,0.358,21.33
1,Core-Router-01,Router,2024-01-26 02:00:00,24.76,42.33,45.06,322.53,6.58,0.185,41.33
2,Core-Router-02,Router,2024-01-26 02:00:00,29.99,39.6,33.52,352.22,4.77,0.206,41.24
3,Dist-Switch-01,Switch,2024-01-26 02:00:00,20.48,28.58,29.22,185.85,3.38,0.176,30.01
4,Dist-Switch-02,Switch,2024-01-26 02:00:00,16.22,25.45,39.42,216.4,2.59,0.09,32.59
5,Edge-Firewall-01,Firewall,2024-01-26 02:00:00,28.71,47.86,41.2,504.76,7.57,0.311,53.18
6,App-Server-01,Server,2024-01-26 02:00:00,41.41,48.27,19.38,131.12,3.52,0.084,65.09
7,App-Server-02,Server,2024-01-26 02:00:00,42.55,44.99,20.73,90.39,3.61,0.194,65.23
8,DB-Server-01,Server,2024-01-26 02:00:00,38.93,47.96,19.15,117.9,2.14,0.119,67.58
9,WiFi-AP-01,Access Point,2024-01-26 02:00:00,16.57,22.97,26.47,83.02,9.02,0.355,21.82
10,WiFi-AP-02,Access Point,2024-01-26 02:00:00,17.9,25.48,28.97,93.99,8.7,0.362,20.67
1,Core-Router-01,Router,2024-01-26 04:00:00,23.3,36.17,35.19,323.31,5.85,0.171,41.34
2,Core-Router-02,Router,2024-01-26 04:00:00,21.45,39.66,31.45,308.45,6.34,0.133,40.05
3,Dist-Switch-01,Switch,2024-01-26 04:00:00,21.98,30.76,28.71,180.75,1.56,0.071,29.36
4,Dist-Switch-02,Switch,2024-01-26 04:00:00,18.4,34.04,27.4,179.58,0.82,0.09,32.45
5,Edge-Firewall-01,Firewall,2024-01-26 04:00:00,39.78,37.69,47.12,538.68,8.51,0.303,50.78
6,App-Server-01,Server,2024-01-26 04:00:00,39.13,48.33,27.14,102.53,2.54,0.13,66.57
7,App-Server-02,Server,2024-01-26 04:00:00,38.73,42.96,31.44,160.75,4.26,0.141,65.89
8,DB-Server-01,Server,2024-01-26 04:00:00,36.25,44.16,25.69,156.12,4.17,0.095,64.82
9,WiFi-AP-01,Access Point,2024-01-26 04:00:00,9.19,26.22,50.77,94.03,11.91,0.382,20.04
10,WiFi-AP-02,Access Point,2024-01-26 04:00:00,13.28,23.39,60.96,87.19,8.45,0.384,19.49
1,Core-Router-01,Router,2024-01-26 06:00:00,33.97,41.88,52.04,428.72,6.92,0.18,42.69
2,Core-Router-02,Router,2024-01-26 06:00:00,39.4,43.82,51.64,436.85,5.7,0.163,41.74
3,Dist-Switch-01,Switch,2024-01-26 06:00:00,21.77,35.12,52.27,255.49,0.82,0.082,32.15
4,Dist-Switch-02,Switch,2024-01-26 06:00:00,21.38,36.74,42.86,259.94,1.5,0.1,31.84
5,Edge-Firewall-01,Firewall,2024-01-26 06:00:00,51.31,55.01,56.94,666.35,8.31,0.321,50.68
6,App-Server-01,Server,2024-01-26 06:00:00,49.21,57.45,35.0,141.75,3.3,0.108,65.67
7,App-Server-02,Server,2024-01-26 06:00:00,58.69,59.55,26.19,164.38,3.06,0.102,65.99
8,DB-Server-01,Server,2024-01-26 06:00:00,46.95,56.22,30.73,158.84,1.87,0.11,66.91
9,WiFi-AP-01,Access Point,2024-01-26 06:00:00,27.84,36.27,44.78,146.98,10.83,0.4,21.39
10,WiFi-AP-02,Access Point,2024-01-26 06:00:00,19.57,33.34,38.59,141.77,10.42,0.367,21.31
1,Core-Router-01,Router,2024-01-26 08:00:00,54.33,66.28,62.53,562.83,6.11,0.157,40.83
2,Core-Router-02,Router,2024-01-26 08:00:00,51.54,63.49,72.91,562.21,5.02,0.164,41.65
3,Dist-Switch-01,Switch,2024-01-26 08:00:00,35.95,54.14,55.57,331.79,4.46,0.083,31.07
4,Dist-Switch-02,Switch,2024-01-26 08:00:00,37.77,57.38,55.71,330.65,0.76,0.149,30.21
5,Edge-Firewall-01,Firewall,2024-01-26 08:00:00,64.17,73.04,74.57,929.15,7.06,0.363,53.26
6,App-Server-01,Server,2024-01-26 08:00:00,71.82,84.61,50.87,231.73,2.56,0.098,66.42
7,App-Server-02,Server,2024-01-26 08:00:00,67.85,82.2,43.22,230.32,2.66,0.147,63.9
8,DB-Server-01,Server,2024-01-26 08:00:00,66.37,87.22,45.2,249.27,0.88,0.134,64.9
9,WiFi-AP-01,Access Point,2024-01-26 08:00:00,28.41,54.02,54.89,209.22,9.75,0.453,23.32
10,WiFi-AP-02,Access Point,2024-01-26 08:00:00,28.78,45.13,46.0,169.13,10.08,0.488,19.96
1,Core-Router-01,Router,2024-01-26 10:00:00,83.68,74.91,85.52,736.7,5.51,0.195,41.65
2,Core-Router-02,Router,2024-01-26 10:00:00,68.06,80.49,82.42,693.44,4.45,0.175,42.5
3,Dist-Switch-01,Switch,2024-01-26 10:00:00,43.43,65.15,74.97,432.88,2.81,0.171,33.44
4,Dist-Switch-02,Switch,2024-01-26 10:00:00,44.22,86.69,80.94,435.28,2.68,0.129,30.94
5,Edge-Firewall-01,Firewall,2024-01-26 10:00:00,84.98,92.81,99.0,1137.27,10.01,0.433,51.44
6,App-Server-01,Server,2024-01-26 10:00:00,89.69,99.0,65.36,281.81,3.73,0.149,67.47
7,App-Server-02,Server,2024-01-26 10:00:00,78.62,99.0,53.34,295.18,0.98,0.192,68.42
8,DB-Server-01,Server,2024-01-26 10:00:00,90.13,99.0,60.26,295.11,4.0,0.127,66.44
9,WiFi-AP-01,Access Point,2024-01-26 10:00:00,37.43,55.3,72.13,210.23,11.02,0.418,22.88
10,WiFi-AP-02,Access Point,2024-01-26 10:00:00,32.36,55.18,61.21,221.81,11.54,0.477,18.94
1,Core-Router-01,Router,2024-01-26 12:00:00,70.73,75.58,96.94,797.1,4.96,0.175,41.32
2,Core-Router-02,Router,2024-01-26 12:00:00,66.59,86.52,91.81,793.35,4.89,0.21,39.71
3,Dist-Switch-01,Switch,2024-01-26 12:00:00,39.03,73.66,75.19,471.62,3.78,0.098,30.62
4,Dist-Switch-02,Switch,2024-01-26 12:00:00,45.96,69.81,86.91,496.16,2.62,0.145,31.07
5,Edge-Firewall-01,Firewall,2024-01-26 12:00:00,86.42,99.0,99.0,1263.66,8.53,0.374,51.25
6,App-Server-01,Server,2024-01-26 12:00:00,86.94,99.0,63.66,299.31,2.78,0.099,65.57
7,App-Server-02,Server,2024-01-26 12:00:00,89.1,99.0,61.25,322.27,1.36,0.096,66.53
8,DB-Server-01,Server,2024-01-26 12:00:00,89.01,99.0,60.05,307.87,2.84,0.183,67.26
9,WiFi-AP-01,Access Point,2024-01-26 12:00:00,34.91,61.27,72.71,261.64,8.92,0.427,22.63
10,WiFi-AP-02,Access Point,2024-01-26 12:00:00,40.59,63.99,64.47,224.84,9.83,0.465,19.58
1,Core-Router-01,Router,2024-01-26 14:00:00,67.68,89.28,93.26,802.23,5.18,0.206,42.53
2,Core-Router-02,Router,2024-01-26 14:00:00,70.58,88.11,87.63,795.51,6.07,0.185,40.44
3,Dist-Switch-01,Switch,2024-01-26 14:00:00,46.3,71.56,78.65,476.87,3.01,0.106,30.09
4,Dist-Switch-02,Switch,2024-01-26 14:00:00,62.05,85.31,81.4,443.35,3.02,0.141,31.25
5,Edge-Firewall-01,Firewall,2024-01-26 14:00:00,85.46,98.41,99.0,1231.42,9.44,0.375,49.93
6,App-Server-01,Server,2024-01-26 14:00:00,93.99,99.0,61.85,339.28,3.78,0.149,65.7
7,App-Server-02,Server,2024-01-26 14:00:00,93.87,99.0,63.66,274.66,4.02,0.142,66.75
8,DB-Server-01,Server,2024-01-26 14:00:00,90.27,99.0,59.41,289.28,2.66,0.13,66.29
9,WiFi-AP-01,Access Point,2024-01-26 14:00:00,44.54,64.28,73.02,200.24,9.71,0.487,21.07
10,WiFi-AP-02,Access Point,2024-01-26 14:00:00,35.96,60.85,75.03,241.93,11.01,0.488,21.31
1,Core-Router-01,Router,2024-01-26 16:00:00,69.61,84.87,79.92,723.44,6.03,0.179,40.34
2,Core-Router-02,Router,2024-01-26 16:00:00,59.54,77.51,79.21,731.64,5.9,0.223,41.51
3,Dist-Switch-01,Switch,2024-01-26 16:00:00,47.21,65.73,64.99,446.01,1.95,0.081,30.7
4,Dist-Switch-02,Switch,2024-01-26 16:00:00,44.18,67.27,85.0,440.53,3.51,0.09,31.15
5,Edge-Firewall-01,Firewall,2024-01-26 16:00:00,80.95,91.3,99.0,1128.91,7.14,0.367,52.44
6,App-Server-01,Server,2024-01-26 16:00:00,93.38,99.0,59.22,311.87,1.67,0.117,65.42
7,App-Server-02,Server,2024-01-26 16:00:00,86.97,99.0,60.61,303.19,3.89,0.111,66.42
8,DB-Server-01,Server,2024-01-26 16:00:00,95.07,97.69,66.92,286.39,3.57,0.114,65.55
9,WiFi-AP-01,Access Point,2024-01-26 16:00:00,38.46,61.56,68.11,208.3,13.61,0.475,22.18
10,WiFi-AP-02,Access Point,2024-01-26 16:00:00,35.11,56.56,64.34,240.77,9.01,0.459,21.79
1,Core-Router-01,Router,2024-01-26 18:00:00,72.11,61.97,64.67,613.13,5.36,0.222,39.96
2,Core-Router-02,Router,2024-01-26 18:00:00,51.15,66.48,73.1,607.01,3.51,0.162,42.68
3,Dist-Switch-01,Switch,2024-01-26 18:00:00,40.39,53.67,70.18,362.81,3.04,0.072,30.47
4,Dist-Switch-02,Switch,2024-01-26 18:00:00,31.56,53.14,57.38,315.25,0.97,0.082,31.98
5,Edge-Firewall-01,Firewall,2024-01-26 18:00:00,64.22,75.75,76.88,935.46,9.32,0.336,49.74
6,App-Server-01,Server,2024-01-26 18:00:00,65.12,83.58,45.63,232.26,2.39,0.108,65.95
7,App-Server-02,Server,2024-01-26 18:00:00,69.38,79.26,51.36,229.33,3.61,0.144,67.98
8,DB-Server-01,Server,2024-01-26 18:00:00,75.23,76.08,42.74,243.3,1.68,0.094,66.68
9,WiFi-AP-01,Access Point,2024-01-26 18:00:00,28.48,48.37,49.13,130.43,10.98,0.434,23.75
10,WiFi-AP-02,Access Point,2024-01-26 18:00:00,20.39,49.0,42.75,210.44,10.49,0.409,22.03
1,Core-Router-01,Router,2024-01-26 20:00:00,50.38,65.18,96.08,619.26,6.81,0.18,42.31
2,Core-Router-02,Router,2024-01-26 20:00:00,54.01,60.04,66.64,631.1,5.36,0.204,41.04
3,Dist-Switch-01,Switch,2024-01-26 20:00:00,32.9,52.68,57.11,320.76,1.0,0.102,30.87
4,Dist-Switch-02,Switch,2024-01-26 20:00:00,35.17,53.3,60.0,373.56,0.9,0.096,32.01
5,Edge-Firewall-01,Firewall,2024-01-26 20:00:00,68.22,71.73,83.09,969.32,7.9,0.361,52.03
6,App-Server-01,Server,2024-01-26 20:00:00,66.02,87.31,49.25,244.14,1.34,0.123,66.76
7,App-Server-02,Server,2024-01-26 20:00:00,76.62,80.88,41.81,220.11,2.5,0.144,67.54
8,DB-Server-01,Server,2024-01-26 20:00:00,75.44,81.23,44.79,197.44,3.7,0.17,65.61
9,WiFi-AP-01,Access Point,2024-01-26 20:00:00,28.75,48.05,61.22,179.31,10.2,0.395,19.82
10,WiFi-AP-02,Access Point,2024-01-26 20:00:00,23.43,44.33,57.66,168.61,9.47,0.398,21.11
1,Core-Router-01,Router,2024-01-26 22:00:00,45.06,46.3,47.07,425.5,6.76,0.17,40.07
2,Core-Router-02,Router,2024-01-26 22:00:00,36.25,47.14,54.44,445.14,3.95,0.184,40.93
3,Dist-Switch-01,Switch,2024-01-26 22:00:00,28.24,34.47,39.46,243.15,2.94,0.091,32.15
4,Dist-Switch-02,Switch,2024-01-26 22:00:00,30.85,37.33,36.56,231.38,0.5,0.088,30.87
5,Edge-Firewall-01,Firewall,2024-01-26 22:00:00,49.9,55.3,57.05,677.68,6.96,0.351,50.46
6,App-Server-01,Server,2024-01-26 22:00:00,46.44,61.95,36.87,135.53,3.86,0.11,65.88
7,App-Server-02,Server,2024-01-26 22:00:00,51.75,61.26,36.23,169.0,2.58,0.096,66.13
8,DB-Server-01,Server,2024-01-26 22:00:00,58.22,61.26,29.38,160.45,3.05,0.144,67.66
9,WiFi-AP-01,Access Point,2024-01-26 22:00:00,19.67,31.2,32.94,132.55,12.3,0.386,19.66
10,WiFi-AP-02,Access Point,2024-01-26 22:00:00,18.35,54.25,34.14,119.74,10.37,0.389,22.34
1,Core-Router-01,Router,2024-01-27 00:00:00,17.91,13.47,15.8,172.56,9.24,0.161,41.34
2,Core-Router-02,Router,2024-01-27 00:00:00,16.02,20.04,19.81,177.46,10.22,0.12,41.27
3,Dist-Switch-01,Switch,2024-01-27 00:00:00,10.41,19.71,12.03,140.95,2.46,0.088,32.04
4,Dist-Switch-02,Switch,2024-01-27 00:00:00,14.66,11.6,12.11,110.99,5.98,0.12,31.05
5,Edge-Firewall-01,Firewall,2024-01-27 00:00:00,9.65,23.09,26.41,273.51,13.69,0.227,50.36
6,App-Server-01,Server,2024-01-27 00:00:00,28.58,29.15,17.35,72.08,4.79,0.065,67.94
7,App-Server-02,Server,2024-01-27 00:00:00,24.56,25.21,18.68,81.2,5.85,0.111,66.82
8,DB-Server-01,Server,2024-01-27 00:00:00,24.52,25.09,12.79,59.33,4.79,0.143,65.39
9,WiFi-AP-01,Access Point,2024-01-27 00:00:00,5.02,12.54,23.63,49.57,18.42,0.329,22.89
10,WiFi-AP-02,Access Point,2024-01-27 00:00:00,26.77,13.39,15.28,75.45,19.53,0.343,22.53
1,Core-Router-01,Router,2024-01-27 02:00:00,16.53,18.81,26.98,185.48,8.36,0.166,41.09
2,Core-Router-02,Router,2024-01-27 02:00:00,14.49,22.01,20.64,183.5,9.75,0.154,41.68
3,Dist-Switch-01,Switch,2024-01-27 02:00:00,15.94,12.95,19.82,88.85,4.66,0.109,30.95
4,Dist-Switch-02,Switch,2024-01-27 02:00:00,19.38,19.14,21.11,118.45,4.62,0.109,31.49
5,Edge-Firewall-01,Firewall,2024-01-27 02:00:00,20.86,21.64,26.93,305.79,14.12,0.244,50.48
6,App-Server-01,Server,2024-01-27 02:00:00,13.94,26.94,13.93,71.24,4.47,0.066,67.4
7,App-Server-02,Server,2024-01-27 02:00:00,21.09,24.69,15.1,45.56,6.08,0.123,65.36
8,DB-Server-01,Server,2024-01-27 02:00:00,16.89,24.08,12.3,70.27,4.55,0.109,67.13
9,WiFi-AP-01,Access Point,2024-01-27 02:00:00,8.09,12.62,12.92,46.51,16.78,0.372,22.16
10,WiFi-AP-02,Access Point,2024-01-27 02:00:00,9.99,18.96,14.32,45.49,17.77,0.346,20.64
1,Core-Router-01,Router,2024-01-27 04:00:00,16.9,19.42,18.54,200.75,10.99,0.175,41.86
2,Core-Router-02,Router,2024-01-27 04:00:00,18.86,24.9,24.89,164.02,9.48,0.15,40.31
3,Dist-Switch-01,Switch,2024-01-27 04:00:00,9.4,19.12,8.46,80.43,3.46,0.072,29.94
4,Dist-Switch-02,Switch,2024-01-27 04:00:00,10.04,19.28,17.92,124.22,3.04,0.096,32.15
5,Edge-Firewall-01,Firewall,2024-01-27 04:00:00,20.81,19.29,20.6,312.45,13.62,0.288,50.82
6,App-Server-01,Server,2024-01-27 04:00:00,21.07,25.49,5.0,41.04,5.54,0.097,67.3
7,App-Server-02,Server,2024-01-27 04:00:00,14.66,26.3,7.18,63.25,4.39,0.152,64.96
8,DB-Server-01,Server,2024-01-27 04:00:00,20.6,19.42,22.06,78.32,5.59,0.134,66.45
9,WiFi-AP-01,Access Point,2024-01-27 04:00:00,9.66,30.07,18.63,42.87,17.97,0.37,21.58
10,WiFi-AP-02,Access Point,2024-01-27 04:00:00,8.33,9.86,23.31,39.49,19.17,0.334,20.01
1,Core-Router-01,Router,2024-01-27 06:00:00,26.1,26.54,53.56,230.65,9.79,0.214,40.8
2,Core-Router-02,Router,2024-01-27 06:00:00,16.0,24.65,30.48,222.21,9.95,0.159,42.19
3,Dist-Switch-01,Switch,2024-01-27 06:00:00,19.3,24.13,21.71,98.07,4.22,0.066,30.32
4,Dist-Switch-02,Switch,2024-01-27 06:00:00,11.83,25.39,17.74,149.95,3.85,0.074,31.94
5,Edge-Firewall-01,Firewall,2024-01-27 06:00:00,32.3,29.57,31.59,387.32,15.46,0.271,50.99
6,App-Server-01,Server,2024-01-27 06:00:00,19.25,30.47,13.05,107.41,5.21,0.074,66.29
7,App-Server-02,Server,2024-01-27 06:00:00,24.64,37.46,25.23,126.08,6.14,0.064,67.91
8,DB-Server-01,Server,2024-01-27 06:00:00,25.39,30.19,15.74,104.18,4.69,0.07,64.7
9,WiFi-AP-01,Access Point,2024-01-27 06:00:00,13.64,14.19,16.43,94.63,19.36,0.36,21.58
10,WiFi-AP-02,Access Point,2024-01-27 06:00:00,9.59,16.43,19.28,40.02,18.43,0.331,20.37
1,Core-Router-01,Router,2024-01-27 08:00:00,35.27,37.26,42.12,312.42,9.09,0.167,41.45
2,Core-Router-02,Router,2024-01-27 08:00:00,35.4,34.83,36.14,334.85,7.83,0.182,40.0
3,Dist-Switch-01,Switch,2024-01-27 08:00:00,21.88,27.05,34.6,211.44,3.79,0.121,30.4
4,Dist-Switch-02,Switch,2024-01-27 08:00:00,16.42,23.31,37.85,195.5,2.5,0.131,30.6
5,Edge-Firewall-01,Firewall,2024-01-27 08:00:00,36.44,39.41,35.01,488.17,14.1,0.318,51.65
6,App-Server-01,Server,2024-01-27 08:00:00,39.22,39.07,32.12,133.34,5.34,0.126,67.55
7,App-Server-02,Server,2024-01-27 08:00:00,43.28,44.36,20.76,148.64,4.09,0.169,66.33
8,DB-Server-01,Server,2024-01-27 08:00:00,57.8,41.41,19.38,131.67,5.45,0.129,65.94
9,WiFi-AP-01,Access Point,2024-01-27 08:00:00,10.64,27.54,28.72,89.08,16.89,0.347,20.89
10,WiFi-AP-02,Access Point,2024-01-27 08:00:00,17.38,26.27,32.95,86.96,16.32,0.402,20.36
1,Core-Router-01,Router,2024-01-27 10:00:00,31.82,44.17,49.84,392.09,8.55,0.151,42.72
2,Core-Router-02,Router,2024-01-27 10:00:00,36.23,41.39,43.54,397.69,9.33,0.16,41.42
3,Dist-Switch-01,Switch,2024-01-27 10:00:00,47.91,34.97,43.94,218.7,3.17,0.09,32.18
4,Dist-Switch-02,Switch,2024-01-27 10:00:00,23.39,35.01,33.66,252.13,4.96,0.19,31.69
5,Edge-Firewall-01,Firewall,2024-01-27 10:00:00,44.09,49.59,46.98,647.86,16.9,0.352,52.42
6,App-Server-01,Server,2024-01-27 10:00:00,49.31,57.46,20.1,176.33,4.88,0.11,65.98
7,App-Server-02,Server,2024-01-27 10:00:00,46.9,54.23,32.29,149.92,5.55,0.148,66.09
8,DB-Server-01,Server,2024-01-27 10:00:00,43.94,54.45,32.93,129.0,4.63,0.1,64.89
9,WiFi-AP-01,Access Point,2024-01-27 10:00:00,27.25,35.83,33.77,105.07,18.38,0.454,19.3
10,WiFi-AP-02,Access Point,2024-01-27 10:00:00,18.3,31.81,36.72,108.52,19.46,0.43,20.16
1,Core-Router-01,Router,2024-01-27 12:00:00,40.39,43.5,45.25,429.58,8.04,0.147,40.6
2,Core-Router-02,Router,2024-01-27 12:00:00,57.27,40.68,51.95,402.17,8.92,0.161,41.09
3,Dist-Switch-01,Switch,2024-01-27 12:00:00,49.08,39.02,39.07,281.12,1.79,0.074,32.14
4,Dist-Switch-02,Switch,2024-01-27 12:00:00,27.53,35.52,38.67,236.13,4.24,0.101,31.56
5,Edge-Firewall-01,Firewall,2024-01-27 12:00:00,48.04,62.63,61.36,667.15,13.09,0.31,51.18
6,App-Server-01,Server,2024-01-27 12:00:00,42.41,57.65,35.66,160.2,6.42,0.149,66.98
7,App-Server-02,Server,2024-01-27 12:00:00,54.91,62.66,26.34,177.13,4.79,0.148,65.89
8,DB-Server-01,Server,2024-01-27 12:00:00,47.63,62.56,36.73,147.79,4.73,0.093,66.23
9,WiFi-AP-01,Access Point,2024-01-27 12:00:00,25.38,36.24,38.7,122.92,16.41,0.441,20.85
10,WiFi-AP-02,Access Point,2024-01-27 12:00:00,27.57,34.76,48.57,140.26,16.75,0.413,21.13
1,Core-Router-01,Router,2024-01-27 14:00:00,34.94,45.85,44.42,427.22,9.33,0.185,43.24
2,Core-Router-02,Router,2024-01-27 14:00:00,38.69,44.53,43.11,428.31,8.83,0.178,41.16
3,Dist-Switch-01,Switch,2024-01-27 14:00:00,20.85,43.45,44.89,251.18,3.8,0.084,29.87
4,Dist-Switch-02,Switch,2024-01-27 14:00:00,26.26,37.09,45.25,241.46,3.03,0.146,32.53
5,Edge-Firewall-01,Firewall,2024-01-27 14:00:00,33.8,58.99,59.43,669.21,13.54,0.315,50.62
6,App-Server-01,Server,2024-01-27 14:00:00,46.74,75.27,28.97,177.31,5.5,0.101,66.23
7,App-Server-02,Server,2024-01-27 14:00:00,46.03,61.28,29.15,183.78,4.29,0.107,65.94
8,DB-Server-01,Server,2024-01-27 14:00:00,53.95,60.32,34.27,208.56,3.62,0.129,65.22
9,WiFi-AP-01,Access Point,2024-01-27 14:00:00,14.27,32.01,41.88,116.3,17.85,0.429,20.5
10,WiFi-AP-02,Access Point,2024-01-27 14:00:00,19.51,36.1,30.07,119.03,19.27,0.381,19.18
1,Core-Router-01,Router,2024-01-27 16:00:00,41.36,46.5,52.67,367.83,10.6,0.18,40.79
2,Core-Router-02,Router,2024-01-27 16:00:00,33.43,47.14,47.43,412.34,9.17,0.138,40.35
3,Dist-Switch-01,Switch,2024-01-27 16:00:00,31.41,31.85,42.33,249.16,4.79,0.135,31.16
4,Dist-Switch-02,Switch,2024-01-27 16:00:00,26.28,41.54,39.94,220.29,3.25,0.128,31.67
5,Edge-Firewall-01,Firewall,2024-01-27 16:00:00,48.56,51.99,48.27,664.76,12.77,0.374,51.12
6,App-Server-01,Server,2024-01-27 16:00:00,49.33,57.65,31.89,196.28,5.52,0.126,67.09
7,App-Server-02,Server,2024-01-27 16:00:00,43.15,55.87,42.83,150.99,4.78,0.08,65.83
8,DB-Server-01,Server,2024-01-27 16:00:00,45.15,54.93,39.38,158.35,4.13,0.148,68.51
9,WiFi-AP-01,Access Point,2024-01-27 16:00:00,19.24,33.52,32.39,127.23,19.64,0.39,21.76
10,WiFi-AP-02,Access Point,2024-01-27 16:00:00,14.51,38.28,37.59,112.56,17.88,0.369,20.84
1,Core-Router-01,Router,2024-01-27 18:00:00,19.2,35.14,37.96,331.94,8.57,0.158,41.29
2,Core-Router-02,Router,2024-01-27 18:00:00,22.55,35.87,29.35,344.58,9.78,0.169,41.96
3,Dist-Switch-01,Switch,2024-01-27 18:00:00,19.78,25.97,22.1,199.63,2.84,0.115,31.31
4,Dist-Switch-02,Switch,2024-01-27 18:00:00,16.53,34.39,35.1,120.2,3.15,0.127,30.5
5,Edge-Firewall-01,Firewall,2024-01-27 18:00:00,34.86,42.94,46.41,537.02,15.18,0.298,51.5
6,App-Server-01,Server,2024-01-27 18:00:00,43.81,44.15,24.32,90.75,6.51,0.076,69.23
7,App-Server-02,Server,2024-01-27 18:00:00,37.04,45.37,28.51,106.83,5.81,0.07,66.0
8,DB-Server-01,Server,2024-01-27 18:00:00,43.35,42.39,27.15,157.96,4.75,0.087,68.65
9,WiFi-AP-01,Access Point,2024-01-27 18:00:00,18.01,24.25,33.01,85.29,16.62,0.423,20.2
10,WiFi-AP-02,Access Point,2024-01-27 18:00:00,25.91,24.31,39.66,69.28,19.21,0.403,22.14
1,Core-Router-01,Router,2024-01-27 20:00:00,32.87,33.94,32.12,321.14,9.31,0.156,41.58
2,Core-Router-02,Router,2024-01-27 20:00:00,30.31,32.71,40.63,316.82,8.39,0.17,40.52
3,Dist-Switch-01,Switch,2024-01-27 20:00:00,17.5,29.21,39.09,197.15,4.16,0.074,31.22
4,Dist-Switch-02,Switch,2024-01-27 20:00:00,19.13,29.87,30.74,220.1,3.26,0.145,34.04
5,Edge-Firewall-01,Firewall,2024-01-27 20:00:00,34.13,45.82,52.13,534.36,14.35,0.283,50.03
6,App-Server-01,Server,2024-01-27 20:00:00,46.62,42.55,24.5,130.84,5.35,0.106,67.69
7,App-Server-02,Server,2024-01-27 20:00:00,42.46,46.07,23.78,150.15,4.99,0.15,66.41
8,DB-Server-01,Server,2024-01-27 20:00:00,43.58,44.76,26.13,153.37,7.65,0.15,67.18
9,WiFi-AP-01,Access Point,2024-01-27 20:00:00,18.47,24.25,30.47,78.39,18.56,0.377,19.34
10,WiFi-AP-02,Access Point,2024-01-27 20:00:00,16.26,27.02,28.58,103.81,16.84,0.388,22.33
1,Core-Router-01,Router,2024-01-27 22:00:00,21.09,26.79,25.38,234.69,6.79,0.163,43.11
2,Core-Router-02,Router,2024-01-27 22:00:00,16.83,22.95,30.32,263.78,9.09,0.178,41.09
3,Dist-Switch-01,Switch,2024-01-27 22:00:00,9.94,19.08,21.91,121.99,2.86,0.059,31.52
4,Dist-Switch-02,Switch,2024-01-27 22:00:00,8.36,22.28,21.52,154.99,4.42,0.081,31.91
5,Edge-Firewall-01,Firewall,2024-01-27 22:00:00,22.43,34.43,28.81,381.93,14.36,0.296,52.2
6,App-Server-01,Server,2024-01-27 22:00:00,25.66,27.7,5.0,76.22,6.83,0.126,65.58
7,App-Server-02,Server,2024-01-27 22:00:00,26.62,31.41,12.08,74.74,6.44,0.089,66.57
8,DB-Server-01,Server,2024-01-27 22:00:00,22.78,33.1,7.22,110.58,5.71,0.129,67.92
9,WiFi-AP-01,Access Point,2024-01-27 22:00:00,5.0,20.33,23.86,45.5,18.14,0.395,18.45
10,WiFi-AP-02,Access Point,2024-01-27 22:00:00,7.44,16.89,24.31,71.64,18.28,0.373,20.77
1,Core-Router-01,Router,2024-01-28 00:00:00,12.13,15.7,38.24,177.63,8.52,0.128,42.04
2,Core-Router-02,Router,2024-01-28 00:00:00,13.85,15.37,23.95,181.45,9.42,0.145,41.81
3,Dist-Switch-01,Switch,2024-01-28 00:00:00,10.68,23.03,11.19,93.95,4.6,0.062,32.11
4,Dist-Switch-02,Switch,2024-01-28 00:00:00,11.25,19.97,12.58,132.53,4.81,0.116,31.98
5,Edge-Firewall-01,Firewall,2024-01-28 00:00:00,19.2,21.08,15.22,261.6,15.25,0.279,51.14
6,App-Server-01,Server,2024-01-28 00:00:00,24.4,27.5,14.86,56.01,5.9,0.087,67.02
7,App-Server-02,Server,2024-01-28 00:00:00,24.6,20.57,11.54,32.48,6.2,0.073,66.78
8,DB-Server-01,Server,2024-01-28 00:00:00,15.23,28.86,8.12,85.95,5.57,0.067,66.08
9,WiFi-AP-01,Access Point,2024-01-28 00:00:00,6.25,17.98,15.92,27.46,17.8,0.325,22.25
10,WiFi-AP-02,Access Point,2024-01-28 00:00:00,6.39,12.48,15.97,70.31,16.81,0.344,20.89
1,Core-Router-01,Router,2024-01-28 02:00:00,14.55,25.38,20.15,191.23,9.81,0.174,39.5
2,Core-Router-02,Router,2024-01-28 02:00:00,19.14,16.12,28.65,196.66,8.07,0.158,43.32
3,Dist-Switch-01,Switch,2024-01-28 02:00:00,5.0,12.08,15.32,100.88,2.74,0.11,32.86
4,Dist-Switch-02,Switch,2024-01-28 02:00:00,11.62,17.61,16.93,111.47,4.57,0.106,31.61
5,Edge-Firewall-01,Firewall,2024-01-28 02:00:00,22.16,27.53,34.4,283.22,15.68,0.378,52.9
6,App-Server-01,Server,2024-01-28 02:00:00,18.23,23.94,16.3,67.39,5.65,0.139,65.97
7,App-Server-02,Server,2024-01-28 02:00:00,16.79,30.1,16.72,108.9,6.32,0.125,67.0
8,DB-Server-01,Server,2024-01-28 02:00:00,17.2,24.68,13.71,38.1,4.64,0.169,66.59
9,WiFi-AP-01,Access Point,2024-01-28 02:00:00,8.1,19.53,13.87,51.01,19.17,0.344,20.6
10,WiFi-AP-02,Access Point,2024-01-28 02:00:00,5.0,11.28,11.12,56.01,17.57,0.407,20.29
1,Core-Router-01,Router,2024-01-28 04:00:00,21.45,20.03,25.17,191.06,6.87,0.122,41.09
2,Core-Router-02,Router,2024-01-28 04:00:00,11.32,46.55,29.72,122.68,8.56,0.174,41.42
3,Dist-Switch-01,Switch,2024-01-28 04:00:00,9.27,14.04,21.06,138.41,6.3,0.092,29.53
4,Dist-Switch-02,Switch,2024-01-28 04:00:00,12.81,20.68,21.68,137.81,3.41,0.087,31.47
5,Edge-Firewall-01,Firewall,2024-01-28 04:00:00,18.05,24.89,29.51,302.78,15.06,0.248,52.14
6,App-Server-01,Server,2024-01-28 04:00:00,13.28,25.29,14.35,74.72,5.37,0.078,65.78
7,App-Server-02,Server,2024-01-28 04:00:00,25.65,26.08,14.84,56.5,6.27,0.073,65.59
8,DB-Server-01,Server,2024-01-28 04:00:00,20.91,26.55,16.85,80.2,5.55,0.112,67.59
9,WiFi-AP-01,Access Point,2024-01-28 04:00:00,11.76,12.33,10.56,41.96,20.14,0.349,23.48
10,WiFi-AP-02,Access Point,2024-01-28 04:00:00,8.33,13.31,15.48,51.0,17.41,0.382,21.85
1,Core-Router-01,Router,2024-01-28 06:00:00,25.36,33.17,26.01,227.8,8.32,0.182,42.16
2,Core-Router-02,Router,2024-01-28 06:00:00,17.63,23.13,32.94,242.51,9.85,0.162,39.47
3,Dist-Switch-01,Switch,2024-01-28 06:00:00,10.59,23.2,34.04,132.32,5.91,0.097,29.96
4,Dist-Switch-02,Switch,2024-01-28 06:00:00,14.95,23.73,11.36,153.8,4.81,0.077,31.29
5,Edge-Firewall-01,Firewall,2024-01-28 06:00:00,25.14,29.84,27.0,362.01,14.13,0.256,50.79
6,App-Server-01,Server,2024-01-28 06:00:00,24.71,35.16,20.64,83.16,5.96,0.085,66.41
7,App-Server-02,Server,2024-01-28 06:00:00,32.08,31.07,12.93,91.04,4.09,0.08,66.07
8,DB-Server-01,Server,2024-01-28 06:00:00,18.33,34.47,17.87,117.58,5.67,0.096,67.54
9,WiFi-AP-01,Access Point,2024-01-28 06:00:00,11.22,18.79,13.27,95.25,18.04,0.384,22.09
10,WiFi-AP-02,Access Point,2024-01-28 06:00:00,5.0,17.5,25.68,61.7,17.46,0.33,19.34
1,Core-Router-01,Router,2024-01-28 08:00:00,31.92,35.15,37.39,317.55,9.1,0.165,41.3
2,Core-Router-02,Router,2024-01-28 08:00:00,23.62,37.25,41.24,327.03,10.17,0.125,42.46
3,Dist-Switch-01,Switch,2024-01-28 08:00:00,25.0,30.81,28.55,191.14,4.88,0.137,30.96
4,Dist-Switch-02,Switch,2024-01-28 08:00:00,18.0,26.47,36.66,201.29,2.93,0.089,31.19
5,Edge-Firewall-01,Firewall,2024-01-28 08:00:00,56.09,39.84,47.39,535.45,14.06,0.291,52.93
6,App-Server-01,Server,2024-01-28 08:00:00,33.71,46.28,29.99,127.26,6.69,0.177,66.69
7,App-Server-02,Server,2024-01-28 08:00:00,37.82,48.14,30.04,78.79,5.45,0.089,66.75
8,DB-Server-01,Server,2024-01-28 08:00:00,37.98,44.95,21.52,143.86,7.11,0.111,64.95
9,WiFi-AP-01,Access Point,2024-01-28 08:00:00,16.23,25.75,34.92,72.29,17.64,0.456,22.72
10,WiFi-AP-02,Access Point,2024-01-28 08:00:00,17.15,24.44,22.45,72.27,18.6,0.407,21.45
1,Core-Router-01,Router,2024-01-28 10:00:00,44.5,43.36,43.63,411.29,7.87,0.23,42.75
2,Core-Router-02,Router,2024-01-28 10:00:00,35.67,41.71,46.31,397.74,9.47,0.188,40.31
3,Dist-Switch-01,Switch,2024-01-28 10:00:00,28.26,38.18,37.83,220.45,3.75,0.117,32.37
4,Dist-Switch-02,Switch,2024-01-28 10:00:00,19.72,37.97,66.96,230.98,3.53,0.114,30.16
5,Edge-Firewall-01,Firewall,2024-01-28 10:00:00,42.75,50.22,56.32,632.14,12.78,0.338,52.99
6,App-Server-01,Server,2024-01-28 10:00:00,49.42,57.15,30.88,160.43,5.02,0.101,66.45
7,App-Server-02,Server,2024-01-28 10:00:00,43.75,57.27,20.0,169.74,4.05,0.077,65.16
8,DB-Server-01,Server,2024-01-28 10:00:00,48.45,58.25,39.81,130.63,6.43,0.081,65.9
9,WiFi-AP-01,Access Point,2024-01-28 10:00:00,23.22,31.58,39.92,101.25,17.55,0.417,22.84
10,WiFi-AP-02,Access Point,2024-01-28 10:00:00,20.04,23.93,35.33,121.74,17.95,0.377,20.87
1,Core-Router-01,Router,2024-01-28 12:00:00,41.89,43.59,57.56,459.11,8.18,0.188,41.76
2,Core-Router-02,Router,2024-01-28 12:00:00,33.78,45.61,56.89,442.86,11.07,0.142,40.74
3,Dist-Switch-01,Switch,2024-01-28 12:00:00,25.89,38.08,42.13,256.39,2.7,0.077,29.94
4,Dist-Switch-02,Switch,2024-01-28 12:00:00,22.82,38.17,31.51,272.25,1.58,0.095,30.06
5,Edge-Firewall-01,Firewall,2024-01-28 12:00:00,45.47,57.21,70.93,687.31,12.56,0.339,51.12
6,App-Server-01,Server,2024-01-28 12:00:00,51.65,61.61,23.12,171.38,5.04,0.137,67.08
7,App-Server-02,Server,2024-01-28 12:00:00,44.87,63.72,36.5,140.3,5.51,0.124,65.14
8,DB-Server-01,Server,2024-01-28 12:00:00,56.88,55.4,30.29,152.39,6.83,0.103,65.19
9,WiFi-AP-01,Access Point,2024-01-28 12:00:00,23.19,36.23,41.87,123.01,18.44,0.402,23.02
10,WiFi-AP-02,Access Point,2024-01-28 12:00:00,25.98,37.5,42.5,138.83,16.94,0.41,21.46
1,Core-Router-01,Router,2024-01-28 14:00:00,43.58,49.51,54.13,394.43,9.0,0.171,41.6
2,Core-Router-02,Router,2024-01-28 14:00:00,36.87,46.26,53.67,419.47,9.21,0.213,40.52
3,Dist-Switch-01,Switch,2024-01-28 14:00:00,28.31,34.84,49.04,276.36,3.37,0.214,32.59
4,Dist-Switch-02,Switch,2024-01-28 14:00:00,21.89,40.77,43.14,241.33,2.57,0.111,30.75
5,Edge-Firewall-01,Firewall,2024-01-28 14:00:00,46.68,52.89,56.19,682.44,14.93,0.423,51.37
6,App-Server-01,Server,2024-01-28 14:00:00,48.39,64.14,48.96,164.06,3.73,0.08,66.14
7,App-Server-02,Server,2024-01-28 14:00:00,59.26,64.94,38.58,159.51,6.13,0.093,66.59
8,DB-Server-01,Server,2024-01-28 14:00:00,45.14,63.12,34.79,169.23,4.85,0.112,66.67
9,WiFi-AP-01,Access Point,2024-01-28 14:00:00,14.41,36.62,33.26,87.26,20.0,0.386,20.63
10,WiFi-AP-02,Access Point,2024-01-28 14:00:00,25.94,39.81,30.87,109.31,17.3,0.425,22.99
1,Core-Router-01,Router,2024-01-28 16:00:00,32.01,48.65,44.89,410.37,7.82,0.138,41.24
2,Core-Router-02,Router,2024-01-28 16:00:00,35.07,45.56,43.4,385.97,9.53,0.202,41.33
3,Dist-Switch-01,Switch,2024-01-28 16:00:00,26.23,38.6,44.52,223.12,2.86,0.098,33.28
4,Dist-Switch-02,Switch,2024-01-28 16:00:00,26.25,37.72,68.09,215.77,5.57,0.087,32.07
5,Edge-Firewall-01,Firewall,2024-01-28 16:00:00,37.34,54.81,54.73,619.38,13.59,0.338,50.07
6,App-Server-01,Server,2024-01-28 16:00:00,48.68,55.35,33.96,194.98,5.33,0.187,66.11
7,App-Server-02,Server,2024-01-28 16:00:00,53.21,56.25,39.94,170.52,3.62,0.082,66.65
8,DB-Server-01,Server,2024-01-28 16:00:00,52.76,61.97,36.83,170.27,6.13,0.085,64.89
9,WiFi-AP-01,Access Point,2024-01-28 16:00:00,20.35,33.39,30.31,147.63,19.19,0.43,22.72
10,WiFi-AP-02,Access Point,2024-01-28 16:00:00,18.95,29.96,41.72,120.07,20.08,0.399,19.62
1,Core-Router-01,Router,2024-01-28 18:00:00,27.94,37.89,34.11,296.32,9.32,0.201,41.66
2,Core-Router-02,Router,2024-01-28 18:00:00,27.7,37.0,31.83,348.88,8.91,0.166,42.31
3,Dist-Switch-01,Switch,2024-01-28 18:00:00,14.75,31.71,25.17,166.35,5.6,0.113,33.42
4,Dist-Switch-02,Switch,2024-01-28 18:00:00,17.89,29.37,34.93,193.51,2.89,0.104,31.56
5,Edge-Firewall-01,Firewall,2024-01-28 18:00:00,31.25,38.69,47.18,514.77,15.48,0.284,50.77
6,App-Server-01,Server,2024-01-28 18:00:00,40.44,42.77,22.54,116.8,5.24,0.159,64.97
7,App-Server-02,Server,2024-01-28 18:00:00,43.93,47.42,33.67,191.9,6.89,0.118,65.04
8,DB-Server-01,Server,2024-01-28 18:00:00,34.01,46.29,17.34,141.48,3.32,0.125,66.03
9,WiFi-AP-01,Access Point,2024-01-28 18:00:00,16.65,23.59,19.57,121.57,19.52,0.368,22.01
10,WiFi-AP-02,Access Point,2024-01-28 18:00:00,14.58,26.7,32.86,107.98,19.52,0.37,21.38
1,Core-Router-01,Router,2024-01-28 20:00:00,26.02,34.09,42.8,292.88,10.2,0.14,40.53
2,Core-Router-02,Router,2024-01-28 20:00:00,24.67,37.54,38.68,354.69,7.83,0.154,41.26
3,Dist-Switch-01,Switch,2024-01-28 20:00:00,16.37,29.08,33.89,203.44,5.14,0.123,31.69
4,Dist-Switch-02,Switch,2024-01-28 20:00:00,33.6,30.35,34.45,174.01,2.74,0.084,31.37
5,Edge-Firewall-01,Firewall,2024-01-28 20:00:00,34.64,43.95,48.87,506.08,13.69,0.332,51.38
6,App-Server-01,Server,2024-01-28 20:00:00,33.06,45.51,31.92,122.1,4.92,0.166,67.86
7,App-Server-02,Server,2024-01-28 20:00:00,35.69,45.63,27.48,133.24,7.27,0.072,66.59
8,DB-Server-01,Server,2024-01-28 20:00:00,41.5,48.78,30.52,139.93,3.9,0.095,67.17
9,WiFi-AP-01,Access Point,2024-01-28 20:00:00,17.15,28.31,38.5,73.34,19.32,0.368,22.29
10,WiFi-AP-02,Access Point,2024-01-28 20:00:00,15.98,32.21,29.71,84.07,18.6,0.364,22.49
1,Core-Router-01,Router,2024-01-28 22:00:00,22.93,33.26,27.62,232.86,8.49,0.127,41.58
2,Core-Router-02,Router,2024-01-28 22:00:00,22.26,26.04,25.13,217.22,8.72,0.179,42.71
3,Dist-Switch-01,Switch,2024-01-28 22:00:00,13.78,18.31,23.08,182.74,4.64,0.084,32.31
4,Dist-Switch-02,Switch,2024-01-28 22:00:00,20.25,17.68,21.52,130.34,4.22,0.068,32.11
5,Edge-Firewall-01,Firewall,2024-01-28 22:00:00,23.81,34.65,32.53,389.65,15.74,0.303,51.71
6,App-Server-01,Server,2024-01-28 22:00:00,31.46,38.1,21.36,79.35,6.04,0.068,64.0
7,App-Server-02,Server,2024-01-28 22:00:00,30.03,33.23,24.57,78.94,3.95,0.073,66.73
8,DB-Server-01,Server,2024-01-28 22:00:00,28.56,32.94,13.44,91.16,5.11,0.118,66.73
9,WiFi-AP-01,Access Point,2024-01-28 22:00:00,10.63,23.96,19.79,81.61,18.01,0.413,21.44
10,WiFi-AP-02,Access Point,2024-01-28 22:00:00,12.21,18.37,22.12,94.45,19.03,0.338,23.05
1,Core-Router-01,Router,2024-01-29 00:00:00,32.38,34.0,31.62,312.7,5.41,0.162,42.76
2,Core-Router-02,Router,2024-01-29 00:00:00,24.51,33.99,32.63,294.22,4.37,0.143,42.17
3,Dist-Switch-01,Switch,2024-01-29 00:00:00,15.47,26.46,23.2,196.89,1.27,0.141,31.81
4,Dist-Switch-02,Switch,2024-01-29 00:00:00,18.57,26.97,24.63,165.24,1.38,0.094,30.4
5,Edge-Firewall-01,Firewall,2024-01-29 00:00:00,36.82,43.27,42.65,552.3,6.25,0.277,51.18
6,App-Server-01,Server,2024-01-29 00:00:00,36.32,42.85,25.65,123.89,2.61,0.133,64.78
7,App-Server-02,Server,2024-01-29 00:00:00,37.37,43.73,24.69,126.23,2.48,0.079,65.55
8,DB-Server-01,Server,2024-01-29 00:00:00,44.62,42.54,23.83,113.92,2.26,0.074,66.3
9,WiFi-AP-01,Access Point,2024-01-29 00:00:00,14.21,24.83,25.29,104.33,12.06,0.386,21.79
10,WiFi-AP-02,Access Point,2024-01-29 00:00:00,16.23,27.69,32.37,100.41,9.96,0.37,20.64
1,Core-Router-01,Router,2024-01-29 02:00:00,28.5,31.46,64.09,343.14,5.1,0.173,42.87
2,Core-Router-02,Router,2024-01-29 02:00:00,28.18,35.93,37.01,304.75,4.05,0.17,41.61
3,Dist-Switch-01,Switch,2024-01-29 02:00:00,54.13,31.81,28.44,209.41,1.69,0.124,30.91
4,Dist-Switch-02,Switch,2024-01-29 02:00:00,15.05,26.5,28.38,175.79,1.43,0.1,33.2
5,Edge-Firewall-01,Firewall,2024-01-29 02:00:00,29.99,45.52,42.55,520.56,6.35,0.286,49.39
6,App-Server-01,Server,2024-01-29 02:00:00,39.78,45.71,26.64,113.7,3.55,0.089,66.19
7,App-Server-02,Server,2024-01-29 02:00:00,41.21,44.65,28.32,125.88,3.22,0.099,66.0
8,DB-Server-01,Server,2024-01-29 02:00:00,33.58,45.77,31.63,134.38,3.32,0.069,67.14
9,WiFi-AP-01,Access Point,2024-01-29 02:00:00,15.31,24.32,34.42,85.69,10.89,0.401,21.97
10,WiFi-AP-02,Access Point,2024-01-29 02:00:00,11.05,25.76,27.88,86.38,10.14,0.372,20.94
1,Core-Router-01,Router,2024-01-29 04:00:00,28.2,34.59,44.34,315.86,3.77,0.207,41.76
2,Core-Router-02,Router,2024-01-29 04:00:00,25.85,37.32,31.86,310.22,3.67,0.148,42.05
3,Dist-Switch-01,Switch,2024-01-29 04:00:00,20.61,25.63,28.37,197.29,0.5,0.072,32.92
4,Dist-Switch-02,Switch,2024-01-29 04:00:00,18.54,24.42,29.06,179.99,4.14,0.143,32.13
5,Edge-Firewall-01,Firewall,2024-01-29 04:00:00,33.94,45.33,39.27,535.13,8.93,0.275,52.54
6,App-Server-01,Server,2024-01-29 04:00:00,36.73,41.14,47.62,126.7,3.6,0.159,65.68
7,App-Server-02,Server,2024-01-29 04:00:00,37.95,49.65,29.02,114.4,2.04,0.095,65.66
8,DB-Server-01,Server,2024-01-29 04:00:00,39.47,45.18,27.08,111.58,2.93,0.173,66.55
9,WiFi-AP-01,Access Point,2024-01-29 04:00:00,20.75,21.41,31.31,84.08,10.8,0.37,21.8
10,WiFi-AP-02,Access Point,2024-01-29 04:00:00,16.31,29.66,30.63,82.19,10.1,0.367,21.56
1,Core-Router-01,Router,2024-01-29 06:00:00,36.84,61.06,52.36,429.12,6.06,0.158,39.42
2,Core-Router-02,Router,2024-01-29 06:00:00,37.06,42.2,53.44,394.52,4.01,0.155,42.94
3,Dist-Switch-01,Switch,2024-01-29 06:00:00,21.39,38.56,45.7,286.48,2.78,0.115,32.26
4,Dist-Switch-02,Switch,2024-01-29 06:00:00,20.84,39.6,47.04,237.67,1.42,0.101,32.17
5,Edge-Firewall-01,Firewall,2024-01-29 06:00:00,46.8,54.68,53.51,683.45,7.43,0.306,50.26
6,App-Server-01,Server,2024-01-29 06:00:00,52.07,58.6,27.99,144.65,1.82,0.086,66.52
7,App-Server-02,Server,2024-01-29 06:00:00,52.44,60.84,30.45,192.37,2.56,0.099,66.24
8,DB-Server-01,Server,2024-01-29 06:00:00,52.86,59.28,36.21,171.05,3.81,0.117,64.63
9,WiFi-AP-01,Access Point,2024-01-29 06:00:00,17.51,37.45,37.75,130.24,8.95,0.356,20.38
10,WiFi-AP-02,Access Point,2024-01-29 06:00:00,17.9,33.03,40.75,139.44,10.58,0.433,21.39
1,Core-Router-01,Router,2024-01-29 08:00:00,52.18,60.14,70.7,583.49,5.51,0.156,40.85
2,Core-Router-02,Router,2024-01-29 08:00:00,56.67,58.07,70.3,553.23,4.09,0.183,40.13
3,Dist-Switch-01,Switch,2024-01-29 08:00:00,29.62,60.11,52.05,386.11,1.83,0.091,31.97
4,Dist-Switch-02,Switch,2024-01-29 08:00:00,40.66,49.53,56.3,370.04,2.29,0.125,31.92
5,Edge-Firewall-01,Firewall,2024-01-29 08:00:00,71.97,77.04,83.5,948.03,7.86,0.386,51.64
6,App-Server-01,Server,2024-01-29 08:00:00,73.77,85.22,49.22,245.43,1.99,0.114,67.24
7,App-Server-02,Server,2024-01-29 08:00:00,76.31,76.57,44.24,235.87,2.12,0.129,66.87
8,DB-Server-01,Server,2024-01-29 08:00:00,76.95,76.29,46.23,244.67,3.78,0.104,68.16
9,WiFi-AP-01,Access Point,2024-01-29 08:00:00,29.54,51.02,49.73,177.71,8.79,0.434,21.28
10,WiFi-AP-02,Access Point,2024-01-29 08:00:00,30.86,46.14,55.9,184.5,9.01,0.439,21.37
1,Core-Router-01,Router,2024-01-29 10:00:00,68.84,86.51,89.79,755.78,3.39,0.269,42.01
2,Core-Router-02,Router,2024-01-29 10:00:00,66.01,80.42,82.74,719.2,6.91,0.215,40.39
3,Dist-Switch-01,Switch,2024-01-29 10:00:00,41.33,88.45,73.64,463.15,1.39,0.139,31.69
4,Dist-Switch-02,Switch,2024-01-29 10:00:00,43.91,69.21,71.29,436.17,1.85,0.076,31.01
5,Edge-Firewall-01,Firewall,2024-01-29 10:00:00,78.7,90.08,99.0,1191.3,8.85,0.381,52.7
6,App-Server-01,Server,2024-01-29 10:00:00,88.16,98.97,50.59,318.62,2.63,0.155,64.14
7,App-Server-02,Server,2024-01-29 10:00:00,86.69,99.0,55.36,273.19,2.45,0.156,65.01
8,DB-Server-01,Server,2024-01-29 10:00:00,85.71,99.0,61.32,297.83,2.35,0.094,65.86
9,WiFi-AP-01,Access Point,2024-01-29 10:00:00,33.34,55.61,70.13,219.48,10.31,0.408,21.84
10,WiFi-AP-02,Access Point,2024-01-29 10:00:00,35.76,57.41,91.24,192.41,8.88,0.426,19.8
1,Core-Router-01,Router,2024-01-29 12:00:00,64.69,88.95,94.75,771.17,7.27,0.247,42.38
2,Core-Router-02,Router,2024-01-29 12:00:00,69.77,88.18,94.17,742.76,5.1,0.187,39.21
3,Dist-Switch-01,Switch,2024-01-29 12:00:00,54.59,71.15,81.38,444.81,2.69,0.132,31.65
4,Dist-Switch-02,Switch,2024-01-29 12:00:00,46.78,67.54,76.94,457.88,2.57,0.116,31.96
5,Edge-Firewall-01,Firewall,2024-01-29 12:00:00,82.47,99.0,99.0,1234.26,8.65,0.393,51.13
6,App-Server-01,Server,2024-01-29 12:00:00,98.27,99.0,67.93,347.95,2.76,0.131,65.76
7,App-Server-02,Server,2024-01-29 12:00:00,89.49,99.0,83.06,293.33,3.59,0.12,67.11
8,DB-Server-01,Server,2024-01-29 12:00:00,94.82,99.0,65.04,334.37,3.4,0.113,67.56
9,WiFi-AP-01,Access Point,2024-01-29 12:00:00,41.69,63.05,71.25,244.83,9.33,0.461,22.83
10,WiFi-AP-02,Access Point,2024-01-29 12:00:00,46.47,59.63,66.87,256.91,10.53,0.473,22.3
1,Core-Router-01,Router,2024-01-29 14:00:00,88.37,86.81,94.89,763.04,5.32,0.231,41.07
2,Core-Router-02,Router,2024-01-29 14:00:00,70.83,86.44,92.2,793.75,4.32,0.237,42.03
3,Dist-Switch-01,Switch,2024-01-29 14:00:00,43.07,75.31,78.86,453.67,3.1,0.096,29.63
4,Dist-Switch-02,Switch,2024-01-29 14:00:00,44.71,71.06,67.22,469.83,2.16,0.132,31.67
5,Edge-Firewall-01,Firewall,2024-01-29 14:00:00,85.85,99.5,99.0,1265.09,7.71,0.382,52.13
6,App-Server-01,Server,2024-01-29 14:00:00,92.82,99.0,64.85,295.82,2.61,0.169,66.27
7,App-Server-02,Server,2024-01-29 14:00:00,93.63,99.0,64.94,293.7,2.94,0.099,66.67
8,DB-Server-01,Server,2024-01-29 14:00:00,94.78,99.0,56.54,331.69,4.18,0.122,65.75
9,WiFi-AP-01,Access Point,2024-01-29 14:00:00,45.67,55.84,66.8,257.5,9.63,0.517,19.89
10,WiFi-AP-02,Access Point,2024-01-29 14:00:00,34.56,60.82,72.31,229.62,9.51,0.475,22.91
1,Core-Router-01,Router,2024-01-29 16:00:00,64.55,75.79,77.49,740.41,5.66,0.168,41.33
2,Core-Router-02,Router,2024-01-29 16:00:00,62.99,82.88,96.67,691.29,4.92,0.212,39.91
3,Dist-Switch-01,Switch,2024-01-29 16:00:00,39.62,67.35,75.59,470.58,2.01,0.158,31.16
4,Dist-Switch-02,Switch,2024-01-29 16:00:00,38.59,62.59,76.47,445.26,2.59,0.087,32.19
5,Edge-Firewall-01,Firewall,2024-01-29 16:00:00,79.27,98.98,99.0,1172.86,8.21,0.359,53.0
6,App-Server-01,Server,2024-01-29 16:00:00,89.26,99.0,83.01,311.11,3.71,0.108,65.24
7,App-Server-02,Server,2024-01-29 16:00:00,84.67,99.0,65.59,289.25,2.41,0.18,67.91
8,DB-Server-01,Server,2024-01-29 16:00:00,90.55,99.0,63.66,290.96,3.08,0.17,66.58
9,WiFi-AP-01,Access Point,2024-01-29 16:00:00,39.13,61.46,69.42,218.12,9.97,0.456,22.18
10,WiFi-AP-02,Access Point,2024-01-29 16:00:00,41.45,60.5,69.19,211.76,9.42,0.463,20.83
1,Core-Router-01,Router,2024-01-29 18:00:00,52.88,68.87,76.72,594.54,4.7,0.159,42.27
2,Core-Router-02,Router,2024-01-29 18:00:00,52.82,63.06,76.7,592.13,4.42,0.177,42.37
3,Dist-Switch-01,Switch,2024-01-29 18:00:00,31.28,52.36,78.98,362.15,2.63,0.093,29.91
4,Dist-Switch-02,Switch,2024-01-29 18:00:00,39.44,49.61,60.21,350.46,2.16,0.152,34.44
5,Edge-Firewall-01,Firewall,2024-01-29 18:00:00,58.2,79.46,81.61,962.56,8.96,0.387,51.68
6,App-Server-01,Server,2024-01-29 18:00:00,67.06,85.17,47.67,230.72,2.52,0.134,68.0
7,App-Server-02,Server,2024-01-29 18:00:00,65.84,84.26,45.22,206.05,3.15,0.125,64.82
8,DB-Server-01,Server,2024-01-29 18:00:00,67.49,79.31,43.85,208.88,2.6,0.119,66.78
9,WiFi-AP-01,Access Point,2024-01-29 18:00:00,31.8,47.86,51.79,171.3,9.16,0.436,22.1
10,WiFi-AP-02,Access Point,2024-01-29 18:00:00,22.39,46.84,51.35,188.53,8.57,0.368,21.74
1,Core-Router-01,Router,2024-01-29 20:00:00,45.35,61.51,70.16,598.78,5.18,0.173,40.32
2,Core-Router-02,Router,2024-01-29 20:00:00,46.61,64.99,64.47,571.19,5.93,0.156,40.83
3,Dist-Switch-01,Switch,2024-01-29 20:00:00,32.52,54.83,59.91,328.81,0.5,0.16,30.18
4,Dist-Switch-02,Switch,2024-01-29 20:00:00,58.67,57.5,59.59,341.09,0.57,0.141,31.78
5,Edge-Firewall-01,Firewall,2024-01-29 20:00:00,70.54,75.32,79.61,955.55,7.31,0.355,51.44
6,App-Server-01,Server,2024-01-29 20:00:00,68.98,82.34,55.9,247.49,4.09,0.13,67.5
7,App-Server-02,Server,2024-01-29 20:00:00,73.18,77.89,49.78,225.13,1.45,0.093,66.94
8,DB-Server-01,Server,2024-01-29 20:00:00,71.23,82.06,45.43,284.73,1.82,0.129,66.42
9,WiFi-AP-01,Access Point,2024-01-29 20:00:00,26.01,46.93,46.0,164.64,9.95,0.456,21.91
10,WiFi-AP-02,Access Point,2024-01-29 20:00:00,25.57,42.72,47.56,220.07,8.02,0.399,20.65
1,Core-Router-01,Router,2024-01-29 22:00:00,37.12,48.89,54.13,414.39,3.64,0.168,41.95
2,Core-Router-02,Router,2024-01-29 22:00:00,37.38,48.41,49.13,411.46,5.0,0.163,41.71
3,Dist-Switch-01,Switch,2024-01-29 22:00:00,27.72,36.24,50.71,249.95,1.88,0.13,31.21
4,Dist-Switch-02,Switch,2024-01-29 22:00:00,27.81,40.81,50.61,267.2,2.28,0.086,30.74
5,Edge-Firewall-01,Firewall,2024-01-29 22:00:00,50.96,58.49,54.53,699.26,8.65,0.358,51.94
6,App-Server-01,Server,2024-01-29 22:00:00,47.16,52.63,33.44,176.36,2.88,0.217,66.78
7,App-Server-02,Server,2024-01-29 22:00:00,51.95,61.21,32.03,189.79,3.36,0.092,65.78
8,DB-Server-01,Server,2024-01-29 22:00:00,45.1,58.42,35.65,162.31,3.29,0.084,66.83
9,WiFi-AP-01,Access Point,2024-01-29 22:00:00,17.49,34.82,35.32,97.63,9.83,0.429,19.94
10,WiFi-AP-02,Access Point,2024-01-29 22:00:00,21.88,36.63,50.02,118.54,9.37,0.424,22.54
1,Core-Router-01,Router,2024-01-30 00:00:00,25.49,34.28,29.37,339.43,6.16,0.168,39.84
2,Core-Router-02,Router,2024-01-30 00:00:00,31.39,30.37,38.9,325.85,5.31,0.158,41.44
3,Dist-Switch-01,Switch,2024-01-30 00:00:00,11.46,30.56,32.66,175.0,0.5,0.133,32.68
4,Dist-Switch-02,Switch,2024-01-30 00:00:00,22.13,26.93,19.59,208.34,2.37,0.08,32.57
5,Edge-Firewall-01,Firewall,2024-01-30 00:00:00,38.78,42.36,45.22,515.82,8.68,0.32,51.88
6,App-Server-01,Server,2024-01-30 00:00:00,34.93,49.05,28.4,114.94,3.08,0.11,67.95
7,App-Server-02,Server,2024-01-30 00:00:00,45.1,47.13,33.52,131.74,3.76,0.134,66.44
8,DB-Server-01,Server,2024-01-30 00:00:00,38.89,47.85,28.97,113.59,0.81,0.078,64.35
9,WiFi-AP-01,Access Point,2024-01-30 00:00:00,12.12,23.12,26.11,112.93,11.04,0.362,22.08
10,WiFi-AP-02,Access Point,2024-01-30 00:00:00,18.71,18.25,29.01,60.6,10.51,0.461,21.27
1,Core-Router-01,Router,2024-01-30 02:00:00,31.15,32.04,43.42,331.88,5.38,0.166,41.09
2,Core-Router-02,Router,2024-01-30 02:00:00,29.57,35.42,38.55,308.31,3.76,0.146,41.06
3,Dist-Switch-01,Switch,2024-01-30 02:00:00,16.36,31.51,26.31,189.62,3.17,0.104,32.67
4,Dist-Switch-02,Switch,2024-01-30 02:00:00,16.94,31.31,26.86,187.53,1.82,0.087,31.09
5,Edge-Firewall-01,Firewall,2024-01-30 02:00:00,33.42,60.51,49.33,511.15,8.2,0.275,51.5
6,App-Server-01,Server,2024-01-30 02:00:00,58.64,44.13,32.83,143.91,3.02,0.092,66.33
7,App-Server-02,Server,2024-01-30 02:00:00,40.28,49.54,18.87,141.9,4.13,0.144,66.27
8,DB-Server-01,Server,2024-01-30 02:00:00,34.35,46.34,23.95,126.1,2.59,0.103,66.68
9,WiFi-AP-01,Access Point,2024-01-30 02:00:00,17.01,26.22,31.82,91.29,11.7,0.413,19.72
10,WiFi-AP-02,Access Point,2024-01-30 02:00:00,8.85,19.5,32.32,107.55,11.21,0.379,22.2
1,Core-Router-01,Router,2024-01-30 04:00:00,29.18,35.89,41.74,306.62,7.59,0.196,40.92
2,Core-Router-02,Router,2024-01-30 04:00:00,24.59,35.13,39.52,343.06,3.83,0.139,39.92
3,Dist-Switch-01,Switch,2024-01-30 04:00:00,21.05,28.63,41.86,162.13,3.37,0.146,30.12
4,Dist-Switch-02,Switch,2024-01-30 04:00:00,12.6,29.71,26.31,166.08,2.2,0.079,31.49
5,Edge-Firewall-01,Firewall,2024-01-30 04:00:00,34.74,47.31,45.77,530.91,8.14,0.324,52.0
6,App-Server-01,Server,2024-01-30 04:00:00,35.99,44.77,27.27,89.87,1.39,0.113,65.79
7,App-Server-02,Server,2024-01-30 04:00:00,36.14,45.54,23.81,137.05,2.95,0.078,65.75
8,DB-Server-01,Server,2024-01-30 04:00:00,39.38,48.36,22.9,147.01,2.95,0.106,66.58
9,WiFi-AP-01,Access Point,2024-01-30 04:00:00,15.95,26.79,62.58,101.25,10.48,0.366,23.02
10,WiFi-AP-02,Access Point,2024-01-30 04:00:00,18.65,25.97,28.34,116.08,9.39,0.445,21.52
1,Core-Router-01,Router,2024-01-30 06:00:00,43.37,51.96,50.94,429.87,5.52,0.157,41.97
2,Core-Router-02,Router,2024-01-30 06:00:00,38.27,50.22,55.09,445.2,4.79,0.235,41.93
3,Dist-Switch-01,Switch,2024-01-30 06:00:00,26.73,36.33,42.41,259.69,1.21,0.078,31.28
4,Dist-Switch-02,Switch,2024-01-30 06:00:00,25.96,33.32,42.22,249.85,1.98,0.115,33.5
5,Edge-Firewall-01,Firewall,2024-01-30 06:00:00,49.9,52.07,58.33,698.32,8.48,0.349,51.35
6,App-Server-01,Server,2024-01-30 06:00:00,50.03,65.32,34.61,151.27,4.48,0.15,62.95
7,App-Server-02,Server,2024-01-30 06:00:00,54.56,62.79,55.5,145.55,2.94,0.091,65.91
8,DB-Server-01,Server,2024-01-30 06:00:00,57.13,56.92,35.9,195.48,3.38,0.141,67.01
9,WiFi-AP-01,Access Point,2024-01-30 06:00:00,23.17,35.42,41.68,120.99,8.7,0.417,22.61
10,WiFi-AP-02,Access Point,2024-01-30 06:00:00,22.46,32.67,30.82,130.42,8.65,0.442,21.43
1,Core-Router-01,Router,2024-01-30 08:00:00,50.03,65.92,69.99,577.74,3.3,0.193,40.63
2,Core-Router-02,Router,2024-01-30 08:00:00,48.19,63.9,65.05,586.6,5.24,0.189,41.88
3,Dist-Switch-01,Switch,2024-01-30 08:00:00,29.95,49.75,58.42,367.67,2.87,0.146,31.07
4,Dist-Switch-02,Switch,2024-01-30 08:00:00,34.88,49.99,52.72,358.5,1.22,0.129,29.99
5,Edge-Firewall-01,Firewall,2024-01-30 08:00:00,66.83,73.67,78.48,954.58,7.32,0.359,50.64
6,App-Server-01,Server,2024-01-30 08:00:00,77.93,80.73,47.45,231.91,3.22,0.12,66.25
7,App-Server-02,Server,2024-01-30 08:00:00,72.36,79.99,52.64,259.66,3.61,0.09,63.46
8,DB-Server-01,Server,2024-01-30 08:00:00,72.48,81.41,45.96,198.0,3.49,0.159,66.57
9,WiFi-AP-01,Access Point,2024-01-30 08:00:00,33.11,45.78,59.17,162.02,10.6,0.465,22.48
10,WiFi-AP-02,Access Point,2024-01-30 08:00:00,33.0,48.6,51.12,148.92,9.61,0.455,21.58
1,Core-Router-01,Router,2024-01-30 10:00:00,60.15,77.73,94.75,747.1,3.77,0.248,40.82
2,Core-Router-02,Router,2024-01-30 10:00:00,58.96,80.64,99.5,705.4,4.81,0.225,42.2
3,Dist-Switch-01,Switch,2024-01-30 10:00:00,43.65,65.92,67.95,437.05,2.24,0.127,30.83
4,Dist-Switch-02,Switch,2024-01-30 10:00:00,43.48,63.51,74.86,458.08,2.63,0.13,31.6
5,Edge-Firewall-01,Firewall,2024-01-30 10:00:00,78.4,98.89,99.0,1149.36,7.78,0.38,51.69
6,App-Server-01,Server,2024-01-30 10:00:00,86.43,99.0,54.05,287.04,2.14,0.142,65.55
7,App-Server-02,Server,2024-01-30 10:00:00,88.97,99.0,63.72,316.72,3.7,0.112,65.4
8,DB-Server-01,Server,2024-01-30 10:00:00,84.21,99.0,62.75,296.4,3.87,0.142,65.72
9,WiFi-AP-01,Access Point,2024-01-30 10:00:00,37.0,58.95,64.72,210.51,11.18,0.414,21.46
10,WiFi-AP-02,Access Point,2024-01-30 10:00:00,33.66,61.01,61.34,230.3,10.48,0.422,21.77
1,Core-Router-01,Router,2024-01-30 12:00:00,71.13,85.91,93.91,783.27,5.13,0.174,40.35
2,Core-Router-02,Router,2024-01-30 12:00:00,69.77,86.82,99.5,801.11,5.62,0.213,41.28
3,Dist-Switch-01,Switch,2024-01-30 12:00:00,45.68,70.37,78.19,481.45,2.18,0.134,31.69
4,Dist-Switch-02,Switch,2024-01-30 12:00:00,43.6,68.98,81.22,436.94,0.65,0.072,32.4
5,Edge-Firewall-01,Firewall,2024-01-30 12:00:00,91.25,99.0,99.0,1252.7,6.47,0.383,50.83
6,App-Server-01,Server,2024-01-30 12:00:00,97.52,99.0,56.17,282.82,2.98,0.22,65.93
7,App-Server-02,Server,2024-01-30 12:00:00,94.77,99.0,67.53,336.63,1.98,0.112,67.44
8,DB-Server-01,Server,2024-01-30 12:00:00,93.84,99.0,61.85,295.75,4.11,0.127,66.14
9,WiFi-AP-01,Access Point,2024-01-30 12:00:00,39.67,58.64,66.61,265.67,10.05,0.466,21.68
10,WiFi-AP-02,Access Point,2024-01-30 12:00:00,44.36,56.57,69.44,267.51,10.96,0.499,21.44
1,Core-Router-01,Router,2024-01-30 14:00:00,68.23,82.94,88.36,798.17,5.51,0.172,41.96
2,Core-Router-02,Router,2024-01-30 14:00:00,70.95,88.91,98.61,760.71,5.27,0.254,41.58
3,Dist-Switch-01,Switch,2024-01-30 14:00:00,49.34,66.44,76.12,469.41,2.23,0.089,30.28
4,Dist-Switch-02,Switch,2024-01-30 14:00:00,46.71,65.43,77.04,460.39,1.87,0.101,29.94
5,Edge-Firewall-01,Firewall,2024-01-30 14:00:00,84.56,99.0,99.0,1300.04,9.69,0.429,51.04
6,App-Server-01,Server,2024-01-30 14:00:00,93.75,99.0,62.91,360.96,1.92,0.133,68.09
7,App-Server-02,Server,2024-01-30 14:00:00,91.38,99.0,67.74,322.54,3.19,0.143,65.56
8,DB-Server-01,Server,2024-01-30 14:00:00,91.86,99.5,52.22,341.14,3.3,0.104,64.82
9,WiFi-AP-01,Access Point,2024-01-30 14:00:00,33.96,61.37,74.42,193.08,10.79,0.42,21.23
10,WiFi-AP-02,Access Point,2024-01-30 14:00:00,40.12,63.37,66.82,247.11,7.68,0.443,21.6
1,Core-Router-01,Router,2024-01-30 16:00:00,64.98,75.63,92.27,712.38,4.93,0.173,41.47
2,Core-Router-02,Router,2024-01-30 16:00:00,71.04,80.95,90.62,736.23,5.61,0.241,41.59
3,Dist-Switch-01,Switch,2024-01-30 16:00:00,47.37,70.73,80.52,434.7,3.04,0.086,32.57
4,Dist-Switch-02,Switch,2024-01-30 16:00:00,46.52,67.19,75.9,447.51,2.29,0.081,31.2
5,Edge-Firewall-01,Firewall,2024-01-30 16:00:00,88.16,97.29,99.0,1174.2,9.06,0.413,49.97
6,App-Server-01,Server,2024-01-30 16:00:00,82.85,98.04,52.49,271.32,4.39,0.094,66.09
7,App-Server-02,Server,2024-01-30 16:00:00,82.71,99.0,50.3,287.55,5.06,0.125,66.24
8,DB-Server-01,Server,2024-01-30 16:00:00,91.27,99.0,54.98,329.02,1.86,0.113,66.76
9,WiFi-AP-01,Access Point,2024-01-30 16:00:00,33.12,60.94,64.83,234.48,10.59,0.412,23.16
10,WiFi-AP-02,Access Point,2024-01-30 16:00:00,34.21,63.03,72.24,256.62,10.17,0.442,23.53
1,Core-Router-01,Router,2024-01-30 18:00:00,51.75,62.45,69.84,570.24,5.53,0.182,41.16
2,Core-Router-02,Router,2024-01-30 18:00:00,56.96,66.76,70.86,593.29,5.01,0.179,41.45
3,Dist-Switch-01,Switch,2024-01-30 18:00:00,37.36,52.71,61.09,337.19,1.4,0.105,30.88
4,Dist-Switch-02,Switch,2024-01-30 18:00:00,40.54,55.27,53.6,362.67,1.61,0.104,29.96
5,Edge-Firewall-01,Firewall,2024-01-30 18:00:00,68.77,72.59,82.32,924.87,8.78,0.354,51.32
6,App-Server-01,Server,2024-01-30 18:00:00,70.38,83.49,76.63,235.08,2.48,0.164,65.33
7,App-Server-02,Server,2024-01-30 18:00:00,73.66,81.67,43.87,207.84,1.28,0.122,67.34
8,DB-Server-01,Server,2024-01-30 18:00:00,68.56,83.78,44.17,248.73,2.65,0.146,66.18
9,WiFi-AP-01,Access Point,2024-01-30 18:00:00,36.83,52.56,55.52,174.22,10.3,0.426,21.41
10,WiFi-AP-02,Access Point,2024-01-30 18:00:00,31.26,67.6,51.51,153.06,9.54,0.434,21.42
1,Core-Router-01,Router,2024-01-30 20:00:00,54.29,64.04,65.49,585.1,3.98,0.209,42.66
2,Core-Router-02,Router,2024-01-30 20:00:00,51.41,62.66,78.87,606.17,4.63,0.173,41.21
3,Dist-Switch-01,Switch,2024-01-30 20:00:00,32.62,54.51,57.37,355.43,3.02,0.112,30.9
4,Dist-Switch-02,Switch,2024-01-30 20:00:00,37.34,49.71,61.24,356.89,2.38,0.084,33.53
5,Edge-Firewall-01,Firewall,2024-01-30 20:00:00,61.28,79.6,77.42,953.89,8.58,0.325,50.95
6,App-Server-01,Server,2024-01-30 20:00:00,71.35,83.38,56.14,218.5,2.44,0.1,66.19
7,App-Server-02,Server,2024-01-30 20:00:00,70.38,85.79,33.09,223.99,1.26,0.145,68.85
8,DB-Server-01,Server,2024-01-30 20:00:00,73.18,85.44,46.79,251.12,1.23,0.139,65.63
9,WiFi-AP-01,Access Point,2024-01-30 20:00:00,27.37,48.71,54.67,178.65,8.64,0.387,22.41
10,WiFi-AP-02,Access Point,2024-01-30 20:00:00,27.36,51.13,48.73,177.09,11.54,0.416,22.5
1,Core-Router-01,Router,2024-01-30 22:00:00,46.51,47.7,48.84,413.55,6.3,0.21,42.9
2,Core-Router-02,Router,2024-01-30 22:00:00,38.48,50.3,51.24,411.34,6.12,0.22,40.43
3,Dist-Switch-01,Switch,2024-01-30 22:00:00,21.58,38.73,47.68,234.72,2.23,0.09,32.15
4,Dist-Switch-02,Switch,2024-01-30 22:00:00,22.55,40.93,42.11,238.66,2.06,0.158,30.89
5,Edge-Firewall-01,Firewall,2024-01-30 22:00:00,48.54,50.45,67.07,639.61,9.33,0.301,50.92
6,App-Server-01,Server,2024-01-30 22:00:00,55.26,58.85,35.66,172.12,2.53,0.092,67.22
7,App-Server-02,Server,2024-01-30 22:00:00,50.74,58.68,32.61,125.64,3.28,0.136,67.08
8,DB-Server-01,Server,2024-01-30 22:00:00,51.12,60.38,37.82,153.07,3.37,0.089,66.27
9,WiFi-AP-01,Access Point,2024-01-30 22:00:00,17.74,36.11,42.13,130.97,8.93,0.38,21.39
10,WiFi-AP-02,Access Point,2024-01-30 22:00:00,24.2,29.57,35.79,120.65,9.92,0.438,21.23
1,Core-Router-01,Router,2024-01-31 00:00:00,27.78,32.36,38.11,311.68,5.5,0.172,41.59
2,Core-Router-02,Router,2024-01-31 00:00:00,25.79,33.68,40.19,327.19,4.58,0.139,40.05
3,Dist-Switch-01,Switch,2024-01-31 00:00:00,24.96,31.09,35.51,161.6,1.4,0.079,29.57
4,Dist-Switch-02,Switch,2024-01-31 00:00:00,22.91,33.39,42.56,172.58,2.12,0.128,31.25
5,Edge-Firewall-01,Firewall,2024-01-31 00:00:00,33.21,36.33,50.81,515.61,7.27,0.281,51.65
6,App-Server-01,Server,2024-01-31 00:00:00,39.37,44.5,63.17,126.33,4.62,0.098,66.85
7,App-Server-02,Server,2024-01-31 00:00:00,38.25,48.07,26.36,110.36,2.03,0.09,65.59
8,DB-Server-01,Server,2024-01-31 00:00:00,38.45,48.32,27.32,114.56,4.41,0.097,67.52
9,WiFi-AP-01,Access Point,2024-01-31 00:00:00,7.05,26.79,33.24,130.76,8.54,0.381,23.14
10,WiFi-AP-02,Access Point,2024-01-31 00:00:00,8.06,27.24,32.11,90.21,9.51,0.358,20.89
1,Core-Router-01,Router,2024-01-31 02:00:00,28.16,37.91,47.47,333.26,5.13,0.154,40.49
2,Core-Router-02,Router,2024-01-31 02:00:00,33.46,35.01,44.45,315.91,4.35,0.155,41.42
3,Dist-Switch-01,Switch,2024-01-31 02:00:00,14.53,34.48,29.12,212.05,2.84,0.12,30.5
4,Dist-Switch-02,Switch,2024-01-31 02:00:00,18.14,26.43,40.88,189.5,2.89,0.085,31.76
5,Edge-Firewall-01,Firewall,2024-01-31 02:00:00,35.64,45.64,62.24,550.53,6.71,0.31,50.09
6,App-Server-01,Server,2024-01-31 02:00:00,37.44,45.43,23.37,125.37,1.61,0.118,67.0
7,App-Server-02,Server,2024-01-31 02:00:00,38.82,43.08,32.42,104.6,2.64,0.095,67.12
8,DB-Server-01,Server,2024-01-31 02:00:00,58.76,44.83,16.58,146.3,2.78,0.075,65.75
9,WiFi-AP-01,Access Point,2024-01-31 02:00:00,12.5,30.3,20.16,75.67,11.48,0.37,21.17
10,WiFi-AP-02,Access Point,2024-01-31 02:00:00,21.11,27.14,30.19,101.26,10.47,0.389,23.7
1,Core-Router-01,Router,2024-01-31 04:00:00,28.25,55.09,32.52,321.46,6.86,0.177,40.96
2,Core-Router-02,Router,2024-01-31 04:00:00,29.15,31.59,33.85,325.49,4.51,0.181,41.99
3,Dist-Switch-01,Switch,2024-01-31 04:00:00,19.02,24.32,21.87,182.1,0.5,0.153,32.63
4,Dist-Switch-02,Switch,2024-01-31 04:00:00,18.96,28.23,31.31,170.74,2.41,0.066,30.74
5,Edge-Firewall-01,Firewall,2024-01-31 04:00:00,33.04,38.24,43.12,511.21,7.57,0.269,51.42
6,App-Server-01,Server,2024-01-31 04:00:00,39.62,47.98,28.77,148.09,2.15,0.095,67.15
7,App-Server-02,Server,2024-01-31 04:00:00,41.39,43.11,28.86,110.13,3.48,0.072,65.12
8,DB-Server-01,Server,2024-01-31 04:00:00,36.96,51.7,26.81,175.01,1.56,0.106,63.97
9,WiFi-AP-01,Access Point,2024-01-31 04:00:00,16.12,27.69,33.21,80.76,11.04,0.375,21.34
10,WiFi-AP-02,Access Point,2024-01-31 04:00:00,14.39,22.39,36.87,97.71,11.09,0.395,20.53
1,Core-Router-01,Router,2024-01-31 06:00:00,43.56,48.81,46.4,438.98,3.98,0.224,42.31
2,Core-Router-02,Router,2024-01-31 06:00:00,38.42,51.09,43.69,415.01,4.75,0.25,40.43
3,Dist-Switch-01,Switch,2024-01-31 06:00:00,18.97,34.37,47.53,246.12,1.84,0.098,31.34
4,Dist-Switch-02,Switch,2024-01-31 06:00:00,26.62,40.31,40.85,254.67,2.24,0.107,30.71
5,Edge-Firewall-01,Firewall,2024-01-31 06:00:00,35.22,57.94,64.84,692.0,8.27,0.299,52.0
6,App-Server-01,Server,2024-01-31 06:00:00,55.01,60.37,46.86,140.73,3.16,0.136,67.38
7,App-Server-02,Server,2024-01-31 06:00:00,45.27,56.2,31.23,177.32,2.4,0.102,66.32
8,DB-Server-01,Server,2024-01-31 06:00:00,50.63,64.66,37.83,165.51,5.1,0.1,65.53
9,WiFi-AP-01,Access Point,2024-01-31 06:00:00,22.53,36.01,35.26,107.95,10.09,0.386,22.98
10,WiFi-AP-02,Access Point,2024-01-31 06:00:00,24.46,32.48,40.83,154.34,8.61,0.425,21.49
1,Core-Router-01,Router,2024-01-31 08:00:00,53.35,64.88,69.4,584.73,5.38,0.21,41.02
2,Core-Router-02,Router,2024-01-31 08:00:00,62.97,70.92,77.6,603.7,7.01,0.177,40.67
3,Dist-Switch-01,Switch,2024-01-31 08:00:00,33.37,50.2,59.73,360.75,2.2,0.067,31.63
4,Dist-Switch-02,Switch,2024-01-31 08:00:00,42.42,55.07,63.74,358.57,0.5,0.162,33.58
5,Edge-Firewall-01,Firewall,2024-01-31 08:00:00,62.91,75.01,84.0,957.01,8.68,0.415,53.0
6,App-Server-01,Server,2024-01-31 08:00:00,67.71,85.68,45.38,233.75,1.91,0.169,66.47
7,App-Server-02,Server,2024-01-31 08:00:00,67.13,85.56,45.89,242.67,4.37,0.158,65.78
8,DB-Server-01,Server,2024-01-31 08:00:00,71.67,83.71,52.82,253.84,3.1,0.101,66.83
9,WiFi-AP-01,Access Point,2024-01-31 08:00:00,23.68,46.83,54.45,186.55,9.08,0.434,21.27
10,WiFi-AP-02,Access Point,2024-01-31 08:00:00,37.43,44.84,59.08,209.07,10.05,0.446,22.01
1,Core-Router-01,Router,2024-01-31 10:00:00,67.3,78.72,85.39,748.13,5.93,0.183,41.43
2,Core-Router-02,Router,2024-01-31 10:00:00,69.19,80.78,87.19,723.96,4.23,0.303,41.3
3,Dist-Switch-01,Switch,2024-01-31 10:00:00,49.8,71.57,72.99,450.81,2.1,0.156,29.95
4,Dist-Switch-02,Switch,2024-01-31 10:00:00,44.54,65.24,83.36,438.71,3.95,0.096,33.41
5,Edge-Firewall-01,Firewall,2024-01-31 10:00:00,83.32,97.77,99.0,1194.04,9.69,0.374,51.16
6,App-Server-01,Server,2024-01-31 10:00:00,87.7,99.0,63.4,324.58,3.31,0.096,66.92
7,App-Server-02,Server,2024-01-31 10:00:00,92.97,99.0,65.97,302.94,0.59,0.141,65.23
8,DB-Server-01,Server,2024-01-31 10:00:00,92.12,99.0,60.77,306.5,4.1,0.121,67.29
9,WiFi-AP-01,Access Point,2024-01-31 10:00:00,41.61,64.41,60.99,229.89,9.04,0.475,21.86
10,WiFi-AP-02,Access Point,2024-01-31 10:00:00,37.26,62.56,64.78,219.04,10.21,0.455,20.78
1,Core-Router-01,Router,2024-01-31 12:00:00,90.5,84.58,99.0,796.0,3.45,0.202,42.02
2,Core-Router-02,Router,2024-01-31 12:00:00,72.24,85.8,89.36,810.78,4.9,0.216,41.96
3,Dist-Switch-01,Switch,2024-01-31 12:00:00,44.06,67.7,76.51,457.0,1.09,0.112,31.39
4,Dist-Switch-02,Switch,2024-01-31 12:00:00,52.04,67.98,69.75,473.29,3.86,0.103,34.72
5,Edge-Firewall-01,Firewall,2024-01-31 12:00:00,87.55,99.0,98.96,1262.73,8.17,0.395,51.36
6,App-Server-01,Server,2024-01-31 12:00:00,93.79,99.0,73.16,306.12,3.17,0.117,67.28
7,App-Server-02,Server,2024-01-31 12:00:00,94.77,99.0,53.08,318.41,2.69,0.1,65.32
8,DB-Server-01,Server,2024-01-31 12:00:00,99.0,99.0,69.86,336.48,3.59,0.157,68.34
9,WiFi-AP-01,Access Point,2024-01-31 12:00:00,35.48,61.9,74.08,250.29,10.57,0.426,20.89
10,WiFi-AP-02,Access Point,2024-01-31 12:00:00,49.33,62.59,69.74,220.89,10.24,0.458,21.48
1,Core-Router-01,Router,2024-01-31 14:00:00,72.07,91.51,91.09,784.72,4.35,0.187,40.93
2,Core-Router-02,Router,2024-01-31 14:00:00,68.45,81.85,94.55,792.45,6.86,0.192,41.05
3,Dist-Switch-01,Switch,2024-01-31 14:00:00,41.59,66.88,71.91,507.87,2.29,0.1,30.54
4,Dist-Switch-02,Switch,2024-01-31 14:00:00,43.61,68.72,84.97,469.71,0.55,0.187,30.36
5,Edge-Firewall-01,Firewall,2024-01-31 14:00:00,83.86,99.0,99.0,1244.77,6.77,0.416,50.59
6,App-Server-01,Server,2024-01-31 14:00:00,94.09,99.0,61.97,312.76,1.95,0.112,67.78
7,App-Server-02,Server,2024-01-31 14:00:00,93.41,99.0,63.12,335.91,2.11,0.169,66.92
8,DB-Server-01,Server,2024-01-31 14:00:00,94.18,99.0,56.8,323.98,3.43,0.144,66.96
9,WiFi-AP-01,Access Point,2024-01-31 14:00:00,40.33,62.17,74.86,223.72,10.27,0.428,20.89
10,WiFi-AP-02,Access Point,2024-01-31 14:00:00,41.2,62.09,63.18,199.13,10.79,0.485,21.78
1,Core-Router-01,Router,2024-01-31 16:00:00,66.74,80.19,98.47,742.66,5.76,0.181,41.27
2,Core-Router-02,Router,2024-01-31 16:00:00,66.44,85.67,94.13,778.1,5.22,0.21,41.06
3,Dist-Switch-01,Switch,2024-01-31 16:00:00,39.59,68.82,70.98,382.33,4.46,0.098,30.92
4,Dist-Switch-02,Switch,2024-01-31 16:00:00,69.21,62.89,79.59,431.69,0.68,0.161,32.42
5,Edge-Firewall-01,Firewall,2024-01-31 16:00:00,84.98,97.18,99.0,1157.86,8.11,0.416,50.11
6,App-Server-01,Server,2024-01-31 16:00:00,90.33,99.0,57.21,291.38,1.86,0.096,67.26
7,App-Server-02,Server,2024-01-31 16:00:00,91.85,99.0,56.03,282.62,3.8,0.137,66.33
8,DB-Server-01,Server,2024-01-31 16:00:00,86.98,99.0,57.33,310.54,2.86,0.146,68.11
9,WiFi-AP-01,Access Point,2024-01-31 16:00:00,37.43,56.99,59.56,195.92,9.63,0.509,20.92
10,WiFi-AP-02,Access Point,2024-01-31 16:00:00,42.74,58.73,60.61,212.25,8.72,0.471,20.61
1,Core-Router-01,Router,2024-01-31 18:00:00,74.8,69.58,72.01,577.52,5.22,0.187,38.83
2,Core-Router-02,Router,2024-01-31 18:00:00,65.04,65.61,68.0,552.57,3.51,0.248,43.0
3,Dist-Switch-01,Switch,2024-01-31 18:00:00,38.49,49.87,66.67,363.75,2.65,0.092,29.99
4,Dist-Switch-02,Switch,2024-01-31 18:00:00,30.68,51.68,62.34,327.14,1.82,0.074,32.29
5,Edge-Firewall-01,Firewall,2024-01-31 18:00:00,67.74,73.83,90.01,922.74,9.09,0.363,51.66
6,App-Server-01,Server,2024-01-31 18:00:00,71.85,83.37,50.67,244.33,3.78,0.109,65.24
7,App-Server-02,Server,2024-01-31 18:00:00,72.03,81.08,41.75,230.7,3.18,0.098,67.56
8,DB-Server-01,Server,2024-01-31 18:00:00,76.18,83.78,49.89,238.41,3.77,0.112,66.45
9,WiFi-AP-01,Access Point,2024-01-31 18:00:00,38.17,45.66,60.48,150.29,10.81,0.486,19.59
10,WiFi-AP-02,Access Point,2024-01-31 18:00:00,30.12,49.45,54.47,184.94,10.14,0.445,23.87
1,Core-Router-01,Router,2024-01-31 20:00:00,51.2,66.34,67.72,545.73,4.08,0.224,42.59
2,Core-Router-02,Router,2024-01-31 20:00:00,50.79,63.5,65.63,593.13,4.28,0.2,41.8
3,Dist-Switch-01,Switch,2024-01-31 20:00:00,33.19,55.76,59.16,355.18,0.54,0.07,31.82
4,Dist-Switch-02,Switch,2024-01-31 20:00:00,40.81,50.96,70.52,365.89,0.5,0.113,32.92
5,Edge-Firewall-01,Firewall,2024-01-31 20:00:00,70.01,76.92,83.52,922.71,9.32,0.389,52.34
6,App-Server-01,Server,2024-01-31 20:00:00,76.36,82.92,52.14,273.45,3.27,0.097,66.43
7,App-Server-02,Server,2024-01-31 20:00:00,67.98,80.48,49.51,233.22,3.33,0.158,66.41
8,DB-Server-01,Server,2024-01-31 20:00:00,75.07,79.42,47.38,199.41,1.69,0.128,66.19
9,WiFi-AP-01,Access Point,2024-01-31 20:00:00,36.85,48.6,55.87,155.85,9.61,0.447,20.43
10,WiFi-AP-02,Access Point,2024-01-31 20:00:00,32.22,49.89,55.21,160.81,10.33,0.492,22.82
1,Core-Router-01,Router,2024-01-31 22:00:00,33.51,43.94,52.18,434.08,4.93,0.189,42.63
2,Core-Router-02,Router,2024-01-31 22:00:00,31.96,42.85,51.07,404.72,6.22,0.191,43.06
3,Dist-Switch-01,Switch,2024-01-31 22:00:00,29.94,42.41,52.44,259.62,0.99,0.07,30.93
4,Dist-Switch-02,Switch,2024-01-31 22:00:00,22.96,39.15,41.44,242.96,1.75,0.089,32.46
5,Edge-Firewall-01,Firewall,2024-01-31 22:00:00,40.89,81.31,59.49,664.35,7.88,0.289,52.02
6,App-Server-01,Server,2024-01-31 22:00:00,51.91,57.56,44.46,188.58,3.55,0.126,66.74
7,App-Server-02,Server,2024-01-31 22:00:00,56.75,60.37,34.41,184.7,4.58,0.154,67.09
8,DB-Server-01,Server,2024-01-31 22:00:00,53.67,62.29,39.33,197.97,2.76,0.143,66.84
9,WiFi-AP-01,Access Point,2024-01-31 22:00:00,24.1,38.55,42.44,147.32,9.61,0.447,22.2
10,WiFi-AP-02,Access Point,2024-01-31 22:00:00,22.0,37.7,51.64,105.62,9.2,0.5,21.93
1,Core-Router-01,Router,2024-02-01 00:00:00,29.86,35.21,44.83,375.47,4.33,0.135,41.2
2,Core-Router-02,Router,2024-02-01 00:00:00,32.02,39.22,46.89,338.58,7.52,0.161,40.72
3,Dist-Switch-01,Switch,2024-02-01 00:00:00,25.27,29.46,25.45,187.63,2.26,0.095,30.54
4,Dist-Switch-02,Switch,2024-02-01 00:00:00,18.56,25.9,35.5,155.07,2.09,0.085,31.46
5,Edge-Firewall-01,Firewall,2024-02-01 00:00:00,39.93,37.91,41.75,510.6,8.71,0.291,53.69
6,App-Server-01,Server,2024-02-01 00:00:00,35.57,41.07,34.81,100.68,3.68,0.117,64.48
7,App-Server-02,Server,2024-02-01 00:00:00,37.29,47.95,19.75,140.82,3.76,0.132,66.32
8,DB-Server-01,Server,2024-02-01 00:00:00,45.1,47.21,24.55,137.61,2.31,0.128,67.66
9,WiFi-AP-01,Access Point,2024-02-01 00:00:00,16.65,26.55,24.1,69.93,9.62,0.354,22.61
10,WiFi-AP-02,Access Point,2024-02-01 00:00:00,19.85,26.41,35.05,78.11,11.08,0.399,22.79
1,Core-Router-01,Router,2024-02-01 02:00:00,29.04,29.56,42.44,339.44,4.54,0.148,41.39
2,Core-Router-02,Router,2024-02-01 02:00:00,21.39,28.46,45.3,306.77,6.86,0.19,43.12
3,Dist-Switch-01,Switch,2024-02-01 02:00:00,16.79,24.27,26.89,185.02,0.5,0.082,31.35
4,Dist-Switch-02,Switch,2024-02-01 02:00:00,14.22,25.97,31.22,201.08,1.11,0.072,31.69
5,Edge-Firewall-01,Firewall,2024-02-01 02:00:00,35.75,40.07,38.59,551.13,8.63,0.322,51.47
6,App-Server-01,Server,2024-02-01 02:00:00,38.13,46.73,16.69,107.01,2.2,0.092,65.67
7,App-Server-02,Server,2024-02-01 02:00:00,40.12,45.5,32.82,178.78,1.74,0.077,66.7
8,DB-Server-01,Server,2024-02-01 02:00:00,38.73,42.0,21.27,134.11,2.05,0.077,66.3
9,WiFi-AP-01,Access Point,2024-02-01 02:00:00,42.29,23.0,29.88,79.36,10.16,0.417,21.81
10,WiFi-AP-02,Access Point,2024-02-01 02:00:00,17.45,28.31,22.07,131.35,8.94,0.396,22.3
1,Core-Router-01,Router,2024-02-01 04:00:00,25.48,38.58,41.28,361.05,5.19,0.131,41.04
2,Core-Router-02,Router,2024-02-01 04:00:00,22.12,34.6,37.41,328.49,3.58,0.134,42.13
3,Dist-Switch-01,Switch,2024-02-01 04:00:00,22.1,23.51,35.86,189.02,1.81,0.179,33.04
4,Dist-Switch-02,Switch,2024-02-01 04:00:00,20.1,24.5,34.2,200.84,3.22,0.076,31.56
5,Edge-Firewall-01,Firewall,2024-02-01 04:00:00,32.99,43.82,41.34,499.34,7.93,0.327,53.15
6,App-Server-01,Server,2024-02-01 04:00:00,46.5,43.89,18.93,136.03,2.52,0.132,65.76
7,App-Server-02,Server,2024-02-01 04:00:00,40.97,45.6,22.48,134.1,3.88,0.075,66.65
8,DB-Server-01,Server,2024-02-01 04:00:00,35.3,48.69,31.08,121.09,2.88,0.138,65.42
9,WiFi-AP-01,Access Point,2024-02-01 04:00:00,18.58,24.18,37.98,98.24,11.26,0.394,20.3
10,WiFi-AP-02,Access Point,2024-02-01 04:00:00,15.23,26.65,26.54,112.14,9.79,0.45,22.1
1,Core-Router-01,Router,2024-02-01 06:00:00,35.26,46.33,59.49,466.46,4.42,0.164,41.0
2,Core-Router-02,Router,2024-02-01 06:00:00,37.64,45.59,43.1,432.9,5.29,0.171,42.64
3,Dist-Switch-01,Switch,2024-02-01 06:00:00,24.12,36.88,45.73,227.75,2.91,0.082,32.54
4,Dist-Switch-02,Switch,2024-02-01 06:00:00,31.01,40.71,39.04,233.58,0.57,0.121,31.42
5,Edge-Firewall-01,Firewall,2024-02-01 06:00:00,45.01,55.63,92.32,705.17,8.44,0.322,51.73
6,App-Server-01,Server,2024-02-01 06:00:00,52.93,61.0,34.48,187.47,3.36,0.12,67.08
7,App-Server-02,Server,2024-02-01 06:00:00,52.71,62.17,33.96,188.63,2.94,0.113,66.09
8,DB-Server-01,Server,2024-02-01 06:00:00,50.17,62.15,32.82,216.52,3.57,0.076,67.37
9,WiFi-AP-01,Access Point,2024-02-01 06:00:00,19.63,37.25,43.27,154.37,9.56,0.42,20.94
10,WiFi-AP-02,Access Point,2024-02-01 06:00:00,20.42,39.48,49.77,136.19,10.01,0.379,22.37
1,Core-Router-01,Router,2024-02-01 08:00:00,62.09,70.55,76.8,615.09,5.83,0.164,40.81
2,Core-Router-02,Router,2024-02-01 08:00:00,53.25,66.46,63.85,589.57,4.17,0.204,41.0
3,Dist-Switch-01,Switch,2024-02-01 08:00:00,36.87,51.24,67.25,321.56,2.48,0.132,31.04
4,Dist-Switch-02,Switch,2024-02-01 08:00:00,36.38,75.66,82.97,358.61,1.36,0.076,31.58
5,Edge-Firewall-01,Firewall,2024-02-01 08:00:00,65.97,76.84,86.62,950.07,8.2,0.351,50.5
6,App-Server-01,Server,2024-02-01 08:00:00,71.73,86.59,49.63,220.7,3.81,0.103,67.26
7,App-Server-02,Server,2024-02-01 08:00:00,69.64,84.03,44.82,227.19,1.43,0.11,66.92
8,DB-Server-01,Server,2024-02-01 08:00:00,72.82,83.79,43.6,256.37,3.99,0.126,67.08
9,WiFi-AP-01,Access Point,2024-02-01 08:00:00,33.13,46.0,51.86,188.47,8.49,0.454,20.56
10,WiFi-AP-02,Access Point,2024-02-01 08:00:00,22.45,50.66,43.4,184.65,10.81,0.382,20.88
1,Core-Router-01,Router,2024-02-01 10:00:00,67.6,81.49,93.91,688.21,4.08,0.196,41.6
2,Core-Router-02,Router,2024-02-01 10:00:00,69.68,82.27,88.22,734.74,7.33,0.246,42.05
3,Dist-Switch-01,Switch,2024-02-01 10:00:00,44.76,68.28,78.21,452.85,1.25,0.162,31.8
4,Dist-Switch-02,Switch,2024-02-01 10:00:00,52.5,67.23,72.85,472.15,2.3,0.083,30.35
5,Edge-Firewall-01,Firewall,2024-02-01 10:00:00,84.13,94.82,99.0,1175.44,8.44,0.445,51.34
6,App-Server-01,Server,2024-02-01 10:00:00,99.5,99.5,60.13,283.68,2.6,0.179,64.9
7,App-Server-02,Server,2024-02-01 10:00:00,91.96,99.0,56.62,274.08,3.75,0.106,66.23
8,DB-Server-01,Server,2024-02-01 10:00:00,89.33,99.0,49.26,286.5,3.9,0.17,65.46
9,WiFi-AP-01,Access Point,2024-02-01 10:00:00,35.33,57.09,66.53,200.37,9.61,0.408,22.2
10,WiFi-AP-02,Access Point,2024-02-01 10:00:00,42.02,58.48,76.11,218.56,10.83,0.523,21.69
1,Core-Router-01,Router,2024-02-01 12:00:00,65.22,86.7,91.22,780.19,6.98,0.226,41.85
2,Core-Router-02,Router,2024-02-01 12:00:00,91.23,85.5,98.01,792.04,4.77,0.2,41.87
3,Dist-Switch-01,Switch,2024-02-01 12:00:00,53.97,68.01,88.13,495.4,3.37,0.092,32.72
4,Dist-Switch-02,Switch,2024-02-01 12:00:00,43.11,68.71,82.4,477.32,1.85,0.197,31.11
5,Edge-Firewall-01,Firewall,2024-02-01 12:00:00,81.73,99.0,99.0,1244.52,10.64,0.415,52.61
6,App-Server-01,Server,2024-02-01 12:00:00,99.0,99.0,59.0,296.51,3.96,0.205,66.47
7,App-Server-02,Server,2024-02-01 12:00:00,85.6,99.0,67.12,319.86,3.94,0.191,66.41
8,DB-Server-01,Server,2024-02-01 12:00:00,99.0,99.0,67.6,302.05,4.62,0.155,68.02
9,WiFi-AP-01,Access Point,2024-02-01 12:00:00,39.5,59.09,73.01,201.76,9.66,0.428,23.93
10,WiFi-AP-02,Access Point,2024-02-01 12:00:00,40.56,63.27,70.4,208.86,10.09,0.427,20.58
1,Core-Router-01,Router,2024-02-01 14:00:00,65.96,84.98,94.61,776.53,3.95,0.18,42.09
2,Core-Router-02,Router,2024-02-01 14:00:00,71.2,84.74,97.26,781.87,3.81,0.223,41.9
3,Dist-Switch-01,Switch,2024-02-01 14:00:00,46.66,66.0,74.84,511.78,0.5,0.086,31.53
4,Dist-Switch-02,Switch,2024-02-01 14:00:00,48.42,66.22,79.44,437.68,2.1,0.107,30.68
5,Edge-Firewall-01,Firewall,2024-02-01 14:00:00,89.76,99.0,99.0,1267.22,9.27,0.44,52.47
6,App-Server-01,Server,2024-02-01 14:00:00,94.35,99.0,57.11,326.4,2.08,0.123,68.48
7,App-Server-02,Server,2024-02-01 14:00:00,98.2,99.0,86.31,329.53,1.86,0.111,68.29
8,DB-Server-01,Server,2024-02-01 14:00:00,91.85,99.0,67.93,335.77,1.73,0.122,66.39
9,WiFi-AP-01,Access Point,2024-02-01 14:00:00,43.64,57.89,72.55,240.23,8.01,0.475,19.72
10,WiFi-AP-02,Access Point,2024-02-01 14:00:00,36.38,64.5,71.69,239.09,8.96,0.465,21.53
1,Core-Router-01,Router,2024-02-01 16:00:00,66.81,84.31,83.94,745.35,5.42,0.194,42.2
2,Core-Router-02,Router,2024-02-01 16:00:00,68.58,81.18,88.23,751.25,5.79,0.172,42.67
3,Dist-Switch-01,Switch,2024-02-01 16:00:00,47.08,61.3,67.05,468.11,1.75,0.082,32.69
4,Dist-Switch-02,Switch,2024-02-01 16:00:00,44.42,66.78,69.73,451.87,2.59,0.101,30.63
5,Edge-Firewall-01,Firewall,2024-02-01 16:00:00,91.99,96.02,99.0,1199.38,7.95,0.438,52.03
6,App-Server-01,Server,2024-02-01 16:00:00,85.48,99.0,61.74,290.77,3.11,0.138,66.74
7,App-Server-02,Server,2024-02-01 16:00:00,97.38,99.0,61.7,277.57,2.85,0.123,65.73
8,DB-Server-01,Server,2024-02-01 16:00:00,94.07,99.0,56.08,285.07,3.74,0.137,64.75
9,WiFi-AP-01,Access Point,2024-02-01 16:00:00,41.39,57.93,61.33,207.14,11.72,0.457,21.43
10,WiFi-AP-02,Access Point,2024-02-01 16:00:00,35.25,55.56,62.96,196.21,10.96,0.411,24.03
1,Core-Router-01,Router,2024-02-01 18:00:00,50.5,62.61,78.78,613.78,5.38,0.206,43.29
2,Core-Router-02,Router,2024-02-01 18:00:00,53.05,63.9,76.83,592.18,3.83,0.155,40.77
3,Dist-Switch-01,Switch,2024-02-01 18:00:00,23.52,50.69,56.62,332.46,2.58,0.101,32.03
4,Dist-Switch-02,Switch,2024-02-01 18:00:00,30.62,56.06,52.88,308.74,3.24,0.108,33.31
5,Edge-Firewall-01,Firewall,2024-02-01 18:00:00,67.45,79.41,88.19,950.45,8.12,0.399,51.66
6,App-Server-01,Server,2024-02-01 18:00:00,68.2,84.72,36.84,263.44,4.34,0.144,67.71
7,App-Server-02,Server,2024-02-01 18:00:00,99.24,82.65,41.26,272.01,2.51,0.102,66.8
8,DB-Server-01,Server,2024-02-01 18:00:00,65.75,77.73,47.44,227.97,2.91,0.136,66.77
9,WiFi-AP-01,Access Point,2024-02-01 18:00:00,32.67,48.75,51.75,157.75,10.26,0.402,22.47
10,WiFi-AP-02,Access Point,2024-02-01 18:00:00,29.03,46.52,52.19,159.41,11.45,0.444,20.34
1,Core-Router-01,Router,2024-02-01 20:00:00,56.55,59.65,76.04,578.7,5.36,0.253,40.35
2,Core-Router-02,Router,2024-02-01 20:00:00,55.21,63.09,66.92,620.54,7.21,0.202,40.46
3,Dist-Switch-01,Switch,2024-02-01 20:00:00,42.61,48.65,57.74,356.67,3.92,0.117,31.09
4,Dist-Switch-02,Switch,2024-02-01 20:00:00,31.78,56.34,56.6,359.91,0.63,0.094,32.04
5,Edge-Firewall-01,Firewall,2024-02-01 20:00:00,60.22,80.14,85.74,963.0,7.62,0.329,51.61
6,App-Server-01,Server,2024-02-01 20:00:00,70.52,83.48,53.69,258.55,1.82,0.135,67.74
7,App-Server-02,Server,2024-02-01 20:00:00,70.51,84.49,49.88,220.05,2.62,0.123,66.05
8,DB-Server-01,Server,2024-02-01 20:00:00,75.02,86.88,53.13,276.65,2.91,0.096,66.87
9,WiFi-AP-01,Access Point,2024-02-01 20:00:00,29.39,49.04,44.78,181.89,8.62,0.436,22.28
10,WiFi-AP-02,Access Point,2024-02-01 20:00:00,28.83,49.5,52.23,199.92,9.76,0.484,21.78
1,Core-Router-01,Router,2024-02-01 22:00:00,30.11,43.05,47.31,410.85,4.45,0.182,40.14
2,Core-Router-02,Router,2024-02-01 22:00:00,44.96,45.38,69.16,423.78,3.88,0.189,42.26
3,Dist-Switch-01,Switch,2024-02-01 22:00:00,24.07,35.33,45.33,281.6,2.54,0.185,30.44
4,Dist-Switch-02,Switch,2024-02-01 22:00:00,26.05,38.06,68.39,238.94,0.59,0.163,31.58
5,Edge-Firewall-01,Firewall,2024-02-01 22:00:00,49.98,56.05,60.57,688.36,6.88,0.376,51.94
6,App-Server-01,Server,2024-02-01 22:00:00,52.47,63.15,38.16,156.23,4.13,0.114,67.24
7,App-Server-02,Server,2024-02-01 22:00:00,60.72,66.47,37.93,183.7,4.08,0.11,65.98
8,DB-Server-01,Server,2024-02-01 22:00:00,54.41,57.77,37.44,175.54,2.14,0.079,67.86
9,WiFi-AP-01,Access Point,2024-02-01 22:00:00,21.88,34.74,40.43,138.48,9.67,0.383,20.5
10,WiFi-AP-02,Access Point,2024-02-01 22:00:00,18.35,32.47,41.14,132.5,9.87,0.39,21.93
1,Core-Router-01,Router,2024-02-02 00:00:00,28.0,32.53,34.78,294.66,5.14,0.171,41.1
2,Core-Router-02,Router,2024-02-02 00:00:00,28.65,38.77,43.52,322.91,6.27,0.229,43.48
3,Dist-Switch-01,Switch,2024-02-02 00:00:00,22.21,29.47,27.94,185.64,2.61,0.093,32.27
4,Dist-Switch-02,Switch,2024-02-02 00:00:00,16.53,26.37,33.38,209.8,2.0,0.132,31.63
5,Edge-Firewall-01,Firewall,2024-02-02 00:00:00,35.64,44.13,51.46,491.41,6.88,0.287,54.76
6,App-Server-01,Server,2024-02-02 00:00:00,37.83,44.99,29.01,149.14,3.17,0.127,65.41
7,App-Server-02,Server,2024-02-02 00:00:00,35.82,48.85,25.97,104.35,1.68,0.108,66.6
8,DB-Server-01,Server,2024-02-02 00:00:00,40.75,44.37,27.84,120.86,4.22,0.198,66.21
9,WiFi-AP-01,Access Point,2024-02-02 00:00:00,18.12,27.12,29.85,110.27,10.48,0.378,22.92
10,WiFi-AP-02,Access Point,2024-02-02 00:00:00,17.01,24.77,41.38,94.88,10.25,0.36,21.47
1,Core-Router-01,Router,2024-02-02 02:00:00,30.95,59.11,41.86,288.83,3.7,0.222,40.34
2,Core-Router-02,Router,2024-02-02 02:00:00,21.32,31.95,47.58,288.16,4.04,0.194,41.33
3,Dist-Switch-01,Switch,2024-02-02 02:00:00,17.7,27.72,41.68,170.42,1.9,0.076,30.62
4,Dist-Switch-02,Switch,2024-02-02 02:00:00,21.39,27.96,34.27,192.24,0.5,0.126,33.67
5,Edge-Firewall-01,Firewall,2024-02-02 02:00:00,34.93,39.43,52.89,556.21,7.83,0.281,51.52
6,App-Server-01,Server,2024-02-02 02:00:00,32.18,44.49,34.49,126.23,1.96,0.091,65.93
7,App-Server-02,Server,2024-02-02 02:00:00,38.61,41.55,20.74,144.35,3.12,0.108,66.72
8,DB-Server-01,Server,2024-02-02 02:00:00,36.45,43.01,31.74,145.26,2.98,0.075,66.59
9,WiFi-AP-01,Access Point,2024-02-02 02:00:00,18.15,23.52,33.47,104.27,9.74,0.379,22.44
10,WiFi-AP-02,Access Point,2024-02-02 02:00:00,15.6,23.82,27.24,112.58,8.39,0.365,22.67
1,Core-Router-01,Router,2024-02-02 04:00:00,28.49,36.46,44.31,341.85,4.56,0.135,42.5
2,Core-Router-02,Router,2024-02-02 04:00:00,51.69,35.38,38.61,329.35,6.37,0.186,42.29
3,Dist-Switch-01,Switch,2024-02-02 04:00:00,15.13,28.34,31.29,222.77,1.76,0.12,31.03
4,Dist-Switch-02,Switch,2024-02-02 04:00:00,17.48,30.6,40.24,190.16,0.5,0.137,31.9
5,Edge-Firewall-01,Firewall,2024-02-02 04:00:00,29.74,39.52,45.42,469.41,7.62,0.318,50.1
6,App-Server-01,Server,2024-02-02 04:00:00,35.67,42.15,28.27,153.53,2.64,0.098,66.19
7,App-Server-02,Server,2024-02-02 04:00:00,34.45,41.49,17.69,103.01,4.63,0.102,63.66
8,DB-Server-01,Server,2024-02-02 04:00:00,36.53,40.59,26.22,128.63,3.06,0.07,66.23
9,WiFi-AP-01,Access Point,2024-02-02 04:00:00,10.38,25.7,34.25,133.47,9.76,0.338,22.1
10,WiFi-AP-02,Access Point,2024-02-02 04:00:00,22.17,24.46,32.62,80.74,10.33,0.415,20.31
1,Core-Router-01,Router,2024-02-02 06:00:00,36.78,50.38,54.92,452.72,5.85,0.154,43.8
2,Core-Router-02,Router,2024-02-02 06:00:00,56.19,38.35,50.43,422.62,5.8,0.162,42.7
3,Dist-Switch-01,Switch,2024-02-02 06:00:00,28.15,35.88,42.5,243.69,2.18,0.103,31.67
4,Dist-Switch-02,Switch,2024-02-02 06:00:00,24.83,38.42,53.45,251.99,0.5,0.113,32.61
5,Edge-Firewall-01,Firewall,2024-02-02 06:00:00,39.6,54.06,62.66,701.68,8.0,0.28,50.66
6,App-Server-01,Server,2024-02-02 06:00:00,42.24,66.63,29.72,176.33,2.84,0.116,66.71
7,App-Server-02,Server,2024-02-02 06:00:00,52.45,52.58,30.39,187.69,3.65,0.124,65.02
8,DB-Server-01,Server,2024-02-02 06:00:00,52.35,51.76,28.82,208.0,4.45,0.101,66.91
9,WiFi-AP-01,Access Point,2024-02-02 06:00:00,13.8,32.34,37.4,115.21,9.65,0.406,21.06
10,WiFi-AP-02,Access Point,2024-02-02 06:00:00,20.24,36.78,31.78,112.8,9.26,0.363,21.26
1,Core-Router-01,Router,2024-02-02 08:00:00,52.21,63.35,65.93,606.18,4.66,0.183,40.49
2,Core-Router-02,Router,2024-02-02 08:00:00,50.8,64.68,70.64,609.09,4.57,0.188,41.97
3,Dist-Switch-01,Switch,2024-02-02 08:00:00,35.21,50.61,63.18,337.87,1.98,0.07,31.39
4,Dist-Switch-02,Switch,2024-02-02 08:00:00,34.08,50.99,51.32,384.48,1.51,0.073,31.47
5,Edge-Firewall-01,Firewall,2024-02-02 08:00:00,69.72,83.02,83.96,947.26,6.88,0.412,49.83
6,App-Server-01,Server,2024-02-02 08:00:00,68.1,76.89,52.91,246.06,2.75,0.14,65.53
7,App-Server-02,Server,2024-02-02 08:00:00,68.0,77.36,51.39,221.39,3.02,0.134,67.97
8,DB-Server-01,Server,2024-02-02 08:00:00,71.16,84.31,43.0,271.27,2.83,0.09,66.19
9,WiFi-AP-01,Access Point,2024-02-02 08:00:00,34.5,48.12,57.26,185.28,9.78,0.45,21.95
10,WiFi-AP-02,Access Point,2024-02-02 08:00:00,25.86,44.55,54.2,196.35,11.64,0.466,21.63
1,Core-Router-01,Router,2024-02-02 10:00:00,68.78,82.56,94.15,755.61,4.01,0.22,41.91
2,Core-Router-02,Router,2024-02-02 10:00:00,70.79,82.11,81.21,721.56,5.69,0.188,41.72
3,Dist-Switch-01,Switch,2024-02-02 10:00:00,48.81,63.22,72.18,435.04,2.36,0.113,30.12
4,Dist-Switch-02,Switch,2024-02-02 10:00:00,44.53,69.43,64.98,444.21,0.78,0.104,29.09
5,Edge-Firewall-01,Firewall,2024-02-02 10:00:00,87.25,95.46,99.0,1194.57,6.96,0.431,53.11
6,App-Server-01,Server,2024-02-02 10:00:00,96.33,99.0,64.74,304.12,1.59,0.145,68.15
7,App-Server-02,Server,2024-02-02 10:00:00,83.39,99.0,56.54,328.62,2.69,0.132,68.0
8,DB-Server-01,Server,2024-02-02 10:00:00,94.66,99.0,55.11,295.38,1.7,0.109,65.78
9,WiFi-AP-01,Access Point,2024-02-02 10:00:00,41.46,57.69,58.11,250.77,10.18,0.426,22.69
10,WiFi-AP-02,Access Point,2024-02-02 10:00:00,40.61,57.11,64.58,200.49,8.54,0.451,21.99
1,Core-Router-01,Router,2024-02-02 12:00:00,99.5,90.47,98.37,804.77,2.92,0.189,42.56
2,Core-Router-02,Router,2024-02-02 12:00:00,66.2,86.9,97.1,796.36,5.37,0.196,41.78
3,Dist-Switch-01,Switch,2024-02-02 12:00:00,41.4,72.4,80.17,443.51,3.38,0.097,30.22
4,Dist-Switch-02,Switch,2024-02-02 12:00:00,43.98,69.18,75.93,478.36,1.02,0.128,32.65
5,Edge-Firewall-01,Firewall,2024-02-02 12:00:00,89.1,99.0,99.0,1254.48,7.28,0.438,51.92
6,App-Server-01,Server,2024-02-02 12:00:00,91.76,99.0,59.32,355.44,3.0,0.104,67.32
7,App-Server-02,Server,2024-02-02 12:00:00,89.64,99.0,59.96,351.6,2.69,0.147,64.1
8,DB-Server-01,Server,2024-02-02 12:00:00,89.8,99.0,52.85,327.02,3.31,0.144,66.58
9,WiFi-AP-01,Access Point,2024-02-02 12:00:00,42.6,56.69,64.51,229.55,10.02,0.431,22.49
10,WiFi-AP-02,Access Point,2024-02-02 12:00:00,41.28,65.09,63.93,239.15,9.69,0.497,21.77
1,Core-Router-01,Router,2024-02-02 14:00:00,68.2,89.18,97.32,771.07,4.65,0.185,42.83
2,Core-Router-02,Router,2024-02-02 14:00:00,71.69,88.81,92.03,794.2,6.3,0.19,41.72
3,Dist-Switch-01,Switch,2024-02-02 14:00:00,41.8,68.58,77.08,451.28,3.32,0.113,32.39
4,Dist-Switch-02,Switch,2024-02-02 14:00:00,48.0,70.97,86.18,427.29,1.8,0.128,29.64
5,Edge-Firewall-01,Firewall,2024-02-02 14:00:00,81.85,99.0,99.0,1277.93,7.79,0.38,51.28
6,App-Server-01,Server,2024-02-02 14:00:00,94.11,99.0,58.74,334.78,2.38,0.116,67.03
7,App-Server-02,Server,2024-02-02 14:00:00,95.77,99.0,66.77,325.75,3.18,0.119,66.19
8,DB-Server-01,Server,2024-02-02 14:00:00,93.69,99.0,62.8,332.84,3.88,0.116,67.66
9,WiFi-AP-01,Access Point,2024-02-02 14:00:00,47.0,62.05,74.33,190.99,8.74,0.446,20.59
10,WiFi-AP-02,Access Point,2024-02-02 14:00:00,47.53,64.79,75.7,235.67,9.0,0.469,21.85
1,Core-Router-01,Router,2024-02-02 16:00:00,64.27,83.69,92.66,742.6,3.17,0.25,41.39
2,Core-Router-02,Router,2024-02-02 16:00:00,77.66,83.63,88.05,751.46,2.98,0.229,44.17
3,Dist-Switch-01,Switch,2024-02-02 16:00:00,36.19,65.96,73.72,463.0,4.11,0.087,33.74
4,Dist-Switch-02,Switch,2024-02-02 16:00:00,45.23,68.18,75.89,469.91,1.58,0.114,30.37
5,Edge-Firewall-01,Firewall,2024-02-02 16:00:00,80.54,94.61,99.0,1181.68,9.13,0.405,49.87
6,App-Server-01,Server,2024-02-02 16:00:00,83.67,99.0,54.55,304.96,2.71,0.133,66.37
7,App-Server-02,Server,2024-02-02 16:00:00,99.0,99.0,57.82,287.96,6.13,0.154,66.54
8,DB-Server-01,Server,2024-02-02 16:00:00,89.19,99.0,50.71,306.93,2.03,0.166,65.14
9,WiFi-AP-01,Access Point,2024-02-02 16:00:00,37.36,52.75,74.71,205.96,9.3,0.485,21.56
10,WiFi-AP-02,Access Point,2024-02-02 16:00:00,66.48,58.26,69.86,208.24,9.21,0.518,21.94
1,Core-Router-01,Router,2024-02-02 18:00:00,54.51,67.67,72.35,634.52,5.18,0.204,41.28
2,Core-Router-02,Router,2024-02-02 18:00:00,49.83,67.49,70.83,610.64,5.35,0.189,42.67
3,Dist-Switch-01,Switch,2024-02-02 18:00:00,32.16,55.34,65.81,348.71,3.16,0.086,32.45
4,Dist-Switch-02,Switch,2024-02-02 18:00:00,32.29,54.1,52.36,390.63,0.5,0.084,30.67
5,Edge-Firewall-01,Firewall,2024-02-02 18:00:00,68.04,82.99,86.43,1009.63,6.62,0.401,50.71
6,App-Server-01,Server,2024-02-02 18:00:00,71.76,80.08,43.76,250.01,1.76,0.143,66.2
7,App-Server-02,Server,2024-02-02 18:00:00,70.06,86.19,43.02,223.19,3.58,0.125,68.03
8,DB-Server-01,Server,2024-02-02 18:00:00,73.16,83.55,50.4,232.25,2.73,0.175,67.49
9,WiFi-AP-01,Access Point,2024-02-02 18:00:00,30.55,49.85,39.38,177.26,9.14,0.467,22.21
10,WiFi-AP-02,Access Point,2024-02-02 18:00:00,30.64,46.22,55.45,159.64,9.9,0.421,23.87
1,Core-Router-01,Router,2024-02-02 20:00:00,59.34,68.53,63.83,611.28,5.19,0.221,41.92
2,Core-Router-02,Router,2024-02-02 20:00:00,53.43,66.04,62.25,578.65,5.37,0.21,41.05
3,Dist-Switch-01,Switch,2024-02-02 20:00:00,35.48,48.66,66.7,378.67,2.65,0.088,33.15
4,Dist-Switch-02,Switch,2024-02-02 20:00:00,32.42,50.72,64.71,376.29,0.81,0.093,33.29
5,Edge-Firewall-01,Firewall,2024-02-02 20:00:00,66.99,79.58,77.36,963.53,6.58,0.433,52.33
6,App-Server-01,Server,2024-02-02 20:00:00,77.02,82.4,44.79,271.82,2.81,0.092,68.29
7,App-Server-02,Server,2024-02-02 20:00:00,69.87,81.2,51.6,223.36,2.86,0.151,66.79
8,DB-Server-01,Server,2024-02-02 20:00:00,71.55,86.06,51.81,248.63,3.39,0.089,67.21
9,WiFi-AP-01,Access Point,2024-02-02 20:00:00,25.25,40.47,59.27,191.68,9.87,0.429,20.87
10,WiFi-AP-02,Access Point,2024-02-02 20:00:00,26.88,44.99,56.3,146.54,9.23,0.395,20.4
1,Core-Router-01,Router,2024-02-02 22:00:00,36.24,40.89,54.87,418.24,3.9,0.201,41.18
2,Core-Router-02,Router,2024-02-02 22:00:00,32.56,53.35,39.92,422.99,5.11,0.171,41.81
3,Dist-Switch-01,Switch,2024-02-02 22:00:00,22.72,43.47,37.61,212.18,0.7,0.081,31.48
4,Dist-Switch-02,Switch,2024-02-02 22:00:00,28.93,40.39,40.02,249.42,1.61,0.159,32.29
5,Edge-Firewall-01,Firewall,2024-02-02 22:00:00,55.09,58.68,84.31,670.81,8.2,0.313,51.51
6,App-Server-01,Server,2024-02-02 22:00:00,51.0,54.32,40.86,171.79,1.59,0.1,65.74
7,App-Server-02,Server,2024-02-02 22:00:00,54.09,63.12,39.66,169.58,2.59,0.108,65.88
8,DB-Server-01,Server,2024-02-02 22:00:00,51.77,59.85,30.43,149.92,2.89,0.098,65.46
9,WiFi-AP-01,Access Point,2024-02-02 22:00:00,24.92,39.88,43.69,115.2,9.95,0.452,20.43
10,WiFi-AP-02,Access Point,2024-02-02 22:00:00,24.73,30.22,47.3,120.99,12.23,0.461,21.49
1,Core-Router-01,Router,2024-02-03 00:00:00,13.2,20.23,20.53,170.58,7.43,0.139,40.54
2,Core-Router-02,Router,2024-02-03 00:00:00,18.28,22.62,25.14,185.46,8.24,0.129,42.44
3,Dist-Switch-01,Switch,2024-02-03 00:00:00,8.37,16.43,17.13,140.41,4.49,0.085,29.93
4,Dist-Switch-02,Switch,2024-02-03 00:00:00,11.41,15.61,17.04,75.9,2.55,0.059,32.76
5,Edge-Firewall-01,Firewall,2024-02-03 00:00:00,17.29,22.02,33.91,279.84,14.42,0.24,50.3
6,App-Server-01,Server,2024-02-03 00:00:00,23.72,23.05,14.14,80.33,7.4,0.128,67.51
7,App-Server-02,Server,2024-02-03 00:00:00,24.91,23.09,17.29,104.31,4.69,0.075,67.05
8,DB-Server-01,Server,2024-02-03 00:00:00,23.57,27.31,39.21,81.71,4.54,0.07,66.17
9,WiFi-AP-01,Access Point,2024-02-03 00:00:00,5.0,12.76,17.42,62.3,16.91,0.359,22.37
10,WiFi-AP-02,Access Point,2024-02-03 00:00:00,10.96,16.95,22.91,64.34,17.77,0.339,23.31
1,Core-Router-01,Router,2024-02-03 02:00:00,47.9,21.04,24.11,193.13,9.11,0.185,42.66
2,Core-Router-02,Router,2024-02-03 02:00:00,17.49,18.69,13.83,193.26,9.3,0.154,40.52
3,Dist-Switch-01,Switch,2024-02-03 02:00:00,13.36,11.27,19.36,124.04,4.19,0.076,30.4
4,Dist-Switch-02,Switch,2024-02-03 02:00:00,13.06,19.68,15.0,117.31,5.22,0.073,31.25
5,Edge-Firewall-01,Firewall,2024-02-03 02:00:00,23.81,21.01,18.51,302.03,14.14,0.263,51.02
6,App-Server-01,Server,2024-02-03 02:00:00,19.54,29.21,22.6,107.34,6.54,0.083,65.22
7,App-Server-02,Server,2024-02-03 02:00:00,20.68,31.48,12.11,101.73,5.51,0.194,67.29
8,DB-Server-01,Server,2024-02-03 02:00:00,26.5,24.86,20.45,38.09,4.07,0.073,67.13
9,WiFi-AP-01,Access Point,2024-02-03 02:00:00,14.36,16.21,10.11,57.84,18.78,0.437,21.61
10,WiFi-AP-02,Access Point,2024-02-03 02:00:00,7.59,12.32,18.57,30.59,18.6,0.351,22.73
1,Core-Router-01,Router,2024-02-03 04:00:00,11.58,15.13,22.83,172.89,11.99,0.135,41.71
2,Core-Router-02,Router,2024-02-03 04:00:00,15.38,15.99,24.25,177.03,9.01,0.12,41.87
3,Dist-Switch-01,Switch,2024-02-03 04:00:00,5.0,18.59,13.63,104.41,4.92,0.141,29.95
4,Dist-Switch-02,Switch,2024-02-03 04:00:00,10.84,16.89,10.32,123.22,3.75,0.065,30.73
5,Edge-Firewall-01,Firewall,2024-02-03 04:00:00,21.3,25.73,25.64,275.5,14.11,0.254,51.7
6,App-Server-01,Server,2024-02-03 04:00:00,25.05,23.56,8.2,78.63,4.98,0.102,66.66
7,App-Server-02,Server,2024-02-03 04:00:00,24.05,21.96,15.01,57.46,4.23,0.105,66.11
8,DB-Server-01,Server,2024-02-03 04:00:00,26.41,23.29,7.93,74.07,5.48,0.088,66.49
9,WiFi-AP-01,Access Point,2024-02-03 04:00:00,12.84,16.3,19.0,29.91,21.07,0.391,22.17
10,WiFi-AP-02,Access Point,2024-02-03 04:00:00,5.0,17.13,13.57,49.7,16.5,0.375,22.09
1,Core-Router-01,Router,2024-02-03 06:00:00,25.46,28.25,31.83,236.85,8.68,0.14,42.47
2,Core-Router-02,Router,2024-02-03 06:00:00,21.45,29.83,27.5,218.54,9.08,0.127,41.57
3,Dist-Switch-01,Switch,2024-02-03 06:00:00,19.41,23.85,16.66,173.58,0.89,0.167,31.36
4,Dist-Switch-02,Switch,2024-02-03 06:00:00,13.53,21.25,25.74,142.88,3.5,0.122,32.22
5,Edge-Firewall-01,Firewall,2024-02-03 06:00:00,22.36,33.18,52.53,370.13,15.34,0.253,51.43
6,App-Server-01,Server,2024-02-03 06:00:00,27.58,26.06,16.42,109.52,5.43,0.128,67.61
7,App-Server-02,Server,2024-02-03 06:00:00,27.38,29.68,30.08,74.2,6.33,0.102,66.79
8,DB-Server-01,Server,2024-02-03 06:00:00,24.97,29.62,21.66,103.37,6.6,0.064,68.87
9,WiFi-AP-01,Access Point,2024-02-03 06:00:00,12.98,20.75,14.64,59.16,18.7,0.343,21.84
10,WiFi-AP-02,Access Point,2024-02-03 06:00:00,8.64,19.42,22.03,47.84,18.82,0.411,21.83
1,Core-Router-01,Router,2024-02-03 08:00:00,36.53,38.06,42.67,309.51,10.86,0.205,40.81
2,Core-Router-02,Router,2024-02-03 08:00:00,27.57,39.78,48.28,302.16,8.09,0.135,39.48
3,Dist-Switch-01,Switch,2024-02-03 08:00:00,19.72,33.03,25.55,199.02,3.05,0.142,31.08
4,Dist-Switch-02,Switch,2024-02-03 08:00:00,25.72,27.68,36.6,201.51,3.5,0.102,31.97
5,Edge-Firewall-01,Firewall,2024-02-03 08:00:00,34.26,40.5,53.21,534.88,15.19,0.288,51.46
6,App-Server-01,Server,2024-02-03 08:00:00,38.3,46.86,29.41,130.38,4.66,0.107,66.68
7,App-Server-02,Server,2024-02-03 08:00:00,33.53,39.44,27.69,114.39,5.89,0.106,66.78
8,DB-Server-01,Server,2024-02-03 08:00:00,37.78,51.1,59.78,157.93,5.48,0.11,66.74
9,WiFi-AP-01,Access Point,2024-02-03 08:00:00,22.25,25.98,22.48,58.26,19.85,0.391,22.19
10,WiFi-AP-02,Access Point,2024-02-03 08:00:00,40.94,21.24,27.68,93.52,18.92,0.402,20.45
1,Core-Router-01,Router,2024-02-03 10:00:00,32.0,48.47,45.41,398.28,9.73,0.167,39.95
2,Core-Router-02,Router,2024-02-03 10:00:00,30.51,44.85,51.61,405.28,9.52,0.211,40.1
3,Dist-Switch-01,Switch,2024-02-03 10:00:00,33.57,40.54,44.78,232.4,3.4,0.067,32.96
4,Dist-Switch-02,Switch,2024-02-03 10:00:00,26.17,38.42,40.09,261.45,3.94,0.065,30.91
5,Edge-Firewall-01,Firewall,2024-02-03 10:00:00,44.57,49.97,57.1,656.69,12.14,0.301,50.47
6,App-Server-01,Server,2024-02-03 10:00:00,51.11,59.22,30.61,174.71,6.05,0.087,68.18
7,App-Server-02,Server,2024-02-03 10:00:00,46.22,61.72,31.62,146.86,5.1,0.128,67.43
8,DB-Server-01,Server,2024-02-03 10:00:00,42.71,61.47,28.07,180.46,5.48,0.085,66.06
9,WiFi-AP-01,Access Point,2024-02-03 10:00:00,21.88,33.15,29.55,103.55,17.64,0.403,22.9
10,WiFi-AP-02,Access Point,2024-02-03 10:00:00,20.49,30.41,34.38,112.71,17.89,0.415,20.84
1,Core-Router-01,Router,2024-02-03 12:00:00,42.14,48.31,51.33,434.18,9.05,0.153,42.17
2,Core-Router-02,Router,2024-02-03 12:00:00,40.84,43.04,51.44,404.01,9.73,0.179,41.04
3,Dist-Switch-01,Switch,2024-02-03 12:00:00,25.58,32.74,48.28,274.67,4.79,0.137,30.43
4,Dist-Switch-02,Switch,2024-02-03 12:00:00,29.6,43.51,35.94,257.05,3.27,0.108,29.26
5,Edge-Firewall-01,Firewall,2024-02-03 12:00:00,55.02,56.1,65.36,693.4,15.04,0.426,51.27
6,App-Server-01,Server,2024-02-03 12:00:00,55.49,61.64,26.55,174.88,4.64,0.123,65.13
7,App-Server-02,Server,2024-02-03 12:00:00,54.57,64.12,45.33,144.17,6.22,0.119,66.07
8,DB-Server-01,Server,2024-02-03 12:00:00,48.42,57.52,32.09,177.7,6.81,0.129,65.03
9,WiFi-AP-01,Access Point,2024-02-03 12:00:00,18.55,38.63,35.42,129.1,16.48,0.413,19.74
10,WiFi-AP-02,Access Point,2024-02-03 12:00:00,15.14,37.88,48.67,124.43,18.13,0.391,21.94
1,Core-Router-01,Router,2024-02-03 14:00:00,37.58,46.3,44.26,438.79,9.0,0.159,40.65
2,Core-Router-02,Router,2024-02-03 14:00:00,35.47,49.61,56.5,427.59,8.66,0.178,42.59
3,Dist-Switch-01,Switch,2024-02-03 14:00:00,26.17,40.18,45.21,254.32,2.47,0.113,32.78
4,Dist-Switch-02,Switch,2024-02-03 14:00:00,23.14,37.84,37.74,236.16,2.87,0.146,32.31
5,Edge-Firewall-01,Firewall,2024-02-03 14:00:00,45.65,59.69,60.02,721.69,16.76,0.343,51.74
6,App-Server-01,Server,2024-02-03 14:00:00,54.89,60.82,25.55,160.56,4.5,0.111,68.44
7,App-Server-02,Server,2024-02-03 14:00:00,56.58,62.1,38.79,135.81,6.18,0.125,64.41
8,DB-Server-01,Server,2024-02-03 14:00:00,55.16,56.51,24.88,200.18,4.45,0.113,67.64
9,WiFi-AP-01,Access Point,2024-02-03 14:00:00,20.49,34.19,38.06,137.19,17.96,0.367,21.15
10,WiFi-AP-02,Access Point,2024-02-03 14:00:00,23.11,35.67,48.56,122.61,18.0,0.381,22.61
1,Core-Router-01,Router,2024-02-03 16:00:00,32.47,45.34,36.58,403.89,10.16,0.169,41.83
2,Core-Router-02,Router,2024-02-03 16:00:00,34.72,42.45,53.98,388.42,9.38,0.15,40.8
3,Dist-Switch-01,Switch,2024-02-03 16:00:00,25.18,34.03,43.54,219.29,3.3,0.075,32.76
4,Dist-Switch-02,Switch,2024-02-03 16:00:00,25.12,39.7,43.71,256.56,3.3,0.114,31.29
5,Edge-Firewall-01,Firewall,2024-02-03 16:00:00,38.11,52.57,59.57,622.78,13.66,0.338,52.44
6,App-Server-01,Server,2024-02-03 16:00:00,55.81,56.68,35.4,173.84,7.01,0.111,66.43
7,App-Server-02,Server,2024-02-03 16:00:00,47.76,57.53,45.27,164.34,4.6,0.132,67.9
8,DB-Server-01,Server,2024-02-03 16:00:00,45.68,59.3,29.35,138.39,6.06,0.104,67.08
9,WiFi-AP-01,Access Point,2024-02-03 16:00:00,22.46,34.38,35.5,136.52,17.26,0.49,22.36
10,WiFi-AP-02,Access Point,2024-02-03 16:00:00,21.13,30.92,29.48,82.06,18.23,0.446,21.51
1,Core-Router-01,Router,2024-02-03 18:00:00,28.03,35.95,50.19,342.49,8.16,0.129,41.98
2,Core-Router-02,Router,2024-02-03 18:00:00,25.25,38.3,35.21,297.24,9.17,0.129,41.65
3,Dist-Switch-01,Switch,2024-02-03 18:00:00,16.59,27.6,38.39,205.3,2.68,0.156,30.74
4,Dist-Switch-02,Switch,2024-02-03 18:00:00,20.28,27.58,29.2,184.69,3.56,0.099,31.65
5,Edge-Firewall-01,Firewall,2024-02-03 18:00:00,36.27,41.89,43.35,541.81,15.29,0.375,52.26
6,App-Server-01,Server,2024-02-03 18:00:00,37.3,43.13,30.96,114.68,6.26,0.107,67.0
7,App-Server-02,Server,2024-02-03 18:00:00,35.06,48.18,47.11,136.44,5.26,0.073,66.25
8,DB-Server-01,Server,2024-02-03 18:00:00,37.62,46.31,21.19,110.82,5.1,0.089,65.64
9,WiFi-AP-01,Access Point,2024-02-03 18:00:00,20.07,25.19,28.34,71.69,20.25,0.482,20.87
10,WiFi-AP-02,Access Point,2024-02-03 18:00:00,21.28,25.92,37.49,104.96,18.28,0.489,20.77
1,Core-Router-01,Router,2024-02-03 20:00:00,29.55,36.62,33.22,312.88,9.64,0.199,41.78
2,Core-Router-02,Router,2024-02-03 20:00:00,34.42,37.18,40.97,287.05,8.27,0.237,41.05
3,Dist-Switch-01,Switch,2024-02-03 20:00:00,24.71,27.64,31.36,206.79,3.74,0.081,30.83
4,Dist-Switch-02,Switch,2024-02-03 20:00:00,15.1,26.81,30.08,191.89,4.67,0.062,32.13
5,Edge-Firewall-01,Firewall,2024-02-03 20:00:00,36.59,39.22,45.93,526.55,15.31,0.327,49.61
6,App-Server-01,Server,2024-02-03 20:00:00,40.0,46.91,25.3,131.54,6.33,0.093,66.37
7,App-Server-02,Server,2024-02-03 20:00:00,39.61,42.18,25.44,129.71,7.09,0.085,66.85
8,DB-Server-01,Server,2024-02-03 20:00:00,42.97,43.33,33.08,166.26,5.43,0.098,68.28
9,WiFi-AP-01,Access Point,2024-02-03 20:00:00,19.56,26.44,36.61,124.66,17.85,0.371,22.23
10,WiFi-AP-02,Access Point,2024-02-03 20:00:00,16.49,22.02,24.78,71.07,18.67,0.409,21.84
1,Core-Router-01,Router,2024-02-03 22:00:00,28.76,30.48,19.39,212.58,8.31,0.187,40.0
2,Core-Router-02,Router,2024-02-03 22:00:00,21.39,28.31,33.35,228.66,8.82,0.139,41.54
3,Dist-Switch-01,Switch,2024-02-03 22:00:00,17.53,22.72,21.93,105.76,5.14,0.093,32.01
4,Dist-Switch-02,Switch,2024-02-03 22:00:00,6.62,21.4,24.32,145.86,6.65,0.085,32.47
5,Edge-Firewall-01,Firewall,2024-02-03 22:00:00,28.29,28.92,37.37,377.75,15.42,0.355,51.8
6,App-Server-01,Server,2024-02-03 22:00:00,27.45,36.5,26.04,77.59,5.0,0.097,66.52
7,App-Server-02,Server,2024-02-03 22:00:00,24.76,34.96,22.41,88.57,5.52,0.091,65.55
8,DB-Server-01,Server,2024-02-03 22:00:00,26.59,33.56,11.68,86.78,5.54,0.123,66.34
9,WiFi-AP-01,Access Point,2024-02-03 22:00:00,6.92,18.42,18.6,82.49,17.84,0.456,25.34
10,WiFi-AP-02,Access Point,2024-02-03 22:00:00,12.48,19.32,13.73,42.15,18.09,0.354,22.35
1,Core-Router-01,Router,2024-02-04 00:00:00,45.0,16.13,8.96,177.02,8.56,0.18,42.53
2,Core-Router-02,Router,2024-02-04 00:00:00,9.81,21.54,14.43,181.71,10.02,0.127,43.39
3,Dist-Switch-01,Switch,2024-02-04 00:00:00,18.41,16.82,20.61,128.63,4.18,0.081,31.18
4,Dist-Switch-02,Switch,2024-02-04 00:00:00,5.0,11.94,29.81,113.86,3.39,0.115,30.95
5,Edge-Firewall-01,Firewall,2024-02-04 00:00:00,22.03,23.5,27.36,279.71,13.58,0.285,50.92
6,App-Server-01,Server,2024-02-04 00:00:00,21.47,20.4,8.08,74.32,5.33,0.07,66.65
7,App-Server-02,Server,2024-02-04 00:00:00,31.56,25.44,12.43,73.63,6.47,0.068,67.38
8,DB-Server-01,Server,2024-02-04 00:00:00,23.07,24.19,14.88,103.59,5.7,0.111,66.38
9,WiFi-AP-01,Access Point,2024-02-04 00:00:00,5.0,14.73,22.67,26.88,18.33,0.351,22.79
10,WiFi-AP-02,Access Point,2024-02-04 00:00:00,14.07,8.72,18.64,23.6,17.18,0.383,21.86
1,Core-Router-01,Router,2024-02-04 02:00:00,19.02,16.91,28.85,192.79,9.98,0.173,42.87
2,Core-Router-02,Router,2024-02-04 02:00:00,14.85,17.86,24.61,190.69,8.24,0.218,43.51
3,Dist-Switch-01,Switch,2024-02-04 02:00:00,13.16,17.4,44.87,76.42,3.75,0.062,31.12
4,Dist-Switch-02,Switch,2024-02-04 02:00:00,9.5,8.97,12.42,125.85,5.37,0.102,31.88
5,Edge-Firewall-01,Firewall,2024-02-04 02:00:00,24.09,21.71,28.44,285.76,15.74,0.312,50.6
6,App-Server-01,Server,2024-02-04 02:00:00,22.6,25.35,14.04,83.13,4.52,0.13,66.2
7,App-Server-02,Server,2024-02-04 02:00:00,19.93,24.21,20.67,87.02,5.99,0.071,66.27
8,DB-Server-01,Server,2024-02-04 02:00:00,18.07,21.47,10.85,70.75,4.3,0.068,66.51
9,WiFi-AP-01,Access Point,2024-02-04 02:00:00,7.36,17.81,5.0,46.03,15.83,0.334,22.46
10,WiFi-AP-02,Access Point,2024-02-04 02:00:00,5.0,10.65,7.62,54.98,17.84,0.325,21.33
1,Core-Router-01,Router,2024-02-04 04:00:00,12.22,23.09,22.84,155.33,8.39,0.156,43.11
2,Core-Router-02,Router,2024-02-04 04:00:00,18.96,19.31,58.38,208.07,8.86,0.139,41.34
3,Dist-Switch-01,Switch,2024-02-04 04:00:00,6.93,21.31,12.87,124.78,4.33,0.069,33.51
4,Dist-Switch-02,Switch,2024-02-04 04:00:00,5.0,15.87,15.46,126.63,3.99,0.139,32.94
5,Edge-Firewall-01,Firewall,2024-02-04 04:00:00,21.63,20.17,23.32,260.44,14.37,0.251,51.37
6,App-Server-01,Server,2024-02-04 04:00:00,19.68,20.23,16.01,33.12,5.49,0.15,66.75
7,App-Server-02,Server,2024-02-04 04:00:00,21.46,26.27,18.63,92.56,3.84,0.064,68.71
8,DB-Server-01,Server,2024-02-04 04:00:00,21.96,22.57,13.92,63.94,4.28,0.104,67.28
9,WiFi-AP-01,Access Point,2024-02-04 04:00:00,5.0,14.04,13.28,21.68,16.77,0.374,21.64
10,WiFi-AP-02,Access Point,2024-02-04 04:00:00,7.12,11.44,14.15,68.66,18.54,0.371,21.47
1,Core-Router-01,Router,2024-02-04 06:00:00,48.6,27.3,26.2,240.56,7.84,0.143,42.13
2,Core-Router-02,Router,2024-02-04 06:00:00,23.93,25.03,42.31,235.26,7.41,0.185,42.31
3,Dist-Switch-01,Switch,2024-02-04 06:00:00,15.25,20.09,25.84,175.6,3.84,0.131,28.25
4,Dist-Switch-02,Switch,2024-02-04 06:00:00,15.86,18.53,23.37,127.04,2.76,0.096,31.03
5,Edge-Firewall-01,Firewall,2024-02-04 06:00:00,29.36,32.75,27.38,360.49,14.92,0.311,52.74
6,App-Server-01,Server,2024-02-04 06:00:00,24.63,36.39,10.21,91.42,5.94,0.166,68.79
7,App-Server-02,Server,2024-02-04 06:00:00,33.95,35.36,14.27,94.12,6.24,0.123,66.52
8,DB-Server-01,Server,2024-02-04 06:00:00,32.29,28.93,20.76,60.38,4.51,0.091,67.21
9,WiFi-AP-01,Access Point,2024-02-04 06:00:00,9.13,19.47,18.05,61.0,19.43,0.385,22.46
10,WiFi-AP-02,Access Point,2024-02-04 06:00:00,11.93,17.37,15.4,48.69,17.44,0.343,22.3
1,Core-Router-01,Router,2024-02-04 08:00:00,28.34,35.4,38.97,337.75,9.74,0.198,41.42
2,Core-Router-02,Router,2024-02-04 08:00:00,49.65,32.16,39.76,324.8,8.52,0.214,41.74
3,Dist-Switch-01,Switch,2024-02-04 08:00:00,25.74,29.56,35.12,185.38,3.07,0.083,32.13
4,Dist-Switch-02,Switch,2024-02-04 08:00:00,22.08,30.67,26.14,180.8,4.49,0.159,31.99
5,Edge-Firewall-01,Firewall,2024-02-04 08:00:00,35.66,45.22,48.03,511.86,13.84,0.297,52.28
6,App-Server-01,Server,2024-02-04 08:00:00,30.18,46.42,21.84,135.1,5.8,0.148,66.47
7,App-Server-02,Server,2024-02-04 08:00:00,40.01,46.21,25.65,106.87,4.39,0.139,67.25
8,DB-Server-01,Server,2024-02-04 08:00:00,65.8,45.79,17.73,130.61,6.09,0.162,66.16
9,WiFi-AP-01,Access Point,2024-02-04 08:00:00,10.13,25.0,25.03,106.08,18.35,0.395,21.65
10,WiFi-AP-02,Access Point,2024-02-04 08:00:00,17.76,24.58,24.02,115.16,19.43,0.389,21.83
1,Core-Router-01,Router,2024-02-04 10:00:00,33.03,48.55,52.13,450.76,7.94,0.176,42.25
2,Core-Router-02,Router,2024-02-04 10:00:00,35.56,49.22,51.24,391.53,8.97,0.183,41.23
3,Dist-Switch-01,Switch,2024-02-04 10:00:00,27.43,57.53,42.13,231.16,4.02,0.1,29.73
4,Dist-Switch-02,Switch,2024-02-04 10:00:00,25.08,36.35,45.8,253.87,4.12,0.087,31.7
5,Edge-Firewall-01,Firewall,2024-02-04 10:00:00,48.9,53.14,58.31,625.71,14.48,0.398,51.18
6,App-Server-01,Server,2024-02-04 10:00:00,49.49,59.74,27.83,171.58,6.92,0.107,65.15
7,App-Server-02,Server,2024-02-04 10:00:00,50.39,53.86,28.73,182.57,7.33,0.125,65.96
8,DB-Server-01,Server,2024-02-04 10:00:00,47.47,55.79,42.49,153.49,5.07,0.155,67.28
9,WiFi-AP-01,Access Point,2024-02-04 10:00:00,24.46,30.1,34.27,102.29,18.98,0.435,21.1
10,WiFi-AP-02,Access Point,2024-02-04 10:00:00,19.06,31.86,29.19,109.6,18.96,0.401,21.79
1,Core-Router-01,Router,2024-02-04 12:00:00,33.93,47.43,49.4,410.7,9.88,0.176,40.73
2,Core-Router-02,Router,2024-02-04 12:00:00,38.3,48.0,43.14,407.19,10.38,0.192,42.96
3,Dist-Switch-01,Switch,2024-02-04 12:00:00,20.73,41.14,41.96,257.66,5.49,0.123,32.29
4,Dist-Switch-02,Switch,2024-02-04 12:00:00,28.32,49.23,64.29,248.56,4.45,0.074,31.24
5,Edge-Firewall-01,Firewall,2024-02-04 12:00:00,51.69,55.77,56.46,710.73,14.92,0.319,51.34
6,App-Server-01,Server,2024-02-04 12:00:00,48.56,63.09,33.01,158.66,4.17,0.094,66.19
7,App-Server-02,Server,2024-02-04 12:00:00,44.16,57.31,33.64,169.94,5.21,0.091,65.22
8,DB-Server-01,Server,2024-02-04 12:00:00,48.72,64.47,39.99,185.61,5.94,0.12,65.58
9,WiFi-AP-01,Access Point,2024-02-04 12:00:00,21.89,31.45,33.65,137.9,19.13,0.375,23.35
10,WiFi-AP-02,Access Point,2024-02-04 12:00:00,22.6,32.48,33.73,150.9,18.31,0.402,19.04
1,Core-Router-01,Router,2024-02-04 14:00:00,40.14,46.33,45.25,433.88,10.18,0.253,41.94
2,Core-Router-02,Router,2024-02-04 14:00:00,36.33,45.56,57.03,415.19,9.71,0.151,41.88
3,Dist-Switch-01,Switch,2024-02-04 14:00:00,19.84,38.09,36.22,249.31,4.55,0.121,31.91
4,Dist-Switch-02,Switch,2024-02-04 14:00:00,23.83,43.93,40.6,238.36,4.33,0.085,31.16
5,Edge-Firewall-01,Firewall,2024-02-04 14:00:00,48.27,57.89,61.94,705.39,14.04,0.323,51.72
6,App-Server-01,Server,2024-02-04 14:00:00,50.33,60.18,34.32,145.14,4.82,0.078,65.35
7,App-Server-02,Server,2024-02-04 14:00:00,49.74,94.94,29.16,166.38,4.62,0.081,65.89
8,DB-Server-01,Server,2024-02-04 14:00:00,51.24,58.76,40.09,175.68,4.45,0.118,65.74
9,WiFi-AP-01,Access Point,2024-02-04 14:00:00,15.5,34.8,48.7,93.99,16.85,0.384,21.06
10,WiFi-AP-02,Access Point,2024-02-04 14:00:00,24.2,32.3,39.87,165.43,16.99,0.424,22.38
1,Core-Router-01,Router,2024-02-04 16:00:00,30.97,46.81,49.6,412.09,9.43,0.148,41.77
2,Core-Router-02,Router,2024-02-04 16:00:00,37.89,47.37,41.6,436.08,7.94,0.176,41.78
3,Dist-Switch-01,Switch,2024-02-04 16:00:00,19.49,38.51,36.3,267.54,2.93,0.134,33.23
4,Dist-Switch-02,Switch,2024-02-04 16:00:00,25.34,39.53,36.77,208.32,5.31,0.063,32.19
5,Edge-Firewall-01,Firewall,2024-02-04 16:00:00,47.76,52.33,58.57,688.3,14.51,0.343,49.71
6,App-Server-01,Server,2024-02-04 16:00:00,53.73,52.87,37.87,171.92,5.36,0.082,66.45
7,App-Server-02,Server,2024-02-04 16:00:00,45.95,56.82,63.48,190.15,4.58,0.086,66.8
8,DB-Server-01,Server,2024-02-04 16:00:00,48.66,54.43,35.05,181.03,4.62,0.172,68.22
9,WiFi-AP-01,Access Point,2024-02-04 16:00:00,22.71,29.13,38.93,128.72,18.69,0.448,21.52
10,WiFi-AP-02,Access Point,2024-02-04 16:00:00,28.7,34.04,35.47,171.07,19.01,0.409,21.78
1,Core-Router-01,Router,2024-02-04 18:00:00,32.08,35.65,40.06,311.87,7.41,0.137,41.84
2,Core-Router-02,Router,2024-02-04 18:00:00,31.65,34.37,32.68,308.91,10.15,0.165,41.26
3,Dist-Switch-01,Switch,2024-02-04 18:00:00,18.44,27.68,29.36,179.51,5.04,0.093,32.95
4,Dist-Switch-02,Switch,2024-02-04 18:00:00,25.49,22.49,34.54,185.2,4.75,0.1,30.65
5,Edge-Firewall-01,Firewall,2024-02-04 18:00:00,30.37,41.76,50.52,530.26,13.34,0.368,52.35
6,App-Server-01,Server,2024-02-04 18:00:00,42.5,49.8,18.06,113.06,6.28,0.112,66.42
7,App-Server-02,Server,2024-02-04 18:00:00,39.07,42.12,24.45,149.58,6.18,0.125,67.71
8,DB-Server-01,Server,2024-02-04 18:00:00,41.01,46.93,27.52,118.74,4.42,0.105,66.37
9,WiFi-AP-01,Access Point,2024-02-04 18:00:00,13.79,27.5,30.55,104.65,18.53,0.401,21.69
10,WiFi-AP-02,Access Point,2024-02-04 18:00:00,20.44,50.47,35.19,130.76,18.76,0.367,21.8
1,Core-Router-01,Router,2024-02-04 20:00:00,27.66,34.59,43.9,308.94,10.71,0.135,44.56
2,Core-Router-02,Router,2024-02-04 20:00:00,26.77,36.85,37.63,312.35,10.15,0.182,41.02
3,Dist-Switch-01,Switch,2024-02-04 20:00:00,22.04,31.77,25.86,208.56,3.77,0.107,30.91
4,Dist-Switch-02,Switch,2024-02-04 20:00:00,11.56,34.69,37.9,171.14,4.44,0.084,32.61
5,Edge-Firewall-01,Firewall,2024-02-04 20:00:00,34.12,41.58,44.51,511.99,15.94,0.313,51.81
6,App-Server-01,Server,2024-02-04 20:00:00,43.48,41.07,20.11,140.78,6.19,0.086,64.82
7,App-Server-02,Server,2024-02-04 20:00:00,35.14,47.2,38.39,155.64,7.03,0.085,67.03
8,DB-Server-01,Server,2024-02-04 20:00:00,35.25,48.81,25.89,145.14,5.49,0.082,66.61
9,WiFi-AP-01,Access Point,2024-02-04 20:00:00,17.31,29.26,23.21,68.61,18.61,0.424,23.39
10,WiFi-AP-02,Access Point,2024-02-04 20:00:00,11.51,25.05,22.14,87.45,19.3,0.335,21.33
1,Core-Router-01,Router,2024-02-04 22:00:00,23.66,23.87,36.61,238.85,8.69,0.153,42.64
2,Core-Router-02,Router,2024-02-04 22:00:00,27.87,25.63,34.07,240.72,8.48,0.167,40.6
3,Dist-Switch-01,Switch,2024-02-04 22:00:00,11.36,24.83,27.4,118.4,1.89,0.111,30.92
4,Dist-Switch-02,Switch,2024-02-04 22:00:00,32.02,25.0,45.91,176.83,1.96,0.074,32.49
5,Edge-Firewall-01,Firewall,2024-02-04 22:00:00,29.65,30.02,38.43,398.16,13.86,0.275,52.4
6,App-Server-01,Server,2024-02-04 22:00:00,26.2,38.5,14.92,98.36,4.2,0.068,65.63
7,App-Server-02,Server,2024-02-04 22:00:00,27.47,28.66,23.1,102.61,6.54,0.081,67.83
8,DB-Server-01,Server,2024-02-04 22:00:00,28.8,33.76,29.67,85.79,6.68,0.088,66.13
9,WiFi-AP-01,Access Point,2024-02-04 22:00:00,6.67,16.0,27.14,106.3,18.27,0.327,22.48
10,WiFi-AP-02,Access Point,2024-02-04 22:00:00,12.23,22.4,22.94,74.32,17.48,0.384,18.54
1,Core-Router-01,Router,2024-02-05 00:00:00,34.3,35.45,37.15,287.22,4.36,0.173,40.96
2,Core-Router-02,Router,2024-02-05 00:00:00,30.69,36.25,32.34,300.29,3.7,0.221,43.24
3,Dist-Switch-01,Switch,2024-02-05 00:00:00,16.17,23.43,33.27,196.69,2.32,0.095,32.2
4,Dist-Switch-02,Switch,2024-02-05 00:00:00,15.11,30.24,56.14,181.27,2.3,0.085,33.75
5,Edge-Firewall-01,Firewall,2024-02-05 00:00:00,30.58,45.88,37.32,557.86,6.86,0.271,50.12
6,App-Server-01,Server,2024-02-05 00:00:00,33.75,48.37,31.24,135.29,3.74,0.119,66.07
7,App-Server-02,Server,2024-02-05 00:00:00,33.55,45.63,23.21,138.27,3.55,0.101,67.45
8,DB-Server-01,Server,2024-02-05 00:00:00,41.77,47.84,24.06,146.1,3.52,0.103,68.43
9,WiFi-AP-01,Access Point,2024-02-05 00:00:00,17.62,24.28,23.81,120.43,10.36,0.436,19.72
10,WiFi-AP-02,Access Point,2024-02-05 00:00:00,19.96,25.32,27.59,82.58,10.9,0.391,20.61
1,Core-Router-01,Router,2024-02-05 02:00:00,30.02,38.01,40.04,348.41,4.71,0.243,41.94
2,Core-Router-02,Router,2024-02-05 02:00:00,30.09,36.82,44.68,287.2,4.76,0.176,40.54
3,Dist-Switch-01,Switch,2024-02-05 02:00:00,19.29,31.47,34.13,182.0,1.85,0.106,32.43
4,Dist-Switch-02,Switch,2024-02-05 02:00:00,17.36,27.51,24.04,187.16,0.5,0.162,30.89
5,Edge-Firewall-01,Firewall,2024-02-05 02:00:00,40.32,47.87,46.76,520.0,6.68,0.306,53.35
6,App-Server-01,Server,2024-02-05 02:00:00,40.56,45.76,32.66,144.43,2.85,0.081,65.98
7,App-Server-02,Server,2024-02-05 02:00:00,36.91,45.06,28.89,105.55,3.08,0.088,65.85
8,DB-Server-01,Server,2024-02-05 02:00:00,37.61,38.71,22.31,108.51,2.72,0.183,66.94
9,WiFi-AP-01,Access Point,2024-02-05 02:00:00,19.95,25.75,58.34,87.62,8.45,0.36,22.43
10,WiFi-AP-02,Access Point,2024-02-05 02:00:00,11.01,24.7,28.13,154.9,10.22,0.428,19.6
1,Core-Router-01,Router,2024-02-05 04:00:00,32.28,43.34,37.75,319.43,5.43,0.172,39.21
2,Core-Router-02,Router,2024-02-05 04:00:00,33.51,34.05,69.93,311.03,5.12,0.176,42.82
3,Dist-Switch-01,Switch,2024-02-05 04:00:00,20.51,29.91,35.72,205.03,0.71,0.124,29.64
4,Dist-Switch-02,Switch,2024-02-05 04:00:00,22.64,28.18,36.73,203.82,1.0,0.067,31.3
5,Edge-Firewall-01,Firewall,2024-02-05 04:00:00,33.45,45.16,58.23,544.32,7.97,0.33,53.46
6,App-Server-01,Server,2024-02-05 04:00:00,33.58,49.35,29.95,154.26,3.81,0.078,68.78
7,App-Server-02,Server,2024-02-05 04:00:00,40.51,44.37,28.63,149.95,3.09,0.09,66.84
8,DB-Server-01,Server,2024-02-05 04:00:00,36.51,43.21,19.09,160.86,2.78,0.24,67.15
9,WiFi-AP-01,Access Point,2024-02-05 04:00:00,17.82,20.5,25.2,80.35,9.26,0.414,21.6
10,WiFi-AP-02,Access Point,2024-02-05 04:00:00,14.6,29.47,31.84,63.06,9.38,0.36,20.82
1,Core-Router-01,Router,2024-02-05 06:00:00,47.27,48.19,48.43,412.54,5.93,0.18,42.13
2,Core-Router-02,Router,2024-02-05 06:00:00,34.54,48.06,49.02,428.69,4.2,0.186,41.26
3,Dist-Switch-01,Switch,2024-02-05 06:00:00,25.53,38.86,51.56,278.81,2.79,0.142,31.09
4,Dist-Switch-02,Switch,2024-02-05 06:00:00,30.85,35.64,43.92,239.69,1.04,0.149,32.47
5,Edge-Firewall-01,Firewall,2024-02-05 06:00:00,51.78,58.9,60.2,682.17,7.6,0.313,53.53
6,App-Server-01,Server,2024-02-05 06:00:00,46.85,59.24,30.24,195.13,4.85,0.089,67.14
7,App-Server-02,Server,2024-02-05 06:00:00,52.57,62.21,38.67,182.51,3.5,0.115,64.97
8,DB-Server-01,Server,2024-02-05 06:00:00,52.21,61.82,36.88,170.58,3.16,0.112,64.98
9,WiFi-AP-01,Access Point,2024-02-05 06:00:00,25.68,31.4,38.35,115.52,11.59,0.381,21.44
10,WiFi-AP-02,Access Point,2024-02-05 06:00:00,24.74,41.27,41.18,122.95,10.7,0.453,21.8
1,Core-Router-01,Router,2024-02-05 08:00:00,61.81,66.27,72.31,598.54,4.6,0.178,42.53
2,Core-Router-02,Router,2024-02-05 08:00:00,52.5,58.32,74.1,640.79,4.62,0.226,42.43
3,Dist-Switch-01,Switch,2024-02-05 08:00:00,42.86,70.89,68.44,374.75,2.71,0.097,32.04
4,Dist-Switch-02,Switch,2024-02-05 08:00:00,54.88,75.32,58.54,363.39,0.7,0.108,30.87
5,Edge-Firewall-01,Firewall,2024-02-05 08:00:00,64.79,78.75,79.1,917.67,7.62,0.401,52.46
6,App-Server-01,Server,2024-02-05 08:00:00,67.16,88.19,47.82,240.43,1.02,0.091,66.67
7,App-Server-02,Server,2024-02-05 08:00:00,66.58,84.0,45.86,234.91,3.03,0.107,67.0
8,DB-Server-01,Server,2024-02-05 08:00:00,71.43,85.16,45.21,217.95,2.29,0.158,67.71
9,WiFi-AP-01,Access Point,2024-02-05 08:00:00,34.76,51.7,51.5,185.35,10.08,0.437,21.46
10,WiFi-AP-02,Access Point,2024-02-05 08:00:00,30.28,48.07,56.49,192.55,10.09,0.397,21.98
1,Core-Router-01,Router,2024-02-05 10:00:00,73.88,77.05,84.87,761.13,5.27,0.187,42.42
2,Core-Router-02,Router,2024-02-05 10:00:00,68.15,80.56,92.86,748.07,4.55,0.203,42.4
3,Dist-Switch-01,Switch,2024-02-05 10:00:00,45.72,72.44,81.4,468.63,4.57,0.08,31.29
4,Dist-Switch-02,Switch,2024-02-05 10:00:00,48.3,66.53,74.83,428.88,2.61,0.148,31.65
5,Edge-Firewall-01,Firewall,2024-02-05 10:00:00,99.5,95.89,95.89,1160.96,7.25,0.391,52.04
6,App-Server-01,Server,2024-02-05 10:00:00,89.65,99.0,61.52,263.08,0.6,0.107,66.2
7,App-Server-02,Server,2024-02-05 10:00:00,93.77,99.0,68.07,288.1,3.49,0.109,68.13
8,DB-Server-01,Server,2024-02-05 10:00:00,88.9,99.5,54.42,290.76,2.92,0.158,64.55
9,WiFi-AP-01,Access Point,2024-02-05 10:00:00,36.05,58.71,56.9,215.02,8.46,0.525,21.49
10,WiFi-AP-02,Access Point,2024-02-05 10:00:00,36.2,59.08,68.55,206.71,11.79,0.41,23.04
1,Core-Router-01,Router,2024-02-05 12:00:00,64.65,84.72,98.59,788.44,3.93,0.257,42.48
2,Core-Router-02,Router,2024-02-05 12:00:00,73.97,87.96,92.68,770.71,4.95,0.24,41.0
3,Dist-Switch-01,Switch,2024-02-05 12:00:00,52.62,65.81,82.68,505.67,2.82,0.096,31.29
4,Dist-Switch-02,Switch,2024-02-05 12:00:00,44.99,64.62,79.48,467.74,1.3,0.074,31.81
5,Edge-Firewall-01,Firewall,2024-02-05 12:00:00,84.68,99.0,99.0,1286.68,7.9,0.395,50.85
6,App-Server-01,Server,2024-02-05 12:00:00,97.82,99.0,58.33,316.73,2.71,0.215,67.19
7,App-Server-02,Server,2024-02-05 12:00:00,99.0,99.0,63.63,308.31,1.26,0.144,67.41
8,DB-Server-01,Server,2024-02-05 12:00:00,93.95,99.0,53.29,326.26,4.1,0.186,67.12
9,WiFi-AP-01,Access Point,2024-02-05 12:00:00,45.02,68.48,68.85,253.49,11.43,0.455,23.04
10,WiFi-AP-02,Access Point,2024-02-05 12:00:00,39.5,64.62,68.26,234.6,10.43,0.453,21.53
1,Core-Router-01,Router,2024-02-05 14:00:00,74.41,93.38,84.91,832.5,4.74,0.223,42.91
2,Core-Router-02,Router,2024-02-05 14:00:00,77.63,85.04,94.03,791.9,4.64,0.244,41.67
3,Dist-Switch-01,Switch,2024-02-05 14:00:00,41.1,69.47,71.4,471.21,2.67,0.103,31.35
4,Dist-Switch-02,Switch,2024-02-05 14:00:00,46.48,71.79,81.88,491.93,4.26,0.079,32.49
5,Edge-Firewall-01,Firewall,2024-02-05 14:00:00,80.88,99.0,99.0,1248.4,7.46,0.367,51.25
6,App-Server-01,Server,2024-02-05 14:00:00,99.0,99.0,73.44,347.04,2.36,0.105,66.32
7,App-Server-02,Server,2024-02-05 14:00:00,94.51,99.0,61.23,324.38,3.33,0.11,66.69
8,DB-Server-01,Server,2024-02-05 14:00:00,98.6,99.0,70.4,280.24,3.66,0.124,66.08
9,WiFi-AP-01,Access Point,2024-02-05 14:00:00,38.23,64.83,75.95,202.9,10.63,0.438,22.88
10,WiFi-AP-02,Access Point,2024-02-05 14:00:00,32.29,70.77,66.94,266.49,9.93,0.438,22.02
1,Core-Router-01,Router,2024-02-05 16:00:00,71.41,77.58,93.23,747.41,5.58,0.172,41.18
2,Core-Router-02,Router,2024-02-05 16:00:00,62.84,84.26,93.06,760.9,5.43,0.21,43.16
3,Dist-Switch-01,Switch,2024-02-05 16:00:00,37.35,60.26,83.36,421.77,0.91,0.083,30.1
4,Dist-Switch-02,Switch,2024-02-05 16:00:00,43.33,64.44,73.6,454.19,1.66,0.091,32.01
5,Edge-Firewall-01,Firewall,2024-02-05 16:00:00,86.42,99.0,99.0,1232.75,8.88,0.434,50.49
6,App-Server-01,Server,2024-02-05 16:00:00,87.41,99.0,57.31,261.22,2.77,0.193,65.7
7,App-Server-02,Server,2024-02-05 16:00:00,87.37,99.0,64.93,312.95,1.82,0.112,66.83
8,DB-Server-01,Server,2024-02-05 16:00:00,88.67,99.0,51.2,276.01,2.6,0.249,67.39
9,WiFi-AP-01,Access Point,2024-02-05 16:00:00,31.89,61.87,70.28,213.42,11.0,0.433,21.44
10,WiFi-AP-02,Access Point,2024-02-05 16:00:00,62.6,63.1,68.45,245.19,7.61,0.412,20.17
1,Core-Router-01,Router,2024-02-05 18:00:00,53.73,67.94,80.47,579.36,4.47,0.159,40.78
2,Core-Router-02,Router,2024-02-05 18:00:00,57.75,65.58,72.38,610.53,4.93,0.199,41.69
3,Dist-Switch-01,Switch,2024-02-05 18:00:00,32.46,54.16,64.8,335.38,0.5,0.069,30.98
4,Dist-Switch-02,Switch,2024-02-05 18:00:00,51.48,54.79,49.09,372.67,0.83,0.069,31.09
5,Edge-Firewall-01,Firewall,2024-02-05 18:00:00,63.59,82.84,85.33,975.09,8.15,0.358,52.17
6,App-Server-01,Server,2024-02-05 18:00:00,72.79,87.06,48.63,284.95,3.96,0.143,66.57
7,App-Server-02,Server,2024-02-05 18:00:00,73.36,83.87,51.28,255.19,1.64,0.151,66.25
8,DB-Server-01,Server,2024-02-05 18:00:00,69.39,81.94,51.89,233.91,2.34,0.106,64.96
9,WiFi-AP-01,Access Point,2024-02-05 18:00:00,26.54,44.13,52.49,192.72,10.55,0.442,22.78
10,WiFi-AP-02,Access Point,2024-02-05 18:00:00,27.79,47.91,73.46,136.42,8.78,0.392,21.58
1,Core-Router-01,Router,2024-02-05 20:00:00,55.88,67.18,62.92,608.5,5.18,0.187,42.82
2,Core-Router-02,Router,2024-02-05 20:00:00,53.26,69.53,67.33,579.21,5.43,0.172,42.01
3,Dist-Switch-01,Switch,2024-02-05 20:00:00,43.86,55.01,60.87,341.49,0.5,0.076,32.82
4,Dist-Switch-02,Switch,2024-02-05 20:00:00,34.6,55.04,82.53,386.91,2.43,0.076,30.23
5,Edge-Firewall-01,Firewall,2024-02-05 20:00:00,63.27,76.91,79.48,961.97,9.91,0.402,51.99
6,App-Server-01,Server,2024-02-05 20:00:00,74.89,81.55,55.17,208.01,3.91,0.112,65.99
7,App-Server-02,Server,2024-02-05 20:00:00,70.94,80.33,42.39,207.43,3.77,0.146,64.59
8,DB-Server-01,Server,2024-02-05 20:00:00,79.13,83.7,49.3,209.8,4.32,0.1,67.89
9,WiFi-AP-01,Access Point,2024-02-05 20:00:00,34.79,51.85,50.59,175.28,9.39,0.449,22.08
10,WiFi-AP-02,Access Point,2024-02-05 20:00:00,34.18,51.19,45.19,206.45,10.95,0.421,22.1
1,Core-Router-01,Router,2024-02-05 22:00:00,55.58,49.7,50.34,444.58,5.07,0.16,41.94
2,Core-Router-02,Router,2024-02-05 22:00:00,49.98,45.79,50.95,421.64,4.44,0.191,42.47
3,Dist-Switch-01,Switch,2024-02-05 22:00:00,26.08,42.23,47.47,257.75,0.5,0.105,31.92
4,Dist-Switch-02,Switch,2024-02-05 22:00:00,26.19,37.75,47.22,267.97,1.76,0.124,32.82
5,Edge-Firewall-01,Firewall,2024-02-05 22:00:00,50.27,57.32,47.62,695.24,7.76,0.331,52.5
6,App-Server-01,Server,2024-02-05 22:00:00,55.06,62.21,39.99,153.55,2.55,0.081,66.13
7,App-Server-02,Server,2024-02-05 22:00:00,55.11,59.33,41.29,155.38,5.13,0.179,66.66
8,DB-Server-01,Server,2024-02-05 22:00:00,56.78,59.7,39.87,170.48,1.71,0.255,66.48
9,WiFi-AP-01,Access Point,2024-02-05 22:00:00,22.87,65.43,39.33,150.56,9.55,0.385,22.8
10,WiFi-AP-02,Access Point,2024-02-05 22:00:00,11.89,34.84,37.15,157.71,9.47,0.362,22.67
1,Core-Router-01,Router,2024-02-06 00:00:00,23.46,35.55,37.08,345.93,5.68,0.135,40.75
2,Core-Router-02,Router,2024-02-06 00:00:00,33.58,35.77,31.15,296.35,5.44,0.197,43.66
3,Dist-Switch-01,Switch,2024-02-06 00:00:00,15.87,29.43,33.5,181.61,0.5,0.067,31.05
4,Dist-Switch-02,Switch,2024-02-06 00:00:00,20.09,29.06,34.02,227.44,1.45,0.083,30.13
5,Edge-Firewall-01,Firewall,2024-02-06 00:00:00,35.19,43.74,43.36,531.53,7.82,0.335,52.11
6,App-Server-01,Server,2024-02-06 00:00:00,38.42,46.15,23.33,117.69,3.16,0.081,68.52
7,App-Server-02,Server,2024-02-06 00:00:00,42.43,47.42,25.27,90.28,2.19,0.104,66.53
8,DB-Server-01,Server,2024-02-06 00:00:00,39.11,47.75,27.53,153.98,2.69,0.082,67.14
9,WiFi-AP-01,Access Point,2024-02-06 00:00:00,17.33,30.01,33.45,71.71,9.89,0.353,23.95
10,WiFi-AP-02,Access Point,2024-02-06 00:00:00,15.03,23.21,31.62,108.04,9.93,0.356,22.75
1,Core-Router-01,Router,2024-02-06 02:00:00,26.02,34.95,36.63,348.88,5.29,0.179,40.84
2,Core-Router-02,Router,2024-02-06 02:00:00,36.92,39.22,43.45,327.24,6.51,0.192,42.55
3,Dist-Switch-01,Switch,2024-02-06 02:00:00,17.85,28.68,36.33,193.33,1.57,0.084,29.81
4,Dist-Switch-02,Switch,2024-02-06 02:00:00,22.67,26.41,41.99,190.45,3.31,0.152,32.53
5,Edge-Firewall-01,Firewall,2024-02-06 02:00:00,39.92,46.42,38.14,509.15,8.58,0.287,52.09
6,App-Server-01,Server,2024-02-06 02:00:00,37.8,50.43,39.2,132.88,3.45,0.072,68.08
7,App-Server-02,Server,2024-02-06 02:00:00,42.56,42.58,39.0,110.61,5.69,0.103,66.2
8,DB-Server-01,Server,2024-02-06 02:00:00,36.54,48.2,30.68,146.76,2.57,0.084,66.91
9,WiFi-AP-01,Access Point,2024-02-06 02:00:00,12.6,51.59,31.49,102.03,10.55,0.377,23.3
10,WiFi-AP-02,Access Point,2024-02-06 02:00:00,13.25,28.05,33.18,91.86,10.12,0.354,23.91
1,Core-Router-01,Router,2024-02-06 04:00:00,29.85,37.32,37.92,317.41,3.7,0.185,42.57
2,Core-Router-02,Router,2024-02-06 04:00:00,28.23,33.27,40.14,317.05,4.78,0.191,42.02
3,Dist-Switch-01,Switch,2024-02-06 04:00:00,20.57,32.71,31.95,189.53,0.5,0.115,32.69
4,Dist-Switch-02,Switch,2024-02-06 04:00:00,19.73,25.44,26.63,185.26,2.97,0.074,30.31
5,Edge-Firewall-01,Firewall,2024-02-06 04:00:00,37.59,39.99,43.17,542.63,8.77,0.33,51.78
6,App-Server-01,Server,2024-02-06 04:00:00,42.77,44.02,24.87,124.27,3.02,0.136,66.57
7,App-Server-02,Server,2024-02-06 04:00:00,45.05,42.5,19.51,105.83,5.66,0.096,66.53
8,DB-Server-01,Server,2024-02-06 04:00:00,39.51,46.46,22.96,120.46,2.84,0.106,66.4
9,WiFi-AP-01,Access Point,2024-02-06 04:00:00,17.76,23.17,67.55,113.16,8.73,0.477,21.11
10,WiFi-AP-02,Access Point,2024-02-06 04:00:00,19.09,27.63,28.88,86.07,9.1,0.377,20.79
1,Core-Router-01,Router,2024-02-06 06:00:00,37.64,51.95,48.46,448.22,5.76,0.192,40.96
2,Core-Router-02,Router,2024-02-06 06:00:00,43.52,45.18,52.03,476.8,5.98,0.148,42.64
3,Dist-Switch-01,Switch,2024-02-06 06:00:00,25.94,42.29,33.37,258.81,0.5,0.071,31.56
4,Dist-Switch-02,Switch,2024-02-06 06:00:00,31.6,41.38,40.97,253.48,2.38,0.094,31.77
5,Edge-Firewall-01,Firewall,2024-02-06 06:00:00,53.23,54.19,58.8,691.45,11.16,0.337,52.93
6,App-Server-01,Server,2024-02-06 06:00:00,55.39,63.55,37.25,181.71,1.55,0.096,66.69
7,App-Server-02,Server,2024-02-06 06:00:00,54.5,60.83,38.7,193.2,0.5,0.099,64.94
8,DB-Server-01,Server,2024-02-06 06:00:00,53.28,60.14,41.66,178.54,2.51,0.124,66.48
9,WiFi-AP-01,Access Point,2024-02-06 06:00:00,19.81,36.06,47.3,147.87,10.57,0.497,21.07
10,WiFi-AP-02,Access Point,2024-02-06 06:00:00,18.78,35.32,46.82,111.97,11.75,0.428,21.68
1,Core-Router-01,Router,2024-02-06 08:00:00,54.65,63.3,68.83,615.43,6.44,0.26,41.98
2,Core-Router-02,Router,2024-02-06 08:00:00,53.5,66.27,70.36,573.69,6.54,0.211,41.7
3,Dist-Switch-01,Switch,2024-02-06 08:00:00,34.02,52.13,47.02,366.78,2.78,0.074,31.71
4,Dist-Switch-02,Switch,2024-02-06 08:00:00,36.5,51.4,57.45,356.37,2.7,0.137,31.57
5,Edge-Firewall-01,Firewall,2024-02-06 08:00:00,61.77,78.04,93.99,940.04,8.89,0.39,51.44
6,App-Server-01,Server,2024-02-06 08:00:00,69.14,85.65,49.73,253.7,5.07,0.093,65.61
7,App-Server-02,Server,2024-02-06 08:00:00,72.21,84.65,54.3,235.86,2.59,0.155,67.35
8,DB-Server-01,Server,2024-02-06 08:00:00,85.33,83.26,50.22,228.84,1.72,0.114,66.83
9,WiFi-AP-01,Access Point,2024-02-06 08:00:00,20.43,52.79,56.03,181.33,9.58,0.382,22.25
10,WiFi-AP-02,Access Point,2024-02-06 08:00:00,31.58,51.16,60.43,219.96,9.16,0.423,22.16
1,Core-Router-01,Router,2024-02-06 10:00:00,64.33,80.58,92.3,767.39,6.28,0.174,42.26
2,Core-Router-02,Router,2024-02-06 10:00:00,68.41,82.48,85.84,730.51,5.67,0.21,40.02
3,Dist-Switch-01,Switch,2024-02-06 10:00:00,44.84,71.81,60.96,443.86,2.68,0.164,31.59
4,Dist-Switch-02,Switch,2024-02-06 10:00:00,40.4,64.42,72.93,427.16,0.79,0.073,34.03
5,Edge-Firewall-01,Firewall,2024-02-06 10:00:00,85.46,99.0,99.0,1185.05,8.31,0.426,52.63
6,App-Server-01,Server,2024-02-06 10:00:00,90.7,99.0,72.26,316.54,2.68,0.099,65.75
7,App-Server-02,Server,2024-02-06 10:00:00,99.0,99.0,60.37,343.37,3.63,0.121,67.71
8,DB-Server-01,Server,2024-02-06 10:00:00,91.52,99.0,53.1,283.54,4.49,0.18,68.22
9,WiFi-AP-01,Access Point,2024-02-06 10:00:00,46.34,61.68,69.98,206.55,9.42,0.538,21.48
10,WiFi-AP-02,Access Point,2024-02-06 10:00:00,29.23,63.19,69.39,184.29,9.81,0.486,21.67
1,Core-Router-01,Router,2024-02-06 12:00:00,67.54,82.07,86.6,805.5,4.57,0.185,41.37
2,Core-Router-02,Router,2024-02-06 12:00:00,88.8,83.75,96.96,766.34,4.24,0.222,42.18
3,Dist-Switch-01,Switch,2024-02-06 12:00:00,50.43,77.98,79.18,477.3,1.74,0.097,30.79
4,Dist-Switch-02,Switch,2024-02-06 12:00:00,48.02,72.6,81.53,478.16,2.93,0.075,31.39
5,Edge-Firewall-01,Firewall,2024-02-06 12:00:00,83.72,98.68,99.0,1257.69,7.07,0.388,51.52
6,App-Server-01,Server,2024-02-06 12:00:00,99.0,99.0,76.75,319.19,5.06,0.146,67.16
7,App-Server-02,Server,2024-02-06 12:00:00,99.0,99.0,66.76,364.27,2.5,0.151,66.12
8,DB-Server-01,Server,2024-02-06 12:00:00,99.0,99.0,60.96,270.82,2.79,0.152,66.31
9,WiFi-AP-01,Access Point,2024-02-06 12:00:00,35.52,58.75,80.95,224.76,11.41,0.418,20.67
10,WiFi-AP-02,Access Point,2024-02-06 12:00:00,41.78,62.41,70.5,241.34,9.19,0.506,21.75
1,Core-Router-01,Router,2024-02-06 14:00:00,75.39,84.72,96.14,824.9,4.91,0.18,41.86
2,Core-Router-02,Router,2024-02-06 14:00:00,88.87,84.45,90.43,802.16,5.76,0.209,41.42
3,Dist-Switch-01,Switch,2024-02-06 14:00:00,52.06,72.45,79.83,410.09,1.18,0.152,32.43
4,Dist-Switch-02,Switch,2024-02-06 14:00:00,48.07,68.32,81.0,448.41,0.96,0.11,32.34
5,Edge-Firewall-01,Firewall,2024-02-06 14:00:00,93.02,99.0,99.0,1272.61,8.24,0.389,51.6
6,App-Server-01,Server,2024-02-06 14:00:00,97.13,99.0,59.16,314.13,4.67,0.107,67.09
7,App-Server-02,Server,2024-02-06 14:00:00,99.0,99.0,63.41,334.25,4.24,0.218,66.06
8,DB-Server-01,Server,2024-02-06 14:00:00,91.38,99.0,58.97,331.2,3.17,0.14,67.75
9,WiFi-AP-01,Access Point,2024-02-06 14:00:00,42.46,62.58,72.05,229.22,8.64,0.475,21.72
10,WiFi-AP-02,Access Point,2024-02-06 14:00:00,33.73,65.19,70.41,197.24,8.63,0.436,22.01
1,Core-Router-01,Router,2024-02-06 16:00:00,70.6,84.69,92.94,748.69,6.72,0.206,42.02
2,Core-Router-02,Router,2024-02-06 16:00:00,69.71,81.23,89.64,707.74,4.61,0.258,41.95
3,Dist-Switch-01,Switch,2024-02-06 16:00:00,45.39,70.44,76.73,433.9,2.02,0.129,31.98
4,Dist-Switch-02,Switch,2024-02-06 16:00:00,41.61,70.23,72.39,433.13,1.89,0.089,30.59
5,Edge-Firewall-01,Firewall,2024-02-06 16:00:00,80.35,97.73,99.0,1148.43,8.62,0.38,51.31
6,App-Server-01,Server,2024-02-06 16:00:00,87.2,99.0,63.05,289.01,4.66,0.125,67.0
7,App-Server-02,Server,2024-02-06 16:00:00,89.26,99.0,66.63,276.52,2.3,0.126,67.74
8,DB-Server-01,Server,2024-02-06 16:00:00,88.72,99.0,60.34,329.28,3.04,0.158,66.91
9,WiFi-AP-01,Access Point,2024-02-06 16:00:00,40.6,59.65,73.73,242.13,9.94,0.424,19.96
10,WiFi-AP-02,Access Point,2024-02-06 16:00:00,42.31,58.96,65.44,213.82,10.46,0.483,20.82
1,Core-Router-01,Router,2024-02-06 18:00:00,53.74,64.07,73.62,587.7,6.6,0.188,42.48
2,Core-Router-02,Router,2024-02-06 18:00:00,51.54,73.16,69.74,585.22,5.71,0.161,40.98
3,Dist-Switch-01,Switch,2024-02-06 18:00:00,44.75,56.88,59.97,407.72,2.81,0.073,34.08
4,Dist-Switch-02,Switch,2024-02-06 18:00:00,38.61,55.8,58.02,360.69,1.59,0.141,30.19
5,Edge-Firewall-01,Firewall,2024-02-06 18:00:00,71.41,75.3,99.5,953.3,7.48,0.377,51.79
6,App-Server-01,Server,2024-02-06 18:00:00,69.27,84.39,44.48,229.04,1.5,0.107,67.29
7,App-Server-02,Server,2024-02-06 18:00:00,72.09,89.38,61.02,230.52,2.17,0.143,67.14
8,DB-Server-01,Server,2024-02-06 18:00:00,76.48,85.13,46.99,236.03,3.43,0.099,68.02
9,WiFi-AP-01,Access Point,2024-02-06 18:00:00,24.77,51.6,44.59,182.75,9.67,0.45,19.74
10,WiFi-AP-02,Access Point,2024-02-06 18:00:00,25.58,48.1,50.94,159.03,11.35,0.438,22.48
1,Core-Router-01,Router,2024-02-06 20:00:00,50.4,62.58,68.92,611.9,3.63,0.165,40.84
2,Core-Router-02,Router,2024-02-06 20:00:00,50.83,67.15,82.81,581.28,5.72,0.166,41.33
3,Dist-Switch-01,Switch,2024-02-06 20:00:00,40.26,51.42,54.18,368.9,3.59,0.108,30.39
4,Dist-Switch-02,Switch,2024-02-06 20:00:00,33.51,56.89,67.86,364.27,1.42,0.149,31.73
5,Edge-Firewall-01,Firewall,2024-02-06 20:00:00,63.52,75.61,77.95,1015.87,9.42,0.36,53.53
6,App-Server-01,Server,2024-02-06 20:00:00,74.07,85.35,44.37,229.52,2.96,0.185,66.31
7,App-Server-02,Server,2024-02-06 20:00:00,71.96,87.86,44.88,256.04,0.94,0.144,65.9
8,DB-Server-01,Server,2024-02-06 20:00:00,72.46,85.15,49.01,237.66,1.76,0.131,67.8
9,WiFi-AP-01,Access Point,2024-02-06 20:00:00,27.59,47.65,46.49,197.02,8.68,0.429,20.74
10,WiFi-AP-02,Access Point,2024-02-06 20:00:00,34.03,47.99,51.16,211.86,9.93,0.42,22.71
1,Core-Router-01,Router,2024-02-06 22:00:00,33.32,40.38,58.11,419.27,5.86,0.136,40.64
2,Core-Router-02,Router,2024-02-06 22:00:00,41.67,46.73,46.93,414.97,3.27,0.162,40.86
3,Dist-Switch-01,Switch,2024-02-06 22:00:00,26.02,38.69,38.89,231.14,4.53,0.065,33.62
4,Dist-Switch-02,Switch,2024-02-06 22:00:00,30.82,38.28,44.5,264.64,3.84,0.107,30.99
5,Edge-Firewall-01,Firewall,2024-02-06 22:00:00,49.37,59.09,55.16,707.48,9.35,0.342,51.08
6,App-Server-01,Server,2024-02-06 22:00:00,56.96,59.98,29.97,192.05,3.58,0.083,67.92
7,App-Server-02,Server,2024-02-06 22:00:00,57.1,60.79,44.75,206.07,1.02,0.13,64.54
8,DB-Server-01,Server,2024-02-06 22:00:00,78.85,57.41,30.81,196.21,1.25,0.082,66.92
9,WiFi-AP-01,Access Point,2024-02-06 22:00:00,44.04,35.27,28.08,114.61,11.54,0.424,23.47
10,WiFi-AP-02,Access Point,2024-02-06 22:00:00,16.17,30.3,34.48,153.38,9.45,0.366,21.87
1,Core-Router-01,Router,2024-02-07 00:00:00,29.28,39.87,43.19,304.89,4.72,0.216,42.17
2,Core-Router-02,Router,2024-02-07 00:00:00,23.47,31.74,43.78,341.8,4.08,0.161,43.45
3,Dist-Switch-01,Switch,2024-02-07 00:00:00,25.5,34.31,35.55,193.1,1.6,0.064,30.97
4,Dist-Switch-02,Switch,2024-02-07 00:00:00,18.23,33.32,24.73,165.84,2.83,0.077,29.92
5,Edge-Firewall-01,Firewall,2024-02-07 00:00:00,57.72,42.0,43.73,538.11,6.67,0.272,51.64
6,App-Server-01,Server,2024-02-07 00:00:00,39.48,40.69,23.61,131.5,3.54,0.162,67.66
7,App-Server-02,Server,2024-02-07 00:00:00,41.17,49.7,24.7,162.18,4.12,0.093,68.77
8,DB-Server-01,Server,2024-02-07 00:00:00,41.12,52.46,27.74,119.86,2.23,0.088,66.28
9,WiFi-AP-01,Access Point,2024-02-07 00:00:00,21.47,26.13,21.43,102.59,10.13,0.388,22.12
10,WiFi-AP-02,Access Point,2024-02-07 00:00:00,16.21,28.12,32.37,105.62,8.7,0.455,20.29
1,Core-Router-01,Router,2024-02-07 02:00:00,28.98,32.77,41.31,330.52,4.83,0.205,42.96
2,Core-Router-02,Router,2024-02-07 02:00:00,28.19,38.46,47.15,349.78,4.86,0.208,42.17
3,Dist-Switch-01,Switch,2024-02-07 02:00:00,22.34,27.19,32.89,194.99,3.39,0.154,33.03
4,Dist-Switch-02,Switch,2024-02-07 02:00:00,19.32,32.94,57.55,195.15,4.09,0.097,32.45
5,Edge-Firewall-01,Firewall,2024-02-07 02:00:00,39.41,41.75,48.68,543.31,8.24,0.302,51.96
6,App-Server-01,Server,2024-02-07 02:00:00,42.52,45.2,24.66,131.51,4.18,0.159,65.94
7,App-Server-02,Server,2024-02-07 02:00:00,48.43,46.71,42.59,147.0,2.21,0.179,67.2
8,DB-Server-01,Server,2024-02-07 02:00:00,36.41,46.19,27.87,133.94,1.29,0.07,67.29
9,WiFi-AP-01,Access Point,2024-02-07 02:00:00,10.79,21.66,24.15,113.26,8.0,0.374,22.24
10,WiFi-AP-02,Access Point,2024-02-07 02:00:00,15.36,21.78,25.52,113.96,11.26,0.398,22.99
1,Core-Router-01,Router,2024-02-07 04:00:00,32.24,36.03,35.64,316.12,6.82,0.141,43.18
2,Core-Router-02,Router,2024-02-07 04:00:00,30.46,34.69,42.25,370.91,4.36,0.176,42.04
3,Dist-Switch-01,Switch,2024-02-07 04:00:00,13.87,25.08,30.52,203.6,2.88,0.135,32.5
4,Dist-Switch-02,Switch,2024-02-07 04:00:00,19.19,29.51,35.72,231.57,2.3,0.127,31.66
5,Edge-Firewall-01,Firewall,2024-02-07 04:00:00,39.46,45.26,49.21,514.2,6.63,0.308,50.64
6,App-Server-01,Server,2024-02-07 04:00:00,42.1,47.96,23.88,128.85,3.2,0.102,65.47
7,App-Server-02,Server,2024-02-07 04:00:00,39.17,46.08,33.03,115.46,4.07,0.127,65.51
8,DB-Server-01,Server,2024-02-07 04:00:00,38.13,43.06,37.71,169.99,2.55,0.185,65.86
9,WiFi-AP-01,Access Point,2024-02-07 04:00:00,9.55,30.09,25.86,101.1,8.64,0.331,20.48
10,WiFi-AP-02,Access Point,2024-02-07 04:00:00,16.09,24.8,30.65,110.84,10.24,0.371,21.74
1,Core-Router-01,Router,2024-02-07 06:00:00,37.59,49.48,51.88,435.53,5.4,0.189,43.28
2,Core-Router-02,Router,2024-02-07 06:00:00,38.33,48.44,52.22,450.05,5.34,0.141,43.3
3,Dist-Switch-01,Switch,2024-02-07 06:00:00,13.41,43.06,48.3,225.48,2.93,0.11,32.41
4,Dist-Switch-02,Switch,2024-02-07 06:00:00,19.98,41.38,48.74,250.76,2.44,0.078,32.74
5,Edge-Firewall-01,Firewall,2024-02-07 06:00:00,46.82,55.07,60.98,672.37,7.86,0.312,52.72
6,App-Server-01,Server,2024-02-07 06:00:00,53.44,56.88,41.72,203.52,3.11,0.114,66.32
7,App-Server-02,Server,2024-02-07 06:00:00,51.63,62.02,33.44,157.63,4.02,0.089,65.8
8,DB-Server-01,Server,2024-02-07 06:00:00,53.61,61.67,31.37,198.7,3.13,0.088,66.77
9,WiFi-AP-01,Access Point,2024-02-07 06:00:00,23.63,34.74,38.93,152.42,8.58,0.433,22.63
10,WiFi-AP-02,Access Point,2024-02-07 06:00:00,31.51,37.59,48.65,122.41,9.36,0.417,22.8
1,Core-Router-01,Router,2024-02-07 08:00:00,48.83,65.46,71.97,587.3,4.44,0.191,42.32
2,Core-Router-02,Router,2024-02-07 08:00:00,57.27,67.11,83.73,609.34,4.05,0.173,40.81
3,Dist-Switch-01,Switch,2024-02-07 08:00:00,33.61,54.35,57.8,342.86,3.14,0.073,31.32
4,Dist-Switch-02,Switch,2024-02-07 08:00:00,31.72,48.46,58.98,332.96,2.71,0.067,33.41
5,Edge-Firewall-01,Firewall,2024-02-07 08:00:00,66.99,75.93,74.72,977.53,6.7,0.354,53.52
6,App-Server-01,Server,2024-02-07 08:00:00,74.55,85.29,52.79,258.49,4.58,0.117,66.47
7,App-Server-02,Server,2024-02-07 08:00:00,68.42,84.02,47.41,205.25,2.35,0.156,67.09
8,DB-Server-01,Server,2024-02-07 08:00:00,74.97,83.76,38.63,237.78,4.04,0.147,67.6
9,WiFi-AP-01,Access Point,2024-02-07 08:00:00,23.24,48.13,56.8,174.02,12.47,0.394,21.27
10,WiFi-AP-02,Access Point,2024-02-07 08:00:00,30.86,45.81,46.87,158.31,10.76,0.408,23.55
1,Core-Router-01,Router,2024-02-07 10:00:00,65.83,84.75,92.69,741.97,4.12,0.252,42.4
2,Core-Router-02,Router,2024-02-07 10:00:00,72.39,77.85,88.28,737.76,5.55,0.189,43.17
3,Dist-Switch-01,Switch,2024-02-07 10:00:00,43.53,63.89,72.77,443.48,2.53,0.09,32.29
4,Dist-Switch-02,Switch,2024-02-07 10:00:00,41.9,66.71,71.18,433.72,3.27,0.107,31.5
5,Edge-Firewall-01,Firewall,2024-02-07 10:00:00,86.8,99.0,99.0,1211.41,7.4,0.476,52.43
6,App-Server-01,Server,2024-02-07 10:00:00,89.51,99.0,60.98,295.7,1.62,0.176,66.83
7,App-Server-02,Server,2024-02-07 10:00:00,90.87,99.0,56.67,313.55,2.21,0.111,67.05
8,DB-Server-01,Server,2024-02-07 10:00:00,93.29,99.0,57.19,328.77,4.49,0.109,66.84
9,WiFi-AP-01,Access Point,2024-02-07 10:00:00,35.58,59.17,61.58,240.88,7.95,0.442,21.8
10,WiFi-AP-02,Access Point,2024-02-07 10:00:00,42.75,58.45,69.74,223.71,10.95,0.447,22.68
1,Core-Router-01,Router,2024-02-07 12:00:00,69.49,84.59,97.43,786.86,5.03,0.185,43.09
2,Core-Router-02,Router,2024-02-07 12:00:00,74.84,85.58,89.87,830.76,3.42,0.197,42.5
3,Dist-Switch-01,Switch,2024-02-07 12:00:00,54.35,71.13,79.8,460.47,2.13,0.135,31.1
4,Dist-Switch-02,Switch,2024-02-07 12:00:00,50.85,70.39,84.25,474.9,0.63,0.134,30.53
5,Edge-Firewall-01,Firewall,2024-02-07 12:00:00,85.22,99.0,99.0,1264.05,7.07,0.379,51.64
6,App-Server-01,Server,2024-02-07 12:00:00,93.72,99.0,57.71,284.21,5.14,0.102,67.02
7,App-Server-02,Server,2024-02-07 12:00:00,92.47,99.0,61.06,262.92,2.43,0.11,66.68
8,DB-Server-01,Server,2024-02-07 12:00:00,94.8,99.0,60.02,312.69,1.35,0.195,66.95
9,WiFi-AP-01,Access Point,2024-02-07 12:00:00,40.29,66.37,70.42,215.11,8.06,0.465,22.27
10,WiFi-AP-02,Access Point,2024-02-07 12:00:00,45.6,63.89,88.73,221.39,9.15,0.457,22.97
1,Core-Router-01,Router,2024-02-07 14:00:00,76.49,87.11,96.51,780.66,3.29,0.266,39.53
2,Core-Router-02,Router,2024-02-07 14:00:00,64.35,93.02,95.68,774.1,5.68,0.203,40.52
3,Dist-Switch-01,Switch,2024-02-07 14:00:00,63.33,74.32,75.58,483.61,3.42,0.192,31.51
4,Dist-Switch-02,Switch,2024-02-07 14:00:00,48.84,66.32,77.01,498.86,1.3,0.149,32.98
5,Edge-Firewall-01,Firewall,2024-02-07 14:00:00,89.41,99.0,99.0,1295.15,8.29,0.411,51.16
6,App-Server-01,Server,2024-02-07 14:00:00,87.92,99.0,92.98,314.15,3.89,0.111,66.76
7,App-Server-02,Server,2024-02-07 14:00:00,99.0,99.0,61.98,281.25,3.69,0.137,67.0
8,DB-Server-01,Server,2024-02-07 14:00:00,94.33,99.0,63.14,317.83,4.18,0.173,67.5
9,WiFi-AP-01,Access Point,2024-02-07 14:00:00,44.92,66.29,74.17,268.09,8.69,0.469,21.03
10,WiFi-AP-02,Access Point,2024-02-07 14:00:00,38.63,65.79,66.12,249.04,9.41,0.433,22.05
1,Core-Router-01,Router,2024-02-07 16:00:00,74.32,80.48,89.73,729.53,4.28,0.229,42.09
2,Core-Router-02,Router,2024-02-07 16:00:00,69.3,84.68,86.36,761.25,5.11,0.172,40.61
3,Dist-Switch-01,Switch,2024-02-07 16:00:00,45.68,68.15,75.62,458.66,2.69,0.128,31.63
4,Dist-Switch-02,Switch,2024-02-07 16:00:00,47.13,66.79,79.91,452.46,0.5,0.116,31.73
5,Edge-Firewall-01,Firewall,2024-02-07 16:00:00,75.54,96.89,98.81,1216.81,7.96,0.397,52.66
6,App-Server-01,Server,2024-02-07 16:00:00,91.97,99.0,53.86,283.59,2.14,0.133,65.17
7,App-Server-02,Server,2024-02-07 16:00:00,89.94,99.0,65.27,305.09,3.54,0.121,65.62
8,DB-Server-01,Server,2024-02-07 16:00:00,88.83,99.0,63.96,291.83,2.14,0.147,66.71
9,WiFi-AP-01,Access Point,2024-02-07 16:00:00,38.1,64.51,68.22,237.6,9.22,0.416,21.99
10,WiFi-AP-02,Access Point,2024-02-07 16:00:00,36.99,60.02,68.23,234.95,11.17,0.524,22.96
1,Core-Router-01,Router,2024-02-07 18:00:00,47.24,67.02,83.88,600.02,5.18,0.163,42.52
2,Core-Router-02,Router,2024-02-07 18:00:00,55.53,64.07,71.53,578.51,4.88,0.176,41.99
3,Dist-Switch-01,Switch,2024-02-07 18:00:00,33.21,53.44,60.13,362.09,2.27,0.075,31.06
4,Dist-Switch-02,Switch,2024-02-07 18:00:00,36.38,53.54,65.21,383.54,0.63,0.099,32.67
5,Edge-Firewall-01,Firewall,2024-02-07 18:00:00,60.71,79.85,88.6,942.41,7.76,0.331,52.42
6,App-Server-01,Server,2024-02-07 18:00:00,68.15,87.59,55.27,266.82,3.55,0.115,67.71
7,App-Server-02,Server,2024-02-07 18:00:00,67.91,84.47,77.06,245.07,2.16,0.109,66.98
8,DB-Server-01,Server,2024-02-07 18:00:00,69.2,84.94,45.0,260.35,4.56,0.099,67.77
9,WiFi-AP-01,Access Point,2024-02-07 18:00:00,29.19,45.26,51.95,181.97,8.21,0.419,21.94
10,WiFi-AP-02,Access Point,2024-02-07 18:00:00,34.05,49.89,54.68,173.15,11.52,0.511,21.51
1,Core-Router-01,Router,2024-02-07 20:00:00,58.25,63.98,69.17,593.15,5.68,0.212,43.4
2,Core-Router-02,Router,2024-02-07 20:00:00,57.83,68.08,70.64,617.46,2.08,0.18,42.01
3,Dist-Switch-01,Switch,2024-02-07 20:00:00,55.26,55.3,63.04,323.45,0.81,0.167,31.66
4,Dist-Switch-02,Switch,2024-02-07 20:00:00,39.96,57.46,62.06,380.87,0.5,0.082,28.77
5,Edge-Firewall-01,Firewall,2024-02-07 20:00:00,59.11,76.48,80.8,962.23,7.98,0.325,52.02
6,App-Server-01,Server,2024-02-07 20:00:00,73.44,81.25,44.45,239.61,2.98,0.141,67.93
7,App-Server-02,Server,2024-02-07 20:00:00,75.0,81.54,47.03,280.54,3.16,0.107,66.24
8,DB-Server-01,Server,2024-02-07 20:00:00,70.85,88.66,48.64,238.93,3.01,0.213,66.89
9,WiFi-AP-01,Access Point,2024-02-07 20:00:00,48.97,46.1,57.98,151.69,10.45,0.416,19.99
10,WiFi-AP-02,Access Point,2024-02-07 20:00:00,26.12,48.15,61.05,198.53,9.71,0.427,21.49
1,Core-Router-01,Router,2024-02-07 22:00:00,33.46,48.13,44.91,452.83,5.81,0.177,42.0
2,Core-Router-02,Router,2024-02-07 22:00:00,39.87,50.69,46.21,448.99,3.68,0.179,42.91
3,Dist-Switch-01,Switch,2024-02-07 22:00:00,23.54,42.99,35.83,284.19,3.44,0.079,31.65
4,Dist-Switch-02,Switch,2024-02-07 22:00:00,27.47,37.52,56.82,250.47,3.32,0.101,33.45
5,Edge-Firewall-01,Firewall,2024-02-07 22:00:00,56.12,57.97,62.61,680.07,6.92,0.327,53.31
6,App-Server-01,Server,2024-02-07 22:00:00,50.25,67.8,31.91,179.39,3.23,0.08,64.81
7,App-Server-02,Server,2024-02-07 22:00:00,49.96,61.78,34.48,187.52,3.76,0.087,65.89
8,DB-Server-01,Server,2024-02-07 22:00:00,58.63,57.11,31.98,157.8,3.75,0.145,66.68
9,WiFi-AP-01,Access Point,2024-02-07 22:00:00,22.77,36.25,48.35,95.63,10.74,0.387,21.48
10,WiFi-AP-02,Access Point,2024-02-07 22:00:00,23.15,37.18,42.25,174.27,10.13,0.371,21.67
1,Core-Router-01,Router,2024-02-08 00:00:00,31.78,36.04,39.49,328.86,4.87,0.162,42.32
2,Core-Router-02,Router,2024-02-08 00:00:00,28.42,37.98,39.97,320.77,6.56,0.134,42.52
3,Dist-Switch-01,Switch,2024-02-08 00:00:00,16.91,23.49,30.02,154.35,1.76,0.132,30.99
4,Dist-Switch-02,Switch,2024-02-08 00:00:00,11.29,34.07,30.47,196.79,2.79,0.082,32.65
5,Edge-Firewall-01,Firewall,2024-02-08 00:00:00,39.74,37.47,38.92,549.02,7.22,0.313,50.64
6,App-Server-01,Server,2024-02-08 00:00:00,37.8,44.94,21.59,110.34,3.32,0.109,66.29
7,App-Server-02,Server,2024-02-08 00:00:00,30.67,51.8,30.99,121.5,2.1,0.066,66.88
8,DB-Server-01,Server,2024-02-08 00:00:00,34.32,38.34,23.65,100.13,3.17,0.076,65.93
9,WiFi-AP-01,Access Point,2024-02-08 00:00:00,14.29,31.57,33.44,89.5,12.29,0.403,21.09
10,WiFi-AP-02,Access Point,2024-02-08 00:00:00,15.98,21.69,38.52,102.21,9.21,0.37,22.05
1,Core-Router-01,Router,2024-02-08 02:00:00,28.35,32.51,32.24,372.24,3.65,0.213,41.06
2,Core-Router-02,Router,2024-02-08 02:00:00,32.73,37.53,42.75,343.14,3.39,0.167,40.53
3,Dist-Switch-01,Switch,2024-02-08 02:00:00,20.47,25.59,22.94,192.35,0.5,0.073,30.64
4,Dist-Switch-02,Switch,2024-02-08 02:00:00,16.35,22.72,41.1,167.84,1.64,0.148,31.06
5,Edge-Firewall-01,Firewall,2024-02-08 02:00:00,43.14,43.6,42.37,524.92,7.44,0.291,52.64
6,App-Server-01,Server,2024-02-08 02:00:00,38.1,46.65,27.46,124.88,2.26,0.095,67.6
7,App-Server-02,Server,2024-02-08 02:00:00,42.55,42.58,24.98,116.34,3.8,0.095,69.1
8,DB-Server-01,Server,2024-02-08 02:00:00,40.29,49.54,21.21,131.63,3.62,0.122,66.92
9,WiFi-AP-01,Access Point,2024-02-08 02:00:00,20.63,25.3,25.31,134.61,8.83,0.37,21.19
10,WiFi-AP-02,Access Point,2024-02-08 02:00:00,12.68,28.5,47.13,106.67,7.74,0.363,21.18
1,Core-Router-01,Router,2024-02-08 04:00:00,22.05,41.79,42.43,333.05,6.25,0.134,41.1
2,Core-Router-02,Router,2024-02-08 04:00:00,28.87,34.1,36.92,303.35,4.03,0.174,42.23
3,Dist-Switch-01,Switch,2024-02-08 04:00:00,17.7,26.48,30.82,163.42,2.13,0.106,34.27
4,Dist-Switch-02,Switch,2024-02-08 04:00:00,15.3,32.28,29.31,174.53,0.87,0.065,30.97
5,Edge-Firewall-01,Firewall,2024-02-08 04:00:00,33.71,41.38,42.29,509.35,5.57,0.272,51.97
6,App-Server-01,Server,2024-02-08 04:00:00,36.23,47.07,33.26,131.87,4.33,0.18,69.43
7,App-Server-02,Server,2024-02-08 04:00:00,34.67,42.44,24.06,133.97,4.59,0.099,65.7
8,DB-Server-01,Server,2024-02-08 04:00:00,36.97,45.86,18.83,131.67,1.81,0.151,65.95
9,WiFi-AP-01,Access Point,2024-02-08 04:00:00,18.07,27.49,30.05,118.38,10.89,0.364,21.97
10,WiFi-AP-02,Access Point,2024-02-08 04:00:00,16.94,25.84,18.69,121.26,10.4,0.412,23.33
1,Core-Router-01,Router,2024-02-08 06:00:00,37.06,47.86,57.68,442.4,6.34,0.155,43.59
2,Core-Router-02,Router,2024-02-08 06:00:00,36.31,52.13,41.23,416.0,5.3,0.156,41.83
3,Dist-Switch-01,Switch,2024-02-08 06:00:00,26.45,35.85,38.22,267.44,1.33,0.13,31.71
4,Dist-Switch-02,Switch,2024-02-08 06:00:00,29.16,40.75,40.79,223.19,3.18,0.114,31.5
5,Edge-Firewall-01,Firewall,2024-02-08 06:00:00,47.58,56.79,66.13,700.92,7.87,0.346,52.5
6,App-Server-01,Server,2024-02-08 06:00:00,49.62,57.88,30.92,174.22,1.75,0.079,66.77
7,App-Server-02,Server,2024-02-08 06:00:00,42.39,57.1,20.61,168.32,4.07,0.166,65.58
8,DB-Server-01,Server,2024-02-08 06:00:00,51.91,58.13,29.7,186.03,2.51,0.15,64.81
9,WiFi-AP-01,Access Point,2024-02-08 06:00:00,30.73,38.42,57.49,133.16,9.51,0.418,21.05
10,WiFi-AP-02,Access Point,2024-02-08 06:00:00,19.73,36.41,46.69,146.23,11.23,0.375,21.28
1,Core-Router-01,Router,2024-02-08 08:00:00,46.45,66.46,74.17,596.25,4.22,0.209,42.53
2,Core-Router-02,Router,2024-02-08 08:00:00,59.45,63.39,68.73,626.31,4.95,0.188,41.4
3,Dist-Switch-01,Switch,2024-02-08 08:00:00,36.09,57.21,59.42,377.16,2.47,0.112,31.02
4,Dist-Switch-02,Switch,2024-02-08 08:00:00,34.33,50.19,57.65,391.62,1.97,0.105,33.82
5,Edge-Firewall-01,Firewall,2024-02-08 08:00:00,62.53,75.41,90.46,976.83,7.87,0.367,52.2
6,App-Server-01,Server,2024-02-08 08:00:00,67.53,77.12,45.34,262.6,2.57,0.107,67.08
7,App-Server-02,Server,2024-02-08 08:00:00,65.5,83.1,49.97,225.16,2.64,0.102,66.97
8,DB-Server-01,Server,2024-02-08 08:00:00,76.46,85.47,43.4,231.35,3.02,0.155,66.43
9,WiFi-AP-01,Access Point,2024-02-08 08:00:00,23.18,49.5,50.42,154.97,10.02,0.418,21.33
10,WiFi-AP-02,Access Point,2024-02-08 08:00:00,32.1,50.23,58.16,166.03,8.88,0.446,22.69
1,Core-Router-01,Router,2024-02-08 10:00:00,70.42,79.94,99.0,731.29,6.0,0.246,42.01
2,Core-Router-02,Router,2024-02-08 10:00:00,64.67,80.57,89.03,774.43,3.8,0.257,42.26
3,Dist-Switch-01,Switch,2024-02-08 10:00:00,77.21,73.66,68.37,448.99,3.16,0.08,31.7
4,Dist-Switch-02,Switch,2024-02-08 10:00:00,48.33,65.95,79.54,426.62,0.5,0.088,29.34
5,Edge-Firewall-01,Firewall,2024-02-08 10:00:00,83.15,92.67,99.0,1208.21,7.93,0.388,52.1
6,App-Server-01,Server,2024-02-08 10:00:00,89.17,99.0,62.19,316.56,4.07,0.128,68.96
7,App-Server-02,Server,2024-02-08 10:00:00,91.0,99.0,56.98,296.0,2.27,0.129,65.99
8,DB-Server-01,Server,2024-02-08 10:00:00,90.63,99.0,60.98,283.21,3.7,0.1,64.03
9,WiFi-AP-01,Access Point,2024-02-08 10:00:00,33.71,64.43,75.17,236.37,10.78,0.44,21.64
10,WiFi-AP-02,Access Point,2024-02-08 10:00:00,42.58,61.5,68.08,222.11,11.17,0.484,22.55
1,Core-Router-01,Router,2024-02-08 12:00:00,72.12,86.76,99.0,776.4,4.11,0.245,43.14
2,Core-Router-02,Router,2024-02-08 12:00:00,68.98,89.04,95.18,856.39,5.44,0.262,43.08
3,Dist-Switch-01,Switch,2024-02-08 12:00:00,46.36,71.26,76.48,482.97,2.18,0.105,31.39
4,Dist-Switch-02,Switch,2024-02-08 12:00:00,48.31,64.83,72.64,512.46,2.33,0.1,30.2
5,Edge-Firewall-01,Firewall,2024-02-08 12:00:00,87.6,99.0,99.0,1315.34,7.11,0.4,50.43
6,App-Server-01,Server,2024-02-08 12:00:00,92.45,99.0,62.04,360.47,1.68,0.098,64.84
7,App-Server-02,Server,2024-02-08 12:00:00,97.14,99.0,69.39,313.55,1.6,0.204,65.92
8,DB-Server-01,Server,2024-02-08 12:00:00,96.77,99.0,61.38,337.89,1.86,0.245,67.18
9,WiFi-AP-01,Access Point,2024-02-08 12:00:00,45.08,67.77,65.36,228.64,10.72,0.467,22.01
10,WiFi-AP-02,Access Point,2024-02-08 12:00:00,37.06,60.61,67.38,258.65,10.01,0.475,22.42
1,Core-Router-01,Router,2024-02-08 14:00:00,96.56,90.28,99.0,796.03,8.01,0.184,39.93
2,Core-Router-02,Router,2024-02-08 14:00:00,72.93,84.88,99.0,812.95,4.81,0.217,42.05
3,Dist-Switch-01,Switch,2024-02-08 14:00:00,45.34,97.07,82.62,537.78,1.55,0.088,31.75
4,Dist-Switch-02,Switch,2024-02-08 14:00:00,47.46,74.94,78.46,518.51,2.58,0.098,31.16
5,Edge-Firewall-01,Firewall,2024-02-08 14:00:00,91.99,99.0,99.0,1265.53,7.94,0.416,53.26
6,App-Server-01,Server,2024-02-08 14:00:00,98.68,99.0,62.93,321.22,2.99,0.147,65.0
7,App-Server-02,Server,2024-02-08 14:00:00,92.62,99.0,60.19,335.76,2.77,0.19,66.34
8,DB-Server-01,Server,2024-02-08 14:00:00,96.38,99.0,66.07,340.69,3.61,0.2,67.4
9,WiFi-AP-01,Access Point,2024-02-08 14:00:00,35.88,62.95,75.31,217.14,11.16,0.425,24.07
10,WiFi-AP-02,Access Point,2024-02-08 14:00:00,40.2,68.99,77.85,227.31,8.7,0.426,21.32
1,Core-Router-01,Router,2024-02-08 16:00:00,74.07,82.07,88.84,724.89,5.42,0.233,42.34
2,Core-Router-02,Router,2024-02-08 16:00:00,70.07,80.56,95.12,747.31,3.53,0.247,40.98
3,Dist-Switch-01,Switch,2024-02-08 16:00:00,47.2,69.03,77.23,459.12,1.03,0.158,32.86
4,Dist-Switch-02,Switch,2024-02-08 16:00:00,47.07,63.75,70.39,464.84,0.5,0.09,30.57
5,Edge-Firewall-01,Firewall,2024-02-08 16:00:00,79.34,93.63,99.0,1226.83,8.35,0.382,52.07
6,App-Server-01,Server,2024-02-08 16:00:00,93.07,99.0,46.65,319.25,3.8,0.115,64.93
7,App-Server-02,Server,2024-02-08 16:00:00,91.31,99.0,58.02,304.86,4.07,0.216,67.05
8,DB-Server-01,Server,2024-02-08 16:00:00,99.5,99.0,57.72,298.4,4.18,0.137,68.83
9,WiFi-AP-01,Access Point,2024-02-08 16:00:00,31.68,56.25,73.26,254.82,10.03,0.618,21.16
10,WiFi-AP-02,Access Point,2024-02-08 16:00:00,38.98,57.53,68.68,263.81,11.43,0.457,21.84
1,Core-Router-01,Router,2024-02-08 18:00:00,52.22,68.52,72.4,603.44,3.45,0.188,42.65
2,Core-Router-02,Router,2024-02-08 18:00:00,49.8,67.04,74.33,611.67,5.56,0.181,41.28
3,Dist-Switch-01,Switch,2024-02-08 18:00:00,30.26,51.58,63.87,337.33,0.96,0.117,30.05
4,Dist-Switch-02,Switch,2024-02-08 18:00:00,31.55,57.2,56.64,326.37,1.49,0.091,30.07
5,Edge-Firewall-01,Firewall,2024-02-08 18:00:00,70.06,73.97,82.34,955.43,7.44,0.343,52.68
6,App-Server-01,Server,2024-02-08 18:00:00,72.11,82.5,50.47,245.05,2.33,0.088,66.15
7,App-Server-02,Server,2024-02-08 18:00:00,68.81,86.73,50.41,256.31,3.64,0.129,67.9
8,DB-Server-01,Server,2024-02-08 18:00:00,71.08,87.1,47.55,247.16,3.34,0.126,65.27
9,WiFi-AP-01,Access Point,2024-02-08 18:00:00,23.81,50.2,55.98,165.16,10.36,0.442,25.16
10,WiFi-AP-02,Access Point,2024-02-08 18:00:00,35.36,50.05,54.58,168.3,8.69,0.412,21.04
1,Core-Router-01,Router,2024-02-08 20:00:00,51.0,62.0,73.52,594.71,5.54,0.174,42.13
2,Core-Router-02,Router,2024-02-08 20:00:00,64.84,68.72,65.97,611.42,4.95,0.232,40.48
3,Dist-Switch-01,Switch,2024-02-08 20:00:00,37.95,56.3,54.99,380.75,2.28,0.129,32.99
4,Dist-Switch-02,Switch,2024-02-08 20:00:00,35.5,59.11,54.6,409.16,1.12,0.07,31.33
5,Edge-Firewall-01,Firewall,2024-02-08 20:00:00,64.74,87.06,82.0,980.62,7.76,0.376,51.36
6,App-Server-01,Server,2024-02-08 20:00:00,73.29,86.2,44.57,296.05,3.68,0.098,66.2
7,App-Server-02,Server,2024-02-08 20:00:00,72.64,80.67,57.09,249.53,2.91,0.139,66.18
8,DB-Server-01,Server,2024-02-08 20:00:00,67.65,83.92,48.82,251.51,1.52,0.107,63.82
9,WiFi-AP-01,Access Point,2024-02-08 20:00:00,25.38,50.33,59.01,157.83,9.68,0.377,22.98
10,WiFi-AP-02,Access Point,2024-02-08 20:00:00,36.23,48.64,52.9,151.8,10.11,0.512,23.19
1,Core-Router-01,Router,2024-02-08 22:00:00,40.12,49.09,49.12,430.86,5.15,0.148,42.91
2,Core-Router-02,Router,2024-02-08 22:00:00,43.27,49.74,47.56,418.77,4.11,0.155,39.87
3,Dist-Switch-01,Switch,2024-02-08 22:00:00,26.25,43.65,76.51,255.79,1.3,0.103,32.21
4,Dist-Switch-02,Switch,2024-02-08 22:00:00,25.29,37.65,44.18,256.74,2.78,0.125,30.53
5,Edge-Firewall-01,Firewall,2024-02-08 22:00:00,43.28,78.89,62.15,678.17,8.98,0.304,54.1
6,App-Server-01,Server,2024-02-08 22:00:00,51.62,64.65,27.8,203.12,3.94,0.156,68.01
7,App-Server-02,Server,2024-02-08 22:00:00,52.16,57.81,32.03,139.98,2.08,0.097,66.85
8,DB-Server-01,Server,2024-02-08 22:00:00,51.67,58.94,26.18,178.84,3.38,0.125,66.37
9,WiFi-AP-01,Access Point,2024-02-08 22:00:00,28.07,38.52,32.0,129.71,11.45,0.395,21.63
10,WiFi-AP-02,Access Point,2024-02-08 22:00:00,26.27,38.0,44.1,126.16,10.66,0.454,21.85
1,Core-Router-01,Router,2024-02-09 00:00:00,28.02,39.91,49.74,371.55,4.63,0.142,40.92
2,Core-Router-02,Router,2024-02-09 00:00:00,30.1,33.0,36.88,343.27,5.39,0.221,43.52
3,Dist-Switch-01,Switch,2024-02-09 00:00:00,15.41,26.75,26.73,184.32,1.1,0.101,29.49
4,Dist-Switch-02,Switch,2024-02-09 00:00:00,20.27,30.33,44.15,207.28,1.5,0.12,31.85
5,Edge-Firewall-01,Firewall,2024-02-09 00:00:00,38.01,41.29,46.4,564.75,7.62,0.37,52.82
6,App-Server-01,Server,2024-02-09 00:00:00,40.77,40.97,28.48,111.74,3.44,0.166,66.77
7,App-Server-02,Server,2024-02-09 00:00:00,43.84,42.41,18.74,172.05,3.31,0.104,68.1
8,DB-Server-01,Server,2024-02-09 00:00:00,37.4,48.57,29.71,105.8,4.51,0.134,65.67
9,WiFi-AP-01,Access Point,2024-02-09 00:00:00,17.26,25.65,36.72,70.56,13.6,0.361,22.69
10,WiFi-AP-02,Access Point,2024-02-09 00:00:00,22.01,25.75,29.06,88.72,9.11,0.38,21.81
1,Core-Router-01,Router,2024-02-09 02:00:00,27.6,34.86,42.39,313.3,4.75,0.173,42.2
2,Core-Router-02,Router,2024-02-09 02:00:00,25.43,36.15,41.7,349.04,4.24,0.153,41.25
3,Dist-Switch-01,Switch,2024-02-09 02:00:00,17.17,30.85,35.9,218.57,1.91,0.129,32.62
4,Dist-Switch-02,Switch,2024-02-09 02:00:00,20.39,29.81,26.51,193.63,0.81,0.084,31.52
5,Edge-Firewall-01,Firewall,2024-02-09 02:00:00,34.14,38.19,51.23,521.63,8.09,0.305,50.3
6,App-Server-01,Server,2024-02-09 02:00:00,37.38,44.98,27.8,124.6,2.28,0.144,67.0
7,App-Server-02,Server,2024-02-09 02:00:00,36.32,50.06,27.09,142.94,2.75,0.078,66.06
8,DB-Server-01,Server,2024-02-09 02:00:00,34.8,71.59,29.19,92.78,2.5,0.16,67.43
9,WiFi-AP-01,Access Point,2024-02-09 02:00:00,22.61,24.44,27.34,118.11,10.62,0.373,20.69
10,WiFi-AP-02,Access Point,2024-02-09 02:00:00,21.09,33.87,21.77,126.85,9.53,0.38,22.22
1,Core-Router-01,Router,2024-02-09 04:00:00,24.81,36.11,31.45,338.77,7.23,0.157,41.78
2,Core-Router-02,Router,2024-02-09 04:00:00,29.15,39.18,41.54,347.66,4.49,0.151,38.58
3,Dist-Switch-01,Switch,2024-02-09 04:00:00,22.42,25.98,31.29,212.46,0.5,0.116,31.83
4,Dist-Switch-02,Switch,2024-02-09 04:00:00,25.57,26.92,23.86,196.97,2.59,0.096,30.81
5,Edge-Firewall-01,Firewall,2024-02-09 04:00:00,29.72,41.87,48.68,536.12,9.57,0.278,50.11
6,App-Server-01,Server,2024-02-09 04:00:00,44.3,46.68,27.75,147.04,4.26,0.073,68.13
7,App-Server-02,Server,2024-02-09 04:00:00,41.72,44.13,25.17,144.03,2.29,0.115,67.11
8,DB-Server-01,Server,2024-02-09 04:00:00,41.04,50.42,28.12,133.13,2.92,0.077,67.26
9,WiFi-AP-01,Access Point,2024-02-09 04:00:00,21.92,24.5,26.2,124.48,9.43,0.377,21.36
10,WiFi-AP-02,Access Point,2024-02-09 04:00:00,9.74,26.93,35.21,97.53,8.52,0.335,21.19
1,Core-Router-01,Router,2024-02-09 06:00:00,29.03,48.05,55.27,462.55,6.76,0.162,42.88
2,Core-Router-02,Router,2024-02-09 06:00:00,34.37,53.16,59.02,431.66,5.68,0.163,43.42
3,Dist-Switch-01,Switch,2024-02-09 06:00:00,25.74,37.27,41.45,281.34,0.5,0.213,32.84
4,Dist-Switch-02,Switch,2024-02-09 06:00:00,27.44,39.57,37.37,229.2,1.37,0.082,31.36
5,Edge-Firewall-01,Firewall,2024-02-09 06:00:00,51.89,54.21,58.86,716.46,7.62,0.32,51.31
6,App-Server-01,Server,2024-02-09 06:00:00,49.36,62.52,37.54,180.14,2.38,0.085,68.55
7,App-Server-02,Server,2024-02-09 06:00:00,47.0,67.12,35.62,172.0,3.95,0.177,68.33
8,DB-Server-01,Server,2024-02-09 06:00:00,60.11,64.72,24.61,190.88,4.65,0.157,65.54
9,WiFi-AP-01,Access Point,2024-02-09 06:00:00,26.02,40.51,39.66,102.65,10.83,0.431,21.81
10,WiFi-AP-02,Access Point,2024-02-09 06:00:00,17.19,38.07,35.67,139.65,11.56,0.435,22.86
1,Core-Router-01,Router,2024-02-09 08:00:00,53.5,65.86,75.01,588.2,3.82,0.243,43.18
2,Core-Router-02,Router,2024-02-09 08:00:00,52.84,68.11,70.01,580.39,5.65,0.169,41.71
3,Dist-Switch-01,Switch,2024-02-09 08:00:00,37.43,51.44,65.67,388.02,2.76,0.087,32.01
4,Dist-Switch-02,Switch,2024-02-09 08:00:00,42.49,58.17,70.33,346.56,1.13,0.078,32.36
5,Edge-Firewall-01,Firewall,2024-02-09 08:00:00,65.83,77.3,90.84,963.99,6.78,0.387,52.2
6,App-Server-01,Server,2024-02-09 08:00:00,84.45,81.58,46.72,289.55,2.52,0.115,68.83
7,App-Server-02,Server,2024-02-09 08:00:00,68.63,83.58,45.87,211.09,4.57,0.114,66.07
8,DB-Server-01,Server,2024-02-09 08:00:00,70.66,87.29,48.85,225.62,3.41,0.126,66.93
9,WiFi-AP-01,Access Point,2024-02-09 08:00:00,29.24,51.34,53.43,213.25,9.24,0.427,21.05
10,WiFi-AP-02,Access Point,2024-02-09 08:00:00,29.23,48.3,47.7,183.02,10.57,0.461,21.43
1,Core-Router-01,Router,2024-02-09 10:00:00,70.18,79.73,88.96,776.29,6.8,0.192,41.78
2,Core-Router-02,Router,2024-02-09 10:00:00,65.9,85.73,96.21,731.4,5.91,0.196,41.09
3,Dist-Switch-01,Switch,2024-02-09 10:00:00,44.66,70.88,77.0,458.37,2.35,0.096,31.84
4,Dist-Switch-02,Switch,2024-02-09 10:00:00,47.8,65.93,78.71,469.86,2.7,0.111,32.41
5,Edge-Firewall-01,Firewall,2024-02-09 10:00:00,87.69,91.27,99.0,1246.76,7.38,0.412,53.24
6,App-Server-01,Server,2024-02-09 10:00:00,86.84,99.0,61.21,285.83,3.88,0.133,67.31
7,App-Server-02,Server,2024-02-09 10:00:00,91.68,99.0,81.6,291.22,1.74,0.138,66.3
8,DB-Server-01,Server,2024-02-09 10:00:00,89.2,99.0,63.76,288.88,2.96,0.096,67.13
9,WiFi-AP-01,Access Point,2024-02-09 10:00:00,40.37,59.63,64.2,189.17,10.1,0.429,21.24
10,WiFi-AP-02,Access Point,2024-02-09 10:00:00,37.98,62.93,73.47,195.66,9.64,0.462,23.55
1,Core-Router-01,Router,2024-02-09 12:00:00,68.75,92.16,89.28,823.23,4.72,0.247,41.49
2,Core-Router-02,Router,2024-02-09 12:00:00,70.78,87.63,88.35,765.01,5.51,0.22,42.56
3,Dist-Switch-01,Switch,2024-02-09 12:00:00,43.0,73.46,75.08,488.31,3.13,0.09,33.42
4,Dist-Switch-02,Switch,2024-02-09 12:00:00,47.42,71.37,80.36,453.3,1.6,0.089,31.67
5,Edge-Firewall-01,Firewall,2024-02-09 12:00:00,89.1,99.0,99.0,1303.06,5.99,0.409,51.58
6,App-Server-01,Server,2024-02-09 12:00:00,96.67,99.0,63.36,332.61,3.06,0.104,66.72
7,App-Server-02,Server,2024-02-09 12:00:00,98.84,99.0,58.36,321.59,3.19,0.191,66.94
8,DB-Server-01,Server,2024-02-09 12:00:00,91.12,99.0,55.0,358.61,2.66,0.139,66.67
9,WiFi-AP-01,Access Point,2024-02-09 12:00:00,42.24,66.69,70.65,211.3,8.79,0.441,22.94
10,WiFi-AP-02,Access Point,2024-02-09 12:00:00,44.48,64.53,76.86,278.33,11.19,0.48,21.14
1,Core-Router-01,Router,2024-02-09 14:00:00,75.87,89.41,99.0,825.48,5.36,0.181,40.88
2,Core-Router-02,Router,2024-02-09 14:00:00,94.83,99.5,97.42,805.14,5.96,0.214,41.89
3,Dist-Switch-01,Switch,2024-02-09 14:00:00,44.63,73.17,91.26,486.58,1.7,0.099,32.55
4,Dist-Switch-02,Switch,2024-02-09 14:00:00,50.35,76.14,81.96,506.66,2.23,0.151,33.16
5,Edge-Firewall-01,Firewall,2024-02-09 14:00:00,91.72,99.0,99.0,1301.95,7.15,0.396,51.69
6,App-Server-01,Server,2024-02-09 14:00:00,99.0,99.0,74.18,304.9,4.1,0.17,65.36
7,App-Server-02,Server,2024-02-09 14:00:00,94.44,99.0,59.06,319.77,4.19,0.14,69.17
8,DB-Server-01,Server,2024-02-09 14:00:00,96.04,99.0,58.55,312.74,1.9,0.188,68.91
9,WiFi-AP-01,Access Point,2024-02-09 14:00:00,40.21,71.8,67.83,231.5,9.22,0.453,22.82
10,WiFi-AP-02,Access Point,2024-02-09 14:00:00,42.28,66.65,78.73,262.23,8.99,0.453,22.07
1,Core-Router-01,Router,2024-02-09 16:00:00,82.82,85.32,91.08,768.0,4.4,0.196,42.9
2,Core-Router-02,Router,2024-02-09 16:00:00,92.16,80.73,90.15,748.14,3.64,0.196,40.56
3,Dist-Switch-01,Switch,2024-02-09 16:00:00,40.32,64.48,80.22,482.5,0.5,0.149,30.82
4,Dist-Switch-02,Switch,2024-02-09 16:00:00,48.26,68.68,78.63,429.4,0.5,0.114,32.38
5,Edge-Firewall-01,Firewall,2024-02-09 16:00:00,90.83,95.0,99.0,1192.27,7.98,0.478,53.45
6,App-Server-01,Server,2024-02-09 16:00:00,90.64,99.0,83.59,305.63,4.13,0.102,67.12
7,App-Server-02,Server,2024-02-09 16:00:00,87.37,99.0,55.3,287.05,4.25,0.184,65.7
8,DB-Server-01,Server,2024-02-09 16:00:00,92.12,99.0,67.35,304.51,2.99,0.133,65.42
9,WiFi-AP-01,Access Point,2024-02-09 16:00:00,40.77,61.42,69.8,214.37,9.85,0.462,22.93
10,WiFi-AP-02,Access Point,2024-02-09 16:00:00,33.01,58.46,60.96,230.38,10.88,0.413,21.29
1,Core-Router-01,Router,2024-02-09 18:00:00,52.99,73.32,78.39,618.24,5.32,0.154,41.04
2,Core-Router-02,Router,2024-02-09 18:00:00,50.08,64.7,67.67,591.47,4.9,0.151,41.33
3,Dist-Switch-01,Switch,2024-02-09 18:00:00,38.2,53.76,61.44,347.28,2.69,0.096,33.56
4,Dist-Switch-02,Switch,2024-02-09 18:00:00,35.32,54.04,63.33,378.41,2.92,0.156,32.61
5,Edge-Firewall-01,Firewall,2024-02-09 18:00:00,66.13,76.88,83.84,995.48,6.61,0.373,51.73
6,App-Server-01,Server,2024-02-09 18:00:00,69.11,83.28,57.32,235.49,3.41,0.167,65.85
7,App-Server-02,Server,2024-02-09 18:00:00,76.17,89.51,49.4,235.33,3.5,0.218,67.18
8,DB-Server-01,Server,2024-02-09 18:00:00,68.25,86.89,37.33,228.88,2.96,0.122,66.57
9,WiFi-AP-01,Access Point,2024-02-09 18:00:00,33.8,48.22,49.67,199.9,10.25,0.416,21.06
10,WiFi-AP-02,Access Point,2024-02-09 18:00:00,19.99,45.57,49.29,168.82,9.16,0.366,22.83
1,Core-Router-01,Router,2024-02-09 20:00:00,58.63,68.91,67.95,604.8,6.57,0.238,43.3
2,Core-Router-02,Router,2024-02-09 20:00:00,50.34,67.28,74.5,607.42,7.23,0.165,40.31
3,Dist-Switch-01,Switch,2024-02-09 20:00:00,37.64,53.82,63.14,379.82,1.97,0.091,32.09
4,Dist-Switch-02,Switch,2024-02-09 20:00:00,59.65,53.21,56.93,379.79,1.07,0.091,31.78
5,Edge-Firewall-01,Firewall,2024-02-09 20:00:00,65.99,85.78,90.68,986.23,8.53,0.367,52.21
6,App-Server-01,Server,2024-02-09 20:00:00,74.77,85.1,48.76,233.5,3.27,0.114,67.65
7,App-Server-02,Server,2024-02-09 20:00:00,64.37,88.58,41.73,220.1,3.41,0.109,69.03
8,DB-Server-01,Server,2024-02-09 20:00:00,73.62,84.39,49.25,273.26,5.42,0.096,67.49
9,WiFi-AP-01,Access Point,2024-02-09 20:00:00,29.88,48.01,63.72,162.57,7.67,0.406,23.15
10,WiFi-AP-02,Access Point,2024-02-09 20:00:00,31.06,49.8,58.09,183.31,10.56,0.42,19.99
1,Core-Router-01,Router,2024-02-09 22:00:00,39.97,43.57,52.49,429.09,6.03,0.152,42.42
2,Core-Router-02,Router,2024-02-09 22:00:00,38.74,51.45,44.69,421.09,6.29,0.161,39.8
3,Dist-Switch-01,Switch,2024-02-09 22:00:00,32.15,42.74,47.45,265.29,3.66,0.129,33.5
4,Dist-Switch-02,Switch,2024-02-09 22:00:00,29.12,39.88,41.9,238.02,2.5,0.094,31.6
5,Edge-Firewall-01,Firewall,2024-02-09 22:00:00,50.74,56.07,65.8,684.76,6.94,0.314,52.78
6,App-Server-01,Server,2024-02-09 22:00:00,48.04,64.61,26.91,170.67,1.59,0.205,67.32
7,App-Server-02,Server,2024-02-09 22:00:00,51.97,57.27,32.54,184.44,2.63,0.086,66.55
8,DB-Server-01,Server,2024-02-09 22:00:00,50.35,59.67,32.0,160.54,1.98,0.094,66.31
9,WiFi-AP-01,Access Point,2024-02-09 22:00:00,17.66,37.42,45.67,131.7,10.07,0.388,23.02
10,WiFi-AP-02,Access Point,2024-02-09 22:00:00,28.9,34.63,36.9,138.53,10.13,0.412,22.42
1,Core-Router-01,Router,2024-02-10 00:00:00,20.09,17.61,34.49,150.84,8.24,0.132,44.25
2,Core-Router-02,Router,2024-02-10 00:00:00,14.08,16.77,24.53,176.53,9.76,0.118,41.14
3,Dist-Switch-01,Switch,2024-02-10 00:00:00,20.29,7.47,27.25,127.57,2.89,0.154,30.63
4,Dist-Switch-02,Switch,2024-02-10 00:00:00,14.92,10.09,12.42,85.93,2.89,0.058,31.17
5,Edge-Firewall-01,Firewall,2024-02-10 00:00:00,11.82,24.99,25.65,298.58,14.72,0.271,51.92
6,App-Server-01,Server,2024-02-10 00:00:00,25.83,23.08,10.93,100.12,6.81,0.092,66.11
7,App-Server-02,Server,2024-02-10 00:00:00,17.9,47.17,20.88,71.33,7.8,0.082,65.89
8,DB-Server-01,Server,2024-02-10 00:00:00,20.68,25.43,14.95,97.6,4.5,0.127,67.6
9,WiFi-AP-01,Access Point,2024-02-10 00:00:00,7.05,21.79,21.05,43.94,19.39,0.358,22.63
10,WiFi-AP-02,Access Point,2024-02-10 00:00:00,8.59,15.78,5.82,80.79,14.75,0.348,20.4
1,Core-Router-01,Router,2024-02-10 02:00:00,14.33,19.74,15.8,126.01,9.3,0.219,41.65
2,Core-Router-02,Router,2024-02-10 02:00:00,20.17,24.48,12.28,172.35,7.81,0.16,43.7
3,Dist-Switch-01,Switch,2024-02-10 02:00:00,11.78,18.7,17.93,84.69,4.31,0.119,32.32
4,Dist-Switch-02,Switch,2024-02-10 02:00:00,37.16,12.63,21.68,135.82,4.04,0.146,33.64
5,Edge-Firewall-01,Firewall,2024-02-10 02:00:00,16.19,24.76,30.17,311.99,12.75,0.238,52.05
6,App-Server-01,Server,2024-02-10 02:00:00,27.54,26.79,21.76,83.4,5.38,0.073,68.52
7,App-Server-02,Server,2024-02-10 02:00:00,16.59,28.13,11.38,55.75,6.48,0.102,67.38
8,DB-Server-01,Server,2024-02-10 02:00:00,19.82,18.34,16.91,75.13,3.54,0.095,65.19
9,WiFi-AP-01,Access Point,2024-02-10 02:00:00,12.0,18.68,20.58,74.23,17.66,0.363,21.99
10,WiFi-AP-02,Access Point,2024-02-10 02:00:00,9.82,17.39,22.21,46.65,16.77,0.339,21.78
1,Core-Router-01,Router,2024-02-10 04:00:00,17.47,22.46,12.21,168.08,8.13,0.18,41.79
2,Core-Router-02,Router,2024-02-10 04:00:00,14.28,21.58,18.81,181.2,10.9,0.204,41.59
3,Dist-Switch-01,Switch,2024-02-10 04:00:00,10.16,14.48,8.52,129.62,6.06,0.077,31.18
4,Dist-Switch-02,Switch,2024-02-10 04:00:00,9.8,16.59,12.47,99.73,4.65,0.061,33.27
5,Edge-Firewall-01,Firewall,2024-02-10 04:00:00,21.42,20.33,22.53,295.37,13.42,0.305,50.81
6,App-Server-01,Server,2024-02-10 04:00:00,23.84,24.31,20.43,54.67,3.0,0.068,68.65
7,App-Server-02,Server,2024-02-10 04:00:00,21.92,21.29,6.4,96.56,4.65,0.138,67.65
8,DB-Server-01,Server,2024-02-10 04:00:00,18.7,28.91,9.9,43.65,4.59,0.098,68.14
9,WiFi-AP-01,Access Point,2024-02-10 04:00:00,7.49,8.92,8.55,33.1,16.89,0.336,23.94
10,WiFi-AP-02,Access Point,2024-02-10 04:00:00,12.26,11.14,28.5,44.46,18.57,0.415,21.53
1,Core-Router-01,Router,2024-02-10 06:00:00,27.94,32.93,27.29,234.49,8.73,0.131,41.64
2,Core-Router-02,Router,2024-02-10 06:00:00,25.32,21.97,26.37,248.58,9.96,0.235,40.71
3,Dist-Switch-01,Switch,2024-02-10 06:00:00,11.91,14.98,35.96,109.82,3.12,0.067,32.47
4,Dist-Switch-02,Switch,2024-02-10 06:00:00,13.33,23.19,24.77,124.53,1.95,0.086,33.65
5,Edge-Firewall-01,Firewall,2024-02-10 06:00:00,36.76,34.27,41.17,396.43,14.85,0.279,51.89
6,App-Server-01,Server,2024-02-10 06:00:00,31.47,32.32,18.62,73.24,5.93,0.114,67.03
7,App-Server-02,Server,2024-02-10 06:00:00,31.04,35.64,23.22,92.53,5.94,0.09,65.03
8,DB-Server-01,Server,2024-02-10 06:00:00,31.16,34.78,24.43,96.29,3.85,0.07,67.89
9,WiFi-AP-01,Access Point,2024-02-10 06:00:00,14.0,18.92,13.46,52.08,18.66,0.425,21.68
10,WiFi-AP-02,Access Point,2024-02-10 06:00:00,12.25,22.81,24.85,91.86,18.48,0.379,21.39
1,Core-Router-01,Router,2024-02-10 08:00:00,26.22,38.37,36.46,324.87,9.11,0.208,42.66
2,Core-Router-02,Router,2024-02-10 08:00:00,26.86,37.06,48.19,345.05,7.49,0.173,41.01
3,Dist-Switch-01,Switch,2024-02-10 08:00:00,25.73,33.72,30.15,186.72,3.68,0.067,31.04
4,Dist-Switch-02,Switch,2024-02-10 08:00:00,18.97,25.59,39.64,164.44,1.86,0.081,30.76
5,Edge-Firewall-01,Firewall,2024-02-10 08:00:00,34.6,43.45,49.96,527.98,16.32,0.269,53.19
6,App-Server-01,Server,2024-02-10 08:00:00,41.04,52.98,31.91,133.97,6.08,0.084,66.73
7,App-Server-02,Server,2024-02-10 08:00:00,34.72,44.16,36.92,109.02,4.8,0.072,66.94
8,DB-Server-01,Server,2024-02-10 08:00:00,68.8,45.18,28.85,155.95,6.72,0.084,67.61
9,WiFi-AP-01,Access Point,2024-02-10 08:00:00,12.05,24.45,24.08,98.91,17.32,0.412,21.61
10,WiFi-AP-02,Access Point,2024-02-10 08:00:00,9.72,30.6,27.16,119.53,17.69,0.389,23.18
1,Core-Router-01,Router,2024-02-10 10:00:00,37.79,51.41,47.58,407.04,10.1,0.188,42.15
2,Core-Router-02,Router,2024-02-10 10:00:00,50.78,44.91,43.57,395.89,8.82,0.227,41.81
3,Dist-Switch-01,Switch,2024-02-10 10:00:00,31.22,38.74,47.01,257.31,4.02,0.103,31.43
4,Dist-Switch-02,Switch,2024-02-10 10:00:00,22.73,38.48,51.3,218.75,1.61,0.075,33.03
5,Edge-Firewall-01,Firewall,2024-02-10 10:00:00,45.96,50.56,58.63,630.84,15.17,0.307,51.92
6,App-Server-01,Server,2024-02-10 10:00:00,51.62,58.85,30.57,187.05,6.25,0.165,66.77
7,App-Server-02,Server,2024-02-10 10:00:00,45.59,54.43,35.95,157.99,5.31,0.106,67.37
8,DB-Server-01,Server,2024-02-10 10:00:00,52.63,64.74,32.37,137.41,4.95,0.119,66.23
9,WiFi-AP-01,Access Point,2024-02-10 10:00:00,14.87,31.02,34.77,103.13,18.4,0.349,22.79
10,WiFi-AP-02,Access Point,2024-02-10 10:00:00,19.01,34.95,34.97,102.19,17.64,0.438,23.79
1,Core-Router-01,Router,2024-02-10 12:00:00,40.27,46.14,51.05,392.14,10.53,0.207,42.11
2,Core-Router-02,Router,2024-02-10 12:00:00,40.98,44.72,46.96,407.2,8.93,0.194,41.62
3,Dist-Switch-01,Switch,2024-02-10 12:00:00,27.86,42.64,35.99,301.6,4.79,0.09,32.92
4,Dist-Switch-02,Switch,2024-02-10 12:00:00,30.35,40.58,51.26,255.63,4.1,0.131,29.31
5,Edge-Firewall-01,Firewall,2024-02-10 12:00:00,50.28,59.52,53.22,711.47,13.75,0.32,51.91
6,App-Server-01,Server,2024-02-10 12:00:00,49.15,65.09,56.57,181.86,6.77,0.12,67.01
7,App-Server-02,Server,2024-02-10 12:00:00,50.96,60.94,46.07,185.59,5.77,0.102,67.43
8,DB-Server-01,Server,2024-02-10 12:00:00,45.63,68.65,27.97,211.11,6.07,0.082,66.69
9,WiFi-AP-01,Access Point,2024-02-10 12:00:00,32.48,37.11,39.79,121.64,17.53,0.4,21.07
10,WiFi-AP-02,Access Point,2024-02-10 12:00:00,24.78,33.35,44.73,152.0,18.13,0.403,22.63
1,Core-Router-01,Router,2024-02-10 14:00:00,33.85,53.72,51.66,455.06,9.81,0.258,41.34
2,Core-Router-02,Router,2024-02-10 14:00:00,43.06,48.71,56.38,442.99,10.32,0.149,43.42
3,Dist-Switch-01,Switch,2024-02-10 14:00:00,22.55,39.32,68.43,272.46,3.36,0.073,31.3
4,Dist-Switch-02,Switch,2024-02-10 14:00:00,24.63,59.84,34.01,218.65,3.7,0.201,31.81
5,Edge-Firewall-01,Firewall,2024-02-10 14:00:00,47.02,58.98,58.4,737.22,15.39,0.37,51.72
6,App-Server-01,Server,2024-02-10 14:00:00,59.05,59.67,62.1,204.54,4.91,0.136,66.09
7,App-Server-02,Server,2024-02-10 14:00:00,41.39,65.45,37.49,186.55,4.36,0.121,68.15
8,DB-Server-01,Server,2024-02-10 14:00:00,53.91,61.41,36.4,206.63,6.18,0.101,65.6
9,WiFi-AP-01,Access Point,2024-02-10 14:00:00,24.41,32.52,33.79,158.66,19.05,0.393,20.76
10,WiFi-AP-02,Access Point,2024-02-10 14:00:00,29.21,38.38,38.18,122.04,18.26,0.412,24.21
1,Core-Router-01,Router,2024-02-10 16:00:00,35.89,42.55,57.85,404.56,9.88,0.17,41.94
2,Core-Router-02,Router,2024-02-10 16:00:00,33.54,45.61,44.06,415.46,9.86,0.219,40.91
3,Dist-Switch-01,Switch,2024-02-10 16:00:00,23.95,35.86,42.96,219.13,2.71,0.147,30.56
4,Dist-Switch-02,Switch,2024-02-10 16:00:00,22.31,42.45,43.33,250.86,4.98,0.08,32.48
5,Edge-Firewall-01,Firewall,2024-02-10 16:00:00,43.86,52.16,51.68,653.48,14.26,0.305,51.96
6,App-Server-01,Server,2024-02-10 16:00:00,48.45,55.5,35.27,156.42,5.81,0.17,67.34
7,App-Server-02,Server,2024-02-10 16:00:00,52.9,60.09,32.29,184.68,4.18,0.081,66.81
8,DB-Server-01,Server,2024-02-10 16:00:00,54.06,52.17,27.98,201.32,3.02,0.118,66.3
9,WiFi-AP-01,Access Point,2024-02-10 16:00:00,21.82,62.53,38.9,153.47,17.69,0.383,22.79
10,WiFi-AP-02,Access Point,2024-02-10 16:00:00,19.04,35.07,43.35,142.15,16.6,0.374,22.28
1,Core-Router-01,Router,2024-02-10 18:00:00,28.97,36.84,41.41,322.22,8.9,0.188,41.52
2,Core-Router-02,Router,2024-02-10 18:00:00,23.84,36.95,38.96,314.43,10.88,0.136,42.29
3,Dist-Switch-01,Switch,2024-02-10 18:00:00,17.41,28.7,34.9,193.0,3.64,0.099,31.48
4,Dist-Switch-02,Switch,2024-02-10 18:00:00,14.64,25.37,40.47,218.27,4.29,0.079,30.67
5,Edge-Firewall-01,Firewall,2024-02-10 18:00:00,35.47,42.98,40.93,503.01,12.82,0.304,50.79
6,App-Server-01,Server,2024-02-10 18:00:00,41.17,45.39,29.57,139.82,5.22,0.077,66.89
7,App-Server-02,Server,2024-02-10 18:00:00,37.47,49.53,24.5,131.36,4.04,0.082,66.39
8,DB-Server-01,Server,2024-02-10 18:00:00,38.02,44.07,26.0,92.97,6.14,0.071,66.53
9,WiFi-AP-01,Access Point,2024-02-10 18:00:00,10.44,27.92,26.78,125.95,18.67,0.408,22.14
10,WiFi-AP-02,Access Point,2024-02-10 18:00:00,20.95,28.01,27.69,103.57,17.35,0.466,21.9
1,Core-Router-01,Router,2024-02-10 20:00:00,30.05,60.2,34.5,359.18,8.07,0.193,41.83
2,Core-Router-02,Router,2024-02-10 20:00:00,24.83,41.29,38.78,268.33,9.29,0.153,41.58
3,Dist-Switch-01,Switch,2024-02-10 20:00:00,14.54,29.64,30.87,180.14,2.57,0.065,32.9
4,Dist-Switch-02,Switch,2024-02-10 20:00:00,21.81,24.76,36.35,215.1,5.03,0.108,31.94
5,Edge-Firewall-01,Firewall,2024-02-10 20:00:00,38.87,41.67,49.34,531.92,13.7,0.316,53.25
6,App-Server-01,Server,2024-02-10 20:00:00,35.94,43.08,28.34,132.49,4.14,0.094,66.18
7,App-Server-02,Server,2024-02-10 20:00:00,37.36,54.16,25.11,115.47,7.48,0.113,67.72
8,DB-Server-01,Server,2024-02-10 20:00:00,36.6,50.16,30.7,136.04,3.74,0.069,68.73
9,WiFi-AP-01,Access Point,2024-02-10 20:00:00,17.52,25.49,28.81,96.64,17.38,0.355,23.44
10,WiFi-AP-02,Access Point,2024-02-10 20:00:00,21.96,24.36,36.33,115.05,18.82,0.387,21.07
1,Core-Router-01,Router,2024-02-10 22:00:00,20.16,29.12,23.01,221.18,9.4,0.16,42.82
2,Core-Router-02,Router,2024-02-10 22:00:00,18.76,27.35,30.68,232.36,8.85,0.153,41.98
3,Dist-Switch-01,Switch,2024-02-10 22:00:00,10.67,21.11,27.94,122.46,3.15,0.081,29.92
4,Dist-Switch-02,Switch,2024-02-10 22:00:00,21.94,24.92,16.51,103.12,3.67,0.117,32.96
5,Edge-Firewall-01,Firewall,2024-02-10 22:00:00,28.2,31.83,31.03,419.2,15.3,0.287,53.2
6,App-Server-01,Server,2024-02-10 22:00:00,24.96,37.73,18.04,103.49,5.3,0.156,67.96
7,App-Server-02,Server,2024-02-10 22:00:00,21.74,30.98,17.1,57.73,4.35,0.073,66.65
8,DB-Server-01,Server,2024-02-10 22:00:00,27.98,31.13,19.59,90.3,3.81,0.074,65.76
9,WiFi-AP-01,Access Point,2024-02-10 22:00:00,15.69,18.19,34.39,91.94,18.05,0.376,19.91
10,WiFi-AP-02,Access Point,2024-02-10 22:00:00,15.95,16.9,22.23,58.05,17.56,0.357,22.08
1,Core-Router-01,Router,2024-02-11 00:00:00,16.26,20.0,13.7,228.55,9.32,0.138,41.71
2,Core-Router-02,Router,2024-02-11 00:00:00,12.88,20.46,23.28,207.95,11.17,0.187,40.28
3,Dist-Switch-01,Switch,2024-02-11 00:00:00,9.07,17.38,16.19,108.27,1.49,0.1,30.17
4,Dist-Switch-02,Switch,2024-02-11 00:00:00,5.0,13.33,17.7,76.69,2.58,0.11,31.94
5,Edge-Firewall-01,Firewall,2024-02-11 00:00:00,21.74,19.94,25.2,288.34,13.75,0.246,50.16
6,App-Server-01,Server,2024-02-11 00:00:00,23.58,24.27,13.27,89.8,5.89,0.078,65.93
7,App-Server-02,Server,2024-02-11 00:00:00,27.14,21.45,17.7,40.82,6.37,0.114,65.14
8,DB-Server-01,Server,2024-02-11 00:00:00,23.63,26.57,18.07,80.07,4.49,0.073,68.71
9,WiFi-AP-01,Access Point,2024-02-11 00:00:00,5.0,15.52,22.13,34.76,16.77,0.377,22.44
10,WiFi-AP-02,Access Point,2024-02-11 00:00:00,5.0,14.15,23.23,53.55,17.4,0.318,21.98
1,Core-Router-01,Router,2024-02-11 02:00:00,18.18,24.87,23.81,222.59,9.55,0.157,44.34
2,Core-Router-02,Router,2024-02-11 02:00:00,15.87,16.85,33.45,167.25,8.32,0.143,42.21
3,Dist-Switch-01,Switch,2024-02-11 02:00:00,14.64,8.43,22.82,98.06,3.22,0.143,32.26
4,Dist-Switch-02,Switch,2024-02-11 02:00:00,12.71,16.23,22.01,141.51,1.16,0.111,33.6
5,Edge-Firewall-01,Firewall,2024-02-11 02:00:00,22.01,21.62,19.71,338.3,13.64,0.32,52.44
6,App-Server-01,Server,2024-02-11 02:00:00,30.01,24.51,6.52,72.81,3.97,0.199,67.68
7,App-Server-02,Server,2024-02-11 02:00:00,24.94,27.8,11.09,70.12,5.56,0.16,65.89
8,DB-Server-01,Server,2024-02-11 02:00:00,18.92,24.38,11.18,43.59,2.75,0.151,68.15
9,WiFi-AP-01,Access Point,2024-02-11 02:00:00,27.5,17.06,13.46,52.61,19.79,0.405,22.99
10,WiFi-AP-02,Access Point,2024-02-11 02:00:00,36.69,16.11,18.23,51.24,17.78,0.386,20.75
1,Core-Router-01,Router,2024-02-11 04:00:00,22.32,19.18,15.26,171.0,8.22,0.151,41.46
2,Core-Router-02,Router,2024-02-11 04:00:00,13.84,19.09,21.51,197.19,8.85,0.13,42.06
3,Dist-Switch-01,Switch,2024-02-11 04:00:00,13.08,16.51,14.96,90.78,3.85,0.12,31.82
4,Dist-Switch-02,Switch,2024-02-11 04:00:00,8.11,15.6,15.38,95.81,2.19,0.066,32.29
5,Edge-Firewall-01,Firewall,2024-02-11 04:00:00,15.68,44.12,20.73,263.33,13.59,0.241,50.71
6,App-Server-01,Server,2024-02-11 04:00:00,21.28,23.36,9.91,80.31,4.81,0.084,68.35
7,App-Server-02,Server,2024-02-11 04:00:00,18.15,30.17,12.81,50.04,4.9,0.063,68.3
8,DB-Server-01,Server,2024-02-11 04:00:00,25.02,25.66,40.88,35.14,5.7,0.078,67.37
9,WiFi-AP-01,Access Point,2024-02-11 04:00:00,5.0,11.5,15.54,76.87,20.1,0.341,20.74
10,WiFi-AP-02,Access Point,2024-02-11 04:00:00,12.36,22.4,21.91,39.6,21.04,0.371,21.26
1,Core-Router-01,Router,2024-02-11 06:00:00,29.57,24.07,26.0,257.08,9.07,0.131,42.09
2,Core-Router-02,Router,2024-02-11 06:00:00,26.29,19.71,30.53,236.75,8.34,0.164,39.41
3,Dist-Switch-01,Switch,2024-02-11 06:00:00,11.36,25.7,52.27,141.7,2.23,0.097,33.36
4,Dist-Switch-02,Switch,2024-02-11 06:00:00,18.69,18.92,19.93,178.65,2.43,0.083,30.27
5,Edge-Firewall-01,Firewall,2024-02-11 06:00:00,25.48,33.29,33.81,398.56,13.32,0.292,52.53
6,App-Server-01,Server,2024-02-11 06:00:00,49.27,34.62,44.1,63.88,4.99,0.157,68.33
7,App-Server-02,Server,2024-02-11 06:00:00,31.64,33.49,24.58,105.6,3.94,0.116,66.18
8,DB-Server-01,Server,2024-02-11 06:00:00,32.14,29.11,27.4,91.52,4.35,0.1,66.71
9,WiFi-AP-01,Access Point,2024-02-11 06:00:00,12.1,23.36,22.18,29.35,16.95,0.474,22.19
10,WiFi-AP-02,Access Point,2024-02-11 06:00:00,15.93,18.48,16.81,63.14,18.31,0.371,23.97
1,Core-Router-01,Router,2024-02-11 08:00:00,27.55,33.52,44.06,352.15,9.12,0.158,40.15
2,Core-Router-02,Router,2024-02-11 08:00:00,34.9,39.29,37.82,334.7,8.86,0.216,41.01
3,Dist-Switch-01,Switch,2024-02-11 08:00:00,17.53,27.87,34.9,201.23,3.84,0.103,33.53
4,Dist-Switch-02,Switch,2024-02-11 08:00:00,18.19,33.58,49.05,182.64,3.98,0.066,34.08
5,Edge-Firewall-01,Firewall,2024-02-11 08:00:00,35.56,44.1,47.83,531.6,15.3,0.276,52.53
6,App-Server-01,Server,2024-02-11 08:00:00,40.88,44.88,25.34,144.51,6.01,0.133,68.91
7,App-Server-02,Server,2024-02-11 08:00:00,37.94,47.1,25.71,111.26,6.02,0.108,65.97
8,DB-Server-01,Server,2024-02-11 08:00:00,62.76,45.27,19.14,132.67,4.31,0.077,67.32
9,WiFi-AP-01,Access Point,2024-02-11 08:00:00,18.25,28.0,37.67,83.88,17.42,0.388,21.92
10,WiFi-AP-02,Access Point,2024-02-11 08:00:00,21.18,28.37,39.61,98.23,16.7,0.381,21.98
1,Core-Router-01,Router,2024-02-11 10:00:00,39.66,47.84,47.35,396.7,8.94,0.259,42.13
2,Core-Router-02,Router,2024-02-11 10:00:00,35.89,48.44,40.1,417.01,10.67,0.17,43.03
3,Dist-Switch-01,Switch,2024-02-11 10:00:00,26.37,32.53,42.52,258.3,2.56,0.07,29.15
4,Dist-Switch-02,Switch,2024-02-11 10:00:00,23.68,36.21,48.7,238.07,3.37,0.066,31.46
5,Edge-Firewall-01,Firewall,2024-02-11 10:00:00,48.74,48.22,64.05,666.77,15.85,0.435,49.61
6,App-Server-01,Server,2024-02-11 10:00:00,73.51,59.88,30.58,178.43,6.44,0.108,67.15
7,App-Server-02,Server,2024-02-11 10:00:00,50.41,56.52,33.07,146.27,4.67,0.101,66.59
8,DB-Server-01,Server,2024-02-11 10:00:00,47.08,59.71,35.25,162.45,5.31,0.094,68.02
9,WiFi-AP-01,Access Point,2024-02-11 10:00:00,21.65,29.77,36.41,116.92,17.13,0.39,22.62
10,WiFi-AP-02,Access Point,2024-02-11 10:00:00,23.75,30.38,38.31,124.94,18.49,0.378,22.04
1,Core-Router-01,Router,2024-02-11 12:00:00,39.26,51.96,48.75,438.69,10.17,0.18,41.29
2,Core-Router-02,Router,2024-02-11 12:00:00,42.73,44.36,56.36,432.36,9.5,0.204,43.24
3,Dist-Switch-01,Switch,2024-02-11 12:00:00,21.66,41.97,38.34,301.46,3.56,0.158,31.23
4,Dist-Switch-02,Switch,2024-02-11 12:00:00,24.76,43.43,37.08,251.3,4.13,0.113,32.57
5,Edge-Firewall-01,Firewall,2024-02-11 12:00:00,49.32,52.94,66.74,682.19,15.32,0.305,51.59
6,App-Server-01,Server,2024-02-11 12:00:00,48.64,62.89,31.01,201.02,6.7,0.156,67.33
7,App-Server-02,Server,2024-02-11 12:00:00,51.44,61.01,33.52,181.82,5.89,0.137,67.07
8,DB-Server-01,Server,2024-02-11 12:00:00,47.44,60.68,43.15,145.73,6.19,0.093,66.17
9,WiFi-AP-01,Access Point,2024-02-11 12:00:00,23.69,40.05,41.5,127.39,16.89,0.376,20.72
10,WiFi-AP-02,Access Point,2024-02-11 12:00:00,20.87,35.18,27.99,160.41,16.94,0.372,22.58
1,Core-Router-01,Router,2024-02-11 14:00:00,45.03,46.26,40.51,463.72,7.84,0.163,42.47
2,Core-Router-02,Router,2024-02-11 14:00:00,26.79,43.79,50.75,390.47,7.75,0.133,41.96
3,Dist-Switch-01,Switch,2024-02-11 14:00:00,27.74,41.14,35.81,239.59,4.4,0.14,31.08
4,Dist-Switch-02,Switch,2024-02-11 14:00:00,27.56,42.21,45.4,260.31,3.0,0.163,32.15
5,Edge-Firewall-01,Firewall,2024-02-11 14:00:00,50.19,58.45,57.84,708.45,14.22,0.317,52.37
6,App-Server-01,Server,2024-02-11 14:00:00,49.4,58.29,37.89,166.23,5.11,0.171,68.01
7,App-Server-02,Server,2024-02-11 14:00:00,55.15,64.02,37.31,146.54,5.68,0.108,66.09
8,DB-Server-01,Server,2024-02-11 14:00:00,55.06,66.88,42.84,189.3,5.42,0.088,66.15
9,WiFi-AP-01,Access Point,2024-02-11 14:00:00,21.03,38.1,48.91,116.31,16.19,0.39,22.95
10,WiFi-AP-02,Access Point,2024-02-11 14:00:00,30.4,59.11,46.22,115.65,17.36,0.457,21.38
1,Core-Router-01,Router,2024-02-11 16:00:00,41.18,50.73,51.75,411.78,8.02,0.147,42.25
2,Core-Router-02,Router,2024-02-11 16:00:00,31.67,48.62,47.91,434.11,9.08,0.147,41.35
3,Dist-Switch-01,Switch,2024-02-11 16:00:00,23.63,39.45,41.03,228.03,3.75,0.081,33.42
4,Dist-Switch-02,Switch,2024-02-11 16:00:00,29.62,37.33,38.95,245.56,3.11,0.09,33.09
5,Edge-Firewall-01,Firewall,2024-02-11 16:00:00,50.82,52.96,55.8,658.6,12.61,0.362,52.02
6,App-Server-01,Server,2024-02-11 16:00:00,51.54,59.84,29.45,156.93,5.19,0.095,67.74
7,App-Server-02,Server,2024-02-11 16:00:00,44.79,54.92,31.86,139.44,3.55,0.147,66.81
8,DB-Server-01,Server,2024-02-11 16:00:00,52.55,60.32,41.29,168.79,5.69,0.089,66.85
9,WiFi-AP-01,Access Point,2024-02-11 16:00:00,29.17,34.13,39.26,102.16,18.59,0.42,23.16
10,WiFi-AP-02,Access Point,2024-02-11 16:00:00,23.36,32.97,36.67,123.62,18.29,0.433,23.12
1,Core-Router-01,Router,2024-02-11 18:00:00,33.03,42.77,26.74,324.31,9.08,0.167,41.12
2,Core-Router-02,Router,2024-02-11 18:00:00,23.15,35.75,44.49,348.98,8.34,0.134,43.41
3,Dist-Switch-01,Switch,2024-02-11 18:00:00,13.93,29.54,34.78,200.3,4.49,0.132,31.04
4,Dist-Switch-02,Switch,2024-02-11 18:00:00,22.74,24.91,37.41,209.1,4.38,0.085,32.56
5,Edge-Firewall-01,Firewall,2024-02-11 18:00:00,32.0,42.11,46.87,515.64,14.76,0.321,52.32
6,App-Server-01,Server,2024-02-11 18:00:00,46.99,42.92,26.57,101.04,4.62,0.109,66.62
7,App-Server-02,Server,2024-02-11 18:00:00,42.99,47.76,26.36,112.81,6.14,0.087,65.52
8,DB-Server-01,Server,2024-02-11 18:00:00,36.16,38.38,19.85,127.13,4.4,0.11,68.44
9,WiFi-AP-01,Access Point,2024-02-11 18:00:00,20.79,24.6,33.98,124.35,18.8,0.377,23.15
10,WiFi-AP-02,Access Point,2024-02-11 18:00:00,19.75,23.04,29.07,89.01,19.33,0.388,21.3
1,Core-Router-01,Router,2024-02-11 20:00:00,34.12,37.46,50.58,316.26,8.57,0.19,40.77
2,Core-Router-02,Router,2024-02-11 20:00:00,35.29,33.06,43.07,296.65,9.14,0.204,43.98
3,Dist-Switch-01,Switch,2024-02-11 20:00:00,15.72,27.53,36.03,188.08,4.34,0.093,31.26
4,Dist-Switch-02,Switch,2024-02-11 20:00:00,19.9,26.36,35.33,217.65,4.19,0.092,30.13
5,Edge-Firewall-01,Firewall,2024-02-11 20:00:00,34.84,42.67,53.96,521.98,12.24,0.32,51.39
6,App-Server-01,Server,2024-02-11 20:00:00,31.39,49.6,18.83,142.32,4.36,0.141,66.77
7,App-Server-02,Server,2024-02-11 20:00:00,38.1,48.28,21.64,144.91,4.97,0.099,66.96
8,DB-Server-01,Server,2024-02-11 20:00:00,35.66,46.12,28.38,87.23,6.55,0.109,65.2
9,WiFi-AP-01,Access Point,2024-02-11 20:00:00,8.63,29.21,33.84,112.51,16.75,0.417,21.29
10,WiFi-AP-02,Access Point,2024-02-11 20:00:00,17.63,27.44,37.98,102.56,18.6,0.357,20.85
1,Core-Router-01,Router,2024-02-11 22:00:00,12.55,26.78,22.04,249.55,9.24,0.119,41.0
2,Core-Router-02,Router,2024-02-11 22:00:00,25.98,28.1,23.2,283.92,8.88,0.193,41.29
3,Dist-Switch-01,Switch,2024-02-11 22:00:00,8.52,25.91,29.66,160.32,4.19,0.117,31.81
4,Dist-Switch-02,Switch,2024-02-11 22:00:00,16.24,19.39,23.49,154.53,0.56,0.089,32.21
5,Edge-Firewall-01,Firewall,2024-02-11 22:00:00,26.37,30.17,36.9,373.93,13.32,0.312,53.09
6,App-Server-01,Server,2024-02-11 22:00:00,26.71,33.75,23.63,97.9,5.98,0.087,66.73
7,App-Server-02,Server,2024-02-11 22:00:00,31.17,31.06,21.38,95.54,5.09,0.128,67.18
8,DB-Server-01,Server,2024-02-11 22:00:00,29.26,31.44,11.42,64.13,5.2,0.08,68.9
9,WiFi-AP-01,Access Point,2024-02-11 22:00:00,11.95,14.53,20.79,97.79,17.5,0.392,22.23
10,WiFi-AP-02,Access Point,2024-02-11 22:00:00,34.81,24.98,12.64,90.7,18.09,0.392,21.95
1,Core-Router-01,Router,2024-02-12 00:00:00,36.6,40.47,29.78,316.1,5.94,0.138,42.08
2,Core-Router-02,Router,2024-02-12 00:00:00,23.56,34.23,32.99,298.43,3.74,0.17,41.34
3,Dist-Switch-01,Switch,2024-02-12 00:00:00,16.52,32.9,28.61,227.42,1.52,0.08,32.57
4,Dist-Switch-02,Switch,2024-02-12 00:00:00,16.3,28.85,30.64,206.35,1.87,0.096,32.22
5,Edge-Firewall-01,Firewall,2024-02-12 00:00:00,37.82,48.65,46.75,530.6,8.43,0.323,50.37
6,App-Server-01,Server,2024-02-12 00:00:00,38.53,49.63,32.69,95.01,3.67,0.179,67.56
7,App-Server-02,Server,2024-02-12 00:00:00,41.38,41.24,31.52,167.48,2.94,0.078,68.58
8,DB-Server-01,Server,2024-02-12 00:00:00,55.77,43.11,22.32,133.34,3.03,0.095,66.8
9,WiFi-AP-01,Access Point,2024-02-12 00:00:00,14.42,25.04,25.99,84.24,8.0,0.354,20.14
10,WiFi-AP-02,Access Point,2024-02-12 00:00:00,19.58,24.84,29.24,91.99,9.76,0.422,20.75
1,Core-Router-01,Router,2024-02-12 02:00:00,23.34,36.82,37.3,338.69,5.72,0.179,42.7
2,Core-Router-02,Router,2024-02-12 02:00:00,25.75,36.69,33.6,334.14,4.98,0.181,40.74
3,Dist-Switch-01,Switch,2024-02-12 02:00:00,22.89,28.48,38.21,188.03,3.3,0.109,33.57
4,Dist-Switch-02,Switch,2024-02-12 02:00:00,40.16,31.03,28.13,213.48,2.76,0.077,29.97
5,Edge-Firewall-01,Firewall,2024-02-12 02:00:00,48.36,39.75,48.66,521.1,7.55,0.292,53.57
6,App-Server-01,Server,2024-02-12 02:00:00,39.96,47.0,23.42,132.01,2.02,0.087,65.95
7,App-Server-02,Server,2024-02-12 02:00:00,60.23,44.21,31.26,170.75,3.0,0.137,67.85
8,DB-Server-01,Server,2024-02-12 02:00:00,34.05,46.74,29.03,144.55,3.18,0.075,67.11
9,WiFi-AP-01,Access Point,2024-02-12 02:00:00,17.11,22.85,28.65,70.39,9.5,0.381,21.45
10,WiFi-AP-02,Access Point,2024-02-12 02:00:00,12.37,27.33,28.24,91.04,8.59,0.352,23.25
1,Core-Router-01,Router,2024-02-12 04:00:00,34.48,37.59,38.3,342.68,4.33,0.149,41.36
2,Core-Router-02,Router,2024-02-12 04:00:00,33.47,38.81,39.61,366.13,5.41,0.151,42.35
3,Dist-Switch-01,Switch,2024-02-12 04:00:00,14.84,27.15,32.88,197.97,2.59,0.091,32.17
4,Dist-Switch-02,Switch,2024-02-12 04:00:00,20.24,30.22,33.23,170.82,0.5,0.107,31.57
5,Edge-Firewall-01,Firewall,2024-02-12 04:00:00,31.75,42.93,51.86,544.92,8.47,0.313,51.18
6,App-Server-01,Server,2024-02-12 04:00:00,37.95,48.25,24.15,124.2,4.86,0.074,68.86
7,App-Server-02,Server,2024-02-12 04:00:00,32.49,44.52,28.56,134.47,0.94,0.078,69.57
8,DB-Server-01,Server,2024-02-12 04:00:00,40.77,48.22,23.3,137.47,2.99,0.126,68.19
9,WiFi-AP-01,Access Point,2024-02-12 04:00:00,18.21,26.73,21.44,65.17,10.08,0.398,23.43
10,WiFi-AP-02,Access Point,2024-02-12 04:00:00,13.02,21.99,34.5,83.16,8.42,0.364,21.59
1,Core-Router-01,Router,2024-02-12 06:00:00,45.06,51.22,49.35,469.96,5.13,0.198,43.43
2,Core-Router-02,Router,2024-02-12 06:00:00,38.73,50.33,51.01,460.6,5.09,0.187,43.62
3,Dist-Switch-01,Switch,2024-02-12 06:00:00,28.71,39.5,43.82,206.06,1.29,0.111,33.07
4,Dist-Switch-02,Switch,2024-02-12 06:00:00,23.58,40.27,43.25,278.99,4.21,0.097,31.43
5,Edge-Firewall-01,Firewall,2024-02-12 06:00:00,48.31,61.67,54.84,694.9,8.71,0.361,52.71
6,App-Server-01,Server,2024-02-12 06:00:00,50.61,63.49,37.43,183.82,2.9,0.078,66.19
7,App-Server-02,Server,2024-02-12 06:00:00,62.96,62.35,38.1,172.44,3.85,0.146,65.35
8,DB-Server-01,Server,2024-02-12 06:00:00,52.92,68.04,41.4,160.63,3.52,0.108,67.53
9,WiFi-AP-01,Access Point,2024-02-12 06:00:00,24.12,38.14,31.95,107.29,9.92,0.424,20.99
10,WiFi-AP-02,Access Point,2024-02-12 06:00:00,23.19,32.61,51.07,121.94,9.73,0.384,20.59
1,Core-Router-01,Router,2024-02-12 08:00:00,56.73,67.88,71.18,613.23,5.43,0.228,44.6
2,Core-Router-02,Router,2024-02-12 08:00:00,50.45,62.96,73.44,566.17,5.65,0.156,42.47
3,Dist-Switch-01,Switch,2024-02-12 08:00:00,35.25,55.46,63.14,368.65,0.65,0.076,33.95
4,Dist-Switch-02,Switch,2024-02-12 08:00:00,37.43,55.11,68.58,349.74,2.89,0.095,33.19
5,Edge-Firewall-01,Firewall,2024-02-12 08:00:00,70.04,77.77,83.76,991.96,6.14,0.362,52.72
6,App-Server-01,Server,2024-02-12 08:00:00,71.7,85.49,38.41,226.01,3.68,0.123,65.8
7,App-Server-02,Server,2024-02-12 08:00:00,77.18,86.63,43.18,245.87,1.94,0.096,67.28
8,DB-Server-01,Server,2024-02-12 08:00:00,69.7,87.31,53.11,248.37,3.41,0.157,68.46
9,WiFi-AP-01,Access Point,2024-02-12 08:00:00,30.02,45.81,55.43,197.23,10.51,0.444,22.86
10,WiFi-AP-02,Access Point,2024-02-12 08:00:00,30.14,50.12,50.69,203.24,10.18,0.45,20.57
1,Core-Router-01,Router,2024-02-12 10:00:00,62.77,82.85,98.5,798.94,4.11,0.165,42.26
2,Core-Router-02,Router,2024-02-12 10:00:00,71.24,86.22,85.59,760.98,2.99,0.212,41.76
3,Dist-Switch-01,Switch,2024-02-12 10:00:00,40.76,69.37,74.12,481.04,1.11,0.182,32.95
4,Dist-Switch-02,Switch,2024-02-12 10:00:00,50.73,65.29,84.91,431.56,1.79,0.141,32.61
5,Edge-Firewall-01,Firewall,2024-02-12 10:00:00,78.61,99.0,99.0,1207.18,6.46,0.379,51.94
6,App-Server-01,Server,2024-02-12 10:00:00,91.79,99.0,58.68,313.48,4.88,0.106,68.54
7,App-Server-02,Server,2024-02-12 10:00:00,94.31,99.0,55.71,284.47,3.62,0.123,66.48
8,DB-Server-01,Server,2024-02-12 10:00:00,90.44,99.0,65.28,293.77,3.8,0.117,65.43
9,WiFi-AP-01,Access Point,2024-02-12 10:00:00,39.16,52.77,63.9,237.17,9.99,0.506,20.98
10,WiFi-AP-02,Access Point,2024-02-12 10:00:00,27.55,56.75,71.27,216.76,10.17,0.383,22.13
1,Core-Router-01,Router,2024-02-12 12:00:00,76.61,88.02,99.0,756.18,6.11,0.241,41.03
2,Core-Router-02,Router,2024-02-12 12:00:00,69.7,91.88,92.24,792.61,4.04,0.182,42.84
3,Dist-Switch-01,Switch,2024-02-12 12:00:00,55.16,79.72,83.82,490.75,0.78,0.173,32.32
4,Dist-Switch-02,Switch,2024-02-12 12:00:00,47.19,73.68,77.39,436.68,2.57,0.141,32.66
5,Edge-Firewall-01,Firewall,2024-02-12 12:00:00,88.6,99.0,99.0,1292.0,7.94,0.378,53.66
6,App-Server-01,Server,2024-02-12 12:00:00,98.58,99.0,67.75,335.48,3.95,0.137,66.62
7,App-Server-02,Server,2024-02-12 12:00:00,93.43,99.0,68.05,296.83,3.39,0.165,66.86
8,DB-Server-01,Server,2024-02-12 12:00:00,99.5,99.0,57.86,325.33,4.27,0.129,67.93
9,WiFi-AP-01,Access Point,2024-02-12 12:00:00,40.4,62.43,72.03,231.2,9.11,0.434,22.17
10,WiFi-AP-02,Access Point,2024-02-12 12:00:00,59.16,63.66,73.65,252.35,8.86,0.431,20.13
1,Core-Router-01,Router,2024-02-12 14:00:00,71.87,89.08,99.0,808.81,5.55,0.175,41.42
2,Core-Router-02,Router,2024-02-12 14:00:00,68.05,99.5,92.86,803.33,4.51,0.189,42.15
3,Dist-Switch-01,Switch,2024-02-12 14:00:00,50.13,73.84,79.67,481.07,2.5,0.197,31.11
4,Dist-Switch-02,Switch,2024-02-12 14:00:00,48.51,68.93,80.47,469.96,1.88,0.082,31.61
5,Edge-Firewall-01,Firewall,2024-02-12 14:00:00,81.5,99.0,99.0,1286.56,7.11,0.367,52.46
6,App-Server-01,Server,2024-02-12 14:00:00,99.0,99.0,69.71,287.47,2.7,0.15,66.18
7,App-Server-02,Server,2024-02-12 14:00:00,99.0,99.0,70.41,335.52,2.55,0.115,65.75
8,DB-Server-01,Server,2024-02-12 14:00:00,93.56,99.0,64.77,314.45,3.26,0.141,66.39
9,WiFi-AP-01,Access Point,2024-02-12 14:00:00,40.88,63.21,73.47,255.44,10.92,0.456,22.51
10,WiFi-AP-02,Access Point,2024-02-12 14:00:00,34.61,61.21,68.39,248.89,8.71,0.421,22.36
1,Core-Router-01,Router,2024-02-12 16:00:00,60.63,80.3,96.38,773.64,4.15,0.212,39.65
2,Core-Router-02,Router,2024-02-12 16:00:00,74.26,83.69,99.0,755.85,5.28,0.219,43.74
3,Dist-Switch-01,Switch,2024-02-12 16:00:00,47.59,68.38,76.11,434.9,1.62,0.076,33.48
4,Dist-Switch-02,Switch,2024-02-12 16:00:00,43.86,71.56,75.56,480.68,2.68,0.102,33.08
5,Edge-Firewall-01,Firewall,2024-02-12 16:00:00,86.9,99.0,99.0,1247.84,8.47,0.396,52.47
6,App-Server-01,Server,2024-02-12 16:00:00,83.46,99.0,55.47,326.32,4.98,0.164,67.05
7,App-Server-02,Server,2024-02-12 16:00:00,86.9,99.0,60.24,316.58,3.75,0.101,65.44
8,DB-Server-01,Server,2024-02-12 16:00:00,91.66,99.0,53.64,283.94,4.05,0.123,67.42
9,WiFi-AP-01,Access Point,2024-02-12 16:00:00,34.53,59.61,61.52,255.19,12.2,0.431,22.83
10,WiFi-AP-02,Access Point,2024-02-12 16:00:00,37.35,55.92,64.15,218.6,9.61,0.443,22.15
1,Core-Router-01,Router,2024-02-12 18:00:00,76.27,73.36,66.1,625.5,4.74,0.174,42.61
2,Core-Router-02,Router,2024-02-12 18:00:00,55.33,63.45,71.27,611.13,5.11,0.206,43.39
3,Dist-Switch-01,Switch,2024-02-12 18:00:00,26.49,53.95,56.17,368.29,3.02,0.134,34.45
4,Dist-Switch-02,Switch,2024-02-12 18:00:00,37.27,55.84,53.58,363.72,2.97,0.079,32.24
5,Edge-Firewall-01,Firewall,2024-02-12 18:00:00,66.65,74.87,78.17,995.79,8.88,0.385,51.28
6,App-Server-01,Server,2024-02-12 18:00:00,72.3,88.78,42.48,265.7,2.41,0.129,67.07
7,App-Server-02,Server,2024-02-12 18:00:00,68.46,79.39,49.0,253.79,4.22,0.115,69.07
8,DB-Server-01,Server,2024-02-12 18:00:00,78.37,99.5,50.96,267.7,0.79,0.113,65.24
9,WiFi-AP-01,Access Point,2024-02-12 18:00:00,33.04,46.39,69.8,171.97,10.11,0.419,21.61
10,WiFi-AP-02,Access Point,2024-02-12 18:00:00,25.4,44.78,43.8,193.23,9.58,0.473,20.86
1,Core-Router-01,Router,2024-02-12 20:00:00,60.6,71.57,79.32,612.45,4.66,0.224,41.31
2,Core-Router-02,Router,2024-02-12 20:00:00,84.9,66.72,68.47,613.31,5.74,0.202,42.56
3,Dist-Switch-01,Switch,2024-02-12 20:00:00,57.4,51.55,58.49,371.8,2.87,0.068,32.67
4,Dist-Switch-02,Switch,2024-02-12 20:00:00,35.82,55.91,62.53,354.47,1.64,0.098,33.91
5,Edge-Firewall-01,Firewall,2024-02-12 20:00:00,71.68,75.62,79.46,961.69,8.1,0.346,53.34
6,App-Server-01,Server,2024-02-12 20:00:00,78.11,85.1,47.48,253.43,4.06,0.117,66.67
7,App-Server-02,Server,2024-02-12 20:00:00,70.48,81.75,68.01,255.56,3.73,0.143,68.58
8,DB-Server-01,Server,2024-02-12 20:00:00,67.43,86.3,50.82,241.62,2.17,0.156,66.51
9,WiFi-AP-01,Access Point,2024-02-12 20:00:00,21.62,48.68,53.51,219.48,10.49,0.38,21.9
10,WiFi-AP-02,Access Point,2024-02-12 20:00:00,29.55,55.27,58.07,154.18,9.76,0.39,20.99
1,Core-Router-01,Router,2024-02-12 22:00:00,32.65,50.41,49.02,466.98,5.01,0.156,39.68
2,Core-Router-02,Router,2024-02-12 22:00:00,44.67,49.5,50.8,424.19,6.6,0.198,41.73
3,Dist-Switch-01,Switch,2024-02-12 22:00:00,28.8,44.13,43.12,250.5,1.89,0.11,33.23
4,Dist-Switch-02,Switch,2024-02-12 22:00:00,21.02,40.12,37.03,282.88,2.42,0.107,33.63
5,Edge-Firewall-01,Firewall,2024-02-12 22:00:00,49.96,58.14,60.98,707.04,7.62,0.337,53.33
6,App-Server-01,Server,2024-02-12 22:00:00,51.07,60.3,34.71,205.29,4.13,0.095,68.33
7,App-Server-02,Server,2024-02-12 22:00:00,53.47,59.35,32.98,204.27,5.08,0.093,66.53
8,DB-Server-01,Server,2024-02-12 22:00:00,52.54,59.59,32.28,162.5,2.92,0.082,66.95
9,WiFi-AP-01,Access Point,2024-02-12 22:00:00,21.21,37.64,38.63,129.3,9.82,0.441,21.61
10,WiFi-AP-02,Access Point,2024-02-12 22:00:00,24.49,33.11,41.53,143.52,11.08,0.393,20.99
1,Core-Router-01,Router,2024-02-13 00:00:00,26.77,39.44,50.28,348.94,3.74,0.167,41.21
2,Core-Router-02,Router,2024-02-13 00:00:00,28.51,37.11,41.65,333.56,4.4,0.182,41.62
3,Dist-Switch-01,Switch,2024-02-13 00:00:00,24.95,25.82,34.3,174.83,1.17,0.088,33.67
4,Dist-Switch-02,Switch,2024-02-13 00:00:00,25.17,32.53,33.39,203.11,3.27,0.098,32.17
5,Edge-Firewall-01,Firewall,2024-02-13 00:00:00,42.49,45.64,47.73,522.42,7.45,0.302,52.61
6,App-Server-01,Server,2024-02-13 00:00:00,43.21,42.18,16.85,113.87,2.59,0.131,66.87
7,App-Server-02,Server,2024-02-13 00:00:00,40.89,47.77,47.26,162.1,2.34,0.148,67.02
8,DB-Server-01,Server,2024-02-13 00:00:00,38.52,43.18,27.57,177.99,3.41,0.083,66.48
9,WiFi-AP-01,Access Point,2024-02-13 00:00:00,18.98,27.05,29.59,109.57,8.18,0.362,20.95
10,WiFi-AP-02,Access Point,2024-02-13 00:00:00,16.73,24.41,26.62,73.01,11.12,0.384,21.53
1,Core-Router-01,Router,2024-02-13 02:00:00,36.02,38.25,29.7,359.96,6.65,0.214,42.82
2,Core-Router-02,Router,2024-02-13 02:00:00,25.5,36.4,32.63,314.93,3.89,0.157,42.31
3,Dist-Switch-01,Switch,2024-02-13 02:00:00,18.16,28.44,31.77,229.34,4.16,0.082,32.49
4,Dist-Switch-02,Switch,2024-02-13 02:00:00,16.57,32.21,30.84,185.13,4.0,0.126,29.7
5,Edge-Firewall-01,Firewall,2024-02-13 02:00:00,39.49,42.09,43.29,586.23,8.73,0.282,51.44
6,App-Server-01,Server,2024-02-13 02:00:00,41.65,41.32,24.0,132.16,3.21,0.078,66.46
7,App-Server-02,Server,2024-02-13 02:00:00,43.55,41.56,25.19,122.54,4.01,0.095,67.59
8,DB-Server-01,Server,2024-02-13 02:00:00,59.19,41.01,26.25,98.05,3.35,0.107,68.34
9,WiFi-AP-01,Access Point,2024-02-13 02:00:00,15.89,24.27,35.9,82.24,10.89,0.371,21.78
10,WiFi-AP-02,Access Point,2024-02-13 02:00:00,11.27,30.3,32.4,84.24,10.24,0.384,22.26
1,Core-Router-01,Router,2024-02-13 04:00:00,30.86,39.64,47.56,329.86,3.66,0.196,41.46
2,Core-Router-02,Router,2024-02-13 04:00:00,26.16,31.5,49.11,342.81,4.48,0.128,40.36
3,Dist-Switch-01,Switch,2024-02-13 04:00:00,24.56,24.05,35.78,162.58,1.59,0.124,30.52
4,Dist-Switch-02,Switch,2024-02-13 04:00:00,19.34,31.79,35.55,200.75,2.5,0.09,34.08
5,Edge-Firewall-01,Firewall,2024-02-13 04:00:00,30.11,46.68,47.46,543.94,8.79,0.288,51.34
6,App-Server-01,Server,2024-02-13 04:00:00,38.72,42.16,25.09,139.35,3.61,0.089,65.39
7,App-Server-02,Server,2024-02-13 04:00:00,37.62,44.53,20.03,116.18,3.0,0.14,66.2
8,DB-Server-01,Server,2024-02-13 04:00:00,35.35,44.72,53.09,157.37,2.91,0.14,65.92
9,WiFi-AP-01,Access Point,2024-02-13 04:00:00,17.37,29.57,38.98,76.03,10.14,0.404,21.25
10,WiFi-AP-02,Access Point,2024-02-13 04:00:00,12.68,25.58,25.49,149.25,9.54,0.387,21.49
1,Core-Router-01,Router,2024-02-13 06:00:00,48.8,49.75,57.34,431.18,5.98,0.166,41.77
2,Core-Router-02,Router,2024-02-13 06:00:00,54.29,48.02,51.54,460.38,4.77,0.232,42.8
3,Dist-Switch-01,Switch,2024-02-13 06:00:00,31.75,34.87,53.32,293.73,1.37,0.122,33.2
4,Dist-Switch-02,Switch,2024-02-13 06:00:00,21.1,37.86,37.72,265.92,3.47,0.079,33.17
5,Edge-Firewall-01,Firewall,2024-02-13 06:00:00,47.32,57.88,55.89,706.86,7.25,0.303,51.92
6,App-Server-01,Server,2024-02-13 06:00:00,51.9,68.34,44.28,205.52,4.8,0.147,67.13
7,App-Server-02,Server,2024-02-13 06:00:00,52.66,62.73,34.39,156.4,3.3,0.155,67.29
8,DB-Server-01,Server,2024-02-13 06:00:00,49.18,61.78,36.4,170.14,1.36,0.134,67.61
9,WiFi-AP-01,Access Point,2024-02-13 06:00:00,19.92,37.12,39.92,128.94,10.35,0.394,22.55
10,WiFi-AP-02,Access Point,2024-02-13 06:00:00,20.47,43.05,34.2,125.76,9.68,0.429,22.88
1,Core-Router-01,Router,2024-02-13 08:00:00,53.11,59.86,76.57,596.4,4.9,0.187,41.79
2,Core-Router-02,Router,2024-02-13 08:00:00,53.33,74.4,62.33,583.41,3.91,0.243,41.51
3,Dist-Switch-01,Switch,2024-02-13 08:00:00,37.51,53.4,63.93,365.22,2.25,0.133,32.59
4,Dist-Switch-02,Switch,2024-02-13 08:00:00,33.61,55.76,73.01,376.77,2.15,0.135,32.87
5,Edge-Firewall-01,Firewall,2024-02-13 08:00:00,70.49,80.12,85.85,1031.25,8.86,0.403,52.22
6,App-Server-01,Server,2024-02-13 08:00:00,72.57,87.17,73.74,242.64,3.46,0.112,67.37
7,App-Server-02,Server,2024-02-13 08:00:00,73.42,88.18,45.67,203.65,2.69,0.107,68.11
8,DB-Server-01,Server,2024-02-13 08:00:00,70.32,86.9,76.41,258.68,2.21,0.119,67.59
9,WiFi-AP-01,Access Point,2024-02-13 08:00:00,36.96,48.77,53.99,155.35,9.64,0.447,22.18
10,WiFi-AP-02,Access Point,2024-02-13 08:00:00,24.4,47.74,49.78,201.54,9.14,0.402,22.43
1,Core-Router-01,Router,2024-02-13 10:00:00,66.71,90.83,99.5,761.75,5.37,0.284,43.38
2,Core-Router-02,Router,2024-02-13 10:00:00,70.57,83.54,94.2,775.16,4.58,0.19,43.2
3,Dist-Switch-01,Switch,2024-02-13 10:00:00,47.5,67.77,77.62,484.49,2.78,0.132,32.74
4,Dist-Switch-02,Switch,2024-02-13 10:00:00,47.5,72.02,76.3,449.46,0.63,0.108,33.36
5,Edge-Firewall-01,Firewall,2024-02-13 10:00:00,84.55,98.68,99.0,1240.04,7.26,0.429,50.49
6,App-Server-01,Server,2024-02-13 10:00:00,93.21,99.0,66.66,312.18,2.76,0.105,69.84
7,App-Server-02,Server,2024-02-13 10:00:00,91.7,99.0,50.81,288.02,3.52,0.177,67.7
8,DB-Server-01,Server,2024-02-13 10:00:00,88.47,99.0,57.27,335.11,3.33,0.14,67.93
9,WiFi-AP-01,Access Point,2024-02-13 10:00:00,41.39,59.77,73.32,248.56,10.85,0.458,20.97
10,WiFi-AP-02,Access Point,2024-02-13 10:00:00,31.3,58.95,66.69,222.69,9.95,0.481,21.81
1,Core-Router-01,Router,2024-02-13 12:00:00,72.48,83.38,99.0,781.23,4.29,0.207,42.4
2,Core-Router-02,Router,2024-02-13 12:00:00,79.25,90.99,96.5,828.43,6.16,0.212,43.11
3,Dist-Switch-01,Switch,2024-02-13 12:00:00,47.56,72.37,81.47,476.92,1.57,0.123,30.62
4,Dist-Switch-02,Switch,2024-02-13 12:00:00,44.21,74.7,80.39,504.36,2.36,0.139,32.21
5,Edge-Firewall-01,Firewall,2024-02-13 12:00:00,90.97,99.0,99.5,1286.6,7.44,0.448,50.69
6,App-Server-01,Server,2024-02-13 12:00:00,98.47,99.0,67.48,311.12,1.69,0.12,69.24
7,App-Server-02,Server,2024-02-13 12:00:00,96.52,99.0,65.45,294.92,4.45,0.111,65.84
8,DB-Server-01,Server,2024-02-13 12:00:00,94.86,99.0,68.35,309.41,5.62,0.144,67.76
9,WiFi-AP-01,Access Point,2024-02-13 12:00:00,32.48,64.23,74.52,219.87,11.5,0.419,21.83
10,WiFi-AP-02,Access Point,2024-02-13 12:00:00,42.07,62.82,78.94,262.57,10.37,0.457,20.67
1,Core-Router-01,Router,2024-02-13 14:00:00,78.55,88.53,99.0,822.55,6.01,0.231,41.23
2,Core-Router-02,Router,2024-02-13 14:00:00,81.67,84.27,91.42,808.42,5.04,0.209,42.77
3,Dist-Switch-01,Switch,2024-02-13 14:00:00,52.06,72.63,79.41,484.09,1.5,0.161,32.45
4,Dist-Switch-02,Switch,2024-02-13 14:00:00,51.52,72.22,69.43,473.1,2.91,0.148,32.85
5,Edge-Firewall-01,Firewall,2024-02-13 14:00:00,87.05,99.0,99.0,1269.37,9.43,0.415,52.79
6,App-Server-01,Server,2024-02-13 14:00:00,99.0,99.0,69.32,309.74,4.38,0.165,67.53
7,App-Server-02,Server,2024-02-13 14:00:00,95.75,99.0,65.75,356.72,1.84,0.149,66.68
8,DB-Server-01,Server,2024-02-13 14:00:00,95.36,99.0,60.84,335.96,3.77,0.109,66.65
9,WiFi-AP-01,Access Point,2024-02-13 14:00:00,35.96,64.79,70.85,246.49,9.68,0.423,22.31
10,WiFi-AP-02,Access Point,2024-02-13 14:00:00,41.79,68.28,70.99,253.18,11.8,0.454,23.31
1,Core-Router-01,Router,2024-02-13 16:00:00,66.04,81.59,90.57,760.35,6.07,0.203,42.06
2,Core-Router-02,Router,2024-02-13 16:00:00,72.83,84.4,91.31,766.18,3.87,0.23,40.56
3,Dist-Switch-01,Switch,2024-02-13 16:00:00,46.51,71.28,79.97,479.72,3.45,0.08,32.09
4,Dist-Switch-02,Switch,2024-02-13 16:00:00,51.59,66.42,70.25,450.07,1.54,0.078,31.3
5,Edge-Firewall-01,Firewall,2024-02-13 16:00:00,85.23,97.28,99.0,1194.36,7.86,0.387,52.38
6,App-Server-01,Server,2024-02-13 16:00:00,95.08,99.0,60.27,318.39,3.84,0.111,67.54
7,App-Server-02,Server,2024-02-13 16:00:00,93.96,99.0,80.95,312.09,2.71,0.111,67.52
8,DB-Server-01,Server,2024-02-13 16:00:00,92.96,99.0,80.36,276.21,3.8,0.134,66.34
9,WiFi-AP-01,Access Point,2024-02-13 16:00:00,34.46,64.37,69.59,235.27,10.69,0.406,23.16
10,WiFi-AP-02,Access Point,2024-02-13 16:00:00,33.28,57.66,62.82,236.86,10.51,0.423,21.92
1,Core-Router-01,Router,2024-02-13 18:00:00,59.89,64.92,74.57,595.41,6.1,0.191,40.75
2,Core-Router-02,Router,2024-02-13 18:00:00,53.78,60.77,77.6,650.07,2.82,0.225,42.32
3,Dist-Switch-01,Switch,2024-02-13 18:00:00,36.47,53.59,52.22,371.94,2.89,0.211,33.46
4,Dist-Switch-02,Switch,2024-02-13 18:00:00,31.35,54.79,63.87,351.71,2.78,0.101,33.39
5,Edge-Firewall-01,Firewall,2024-02-13 18:00:00,70.21,80.04,82.09,948.74,8.22,0.361,51.84
6,App-Server-01,Server,2024-02-13 18:00:00,77.58,89.38,42.55,239.44,2.57,0.105,64.88
7,App-Server-02,Server,2024-02-13 18:00:00,67.25,84.93,52.66,245.16,3.67,0.093,68.43
8,DB-Server-01,Server,2024-02-13 18:00:00,79.04,83.0,53.15,253.81,5.5,0.129,67.03
9,WiFi-AP-01,Access Point,2024-02-13 18:00:00,26.33,45.81,56.75,186.85,10.54,0.405,21.91
10,WiFi-AP-02,Access Point,2024-02-13 18:00:00,29.49,45.82,51.32,181.6,10.2,0.424,22.76
1,Core-Router-01,Router,2024-02-13 20:00:00,61.05,64.09,71.93,591.42,6.28,0.186,43.31
2,Core-Router-02,Router,2024-02-13 20:00:00,60.63,68.24,74.56,609.9,4.68,0.183,42.0
3,Dist-Switch-01,Switch,2024-02-13 20:00:00,43.85,51.7,61.94,379.7,1.72,0.093,30.65
4,Dist-Switch-02,Switch,2024-02-13 20:00:00,41.85,58.21,60.42,347.88,2.79,0.128,31.15
5,Edge-Firewall-01,Firewall,2024-02-13 20:00:00,66.79,83.74,88.48,961.66,6.32,0.336,52.4
6,App-Server-01,Server,2024-02-13 20:00:00,72.8,90.7,65.55,198.01,2.59,0.109,67.54
7,App-Server-02,Server,2024-02-13 20:00:00,72.39,84.25,38.73,245.37,2.66,0.099,67.64
8,DB-Server-01,Server,2024-02-13 20:00:00,78.06,82.41,42.26,232.17,2.26,0.13,68.59
9,WiFi-AP-01,Access Point,2024-02-13 20:00:00,31.05,54.65,54.81,159.3,9.19,0.444,21.02
10,WiFi-AP-02,Access Point,2024-02-13 20:00:00,32.69,47.66,50.17,210.47,9.41,0.439,22.07
1,Core-Router-01,Router,2024-02-13 22:00:00,37.84,55.37,58.46,431.19,4.52,0.239,42.29
2,Core-Router-02,Router,2024-02-13 22:00:00,36.88,48.99,43.33,442.46,6.7,0.14,41.38
3,Dist-Switch-01,Switch,2024-02-13 22:00:00,26.5,39.68,55.26,259.14,0.8,0.064,32.35
4,Dist-Switch-02,Switch,2024-02-13 22:00:00,28.83,42.14,54.08,253.89,1.31,0.157,32.81
5,Edge-Firewall-01,Firewall,2024-02-13 22:00:00,45.18,60.27,59.56,743.32,6.57,0.342,53.05
6,App-Server-01,Server,2024-02-13 22:00:00,55.27,58.67,38.1,179.74,1.17,0.156,66.8
7,App-Server-02,Server,2024-02-13 22:00:00,59.08,61.82,40.35,160.01,3.21,0.087,66.83
8,DB-Server-01,Server,2024-02-13 22:00:00,49.68,52.82,31.21,191.21,1.6,0.134,65.72
9,WiFi-AP-01,Access Point,2024-02-13 22:00:00,22.99,32.76,45.97,147.59,10.2,0.384,21.39
10,WiFi-AP-02,Access Point,2024-02-13 22:00:00,19.1,37.57,44.44,146.95,9.53,0.377,21.22
1,Core-Router-01,Router,2024-02-14 00:00:00,33.04,30.75,28.94,292.9,2.86,0.201,42.99
2,Core-Router-02,Router,2024-02-14 00:00:00,25.18,36.31,47.29,343.0,7.11,0.131,41.54
3,Dist-Switch-01,Switch,2024-02-14 00:00:00,15.66,30.04,37.98,201.78,1.64,0.121,32.73
4,Dist-Switch-02,Switch,2024-02-14 00:00:00,19.53,27.67,32.03,209.25,1.22,0.121,31.72
5,Edge-Firewall-01,Firewall,2024-02-14 00:00:00,36.43,47.38,40.82,537.33,7.72,0.284,53.74
6,App-Server-01,Server,2024-02-14 00:00:00,40.28,43.88,31.08,149.5,2.0,0.13,67.61
7,App-Server-02,Server,2024-02-14 00:00:00,39.83,45.21,31.92,121.35,3.42,0.129,66.86
8,DB-Server-01,Server,2024-02-14 00:00:00,32.64,45.41,27.59,153.26,2.48,0.152,65.9
9,WiFi-AP-01,Access Point,2024-02-14 00:00:00,17.31,25.92,36.71,70.43,10.43,0.364,23.73
10,WiFi-AP-02,Access Point,2024-02-14 00:00:00,13.34,27.89,25.78,103.66,9.63,0.359,20.21
1,Core-Router-01,Router,2024-02-14 02:00:00,31.63,33.38,34.38,301.89,3.94,0.157,42.65
2,Core-Router-02,Router,2024-02-14 02:00:00,32.62,33.55,41.03,320.69,5.95,0.154,41.54
3,Dist-Switch-01,Switch,2024-02-14 02:00:00,24.14,31.49,26.36,166.37,0.65,0.145,31.18
4,Dist-Switch-02,Switch,2024-02-14 02:00:00,27.48,26.77,27.43,217.4,2.93,0.092,32.88
5,Edge-Firewall-01,Firewall,2024-02-14 02:00:00,33.42,45.79,47.82,525.49,8.09,0.32,52.59
6,App-Server-01,Server,2024-02-14 02:00:00,31.33,49.29,30.71,125.62,3.12,0.071,65.22
7,App-Server-02,Server,2024-02-14 02:00:00,38.35,45.53,25.85,122.68,3.66,0.11,68.11
8,DB-Server-01,Server,2024-02-14 02:00:00,42.42,50.7,35.31,168.01,1.81,0.088,66.48
9,WiFi-AP-01,Access Point,2024-02-14 02:00:00,29.77,28.48,37.05,108.61,7.36,0.428,21.51
10,WiFi-AP-02,Access Point,2024-02-14 02:00:00,15.09,27.72,32.48,47.35,9.76,0.37,23.58
1,Core-Router-01,Router,2024-02-14 04:00:00,32.34,36.08,41.08,299.26,5.66,0.152,41.39
2,Core-Router-02,Router,2024-02-14 04:00:00,35.23,37.45,36.63,320.91,5.37,0.15,42.23
3,Dist-Switch-01,Switch,2024-02-14 04:00:00,15.17,53.66,29.56,195.88,1.96,0.066,32.09
4,Dist-Switch-02,Switch,2024-02-14 04:00:00,27.5,32.52,39.24,209.09,2.07,0.084,32.43
5,Edge-Firewall-01,Firewall,2024-02-14 04:00:00,39.86,40.36,50.24,536.14,6.19,0.284,50.89
6,App-Server-01,Server,2024-02-14 04:00:00,37.82,46.14,19.1,132.13,3.07,0.107,66.75
7,App-Server-02,Server,2024-02-14 04:00:00,41.06,46.33,24.55,99.79,2.89,0.108,66.27
8,DB-Server-01,Server,2024-02-14 04:00:00,56.05,46.41,32.15,133.8,3.29,0.07,66.71
9,WiFi-AP-01,Access Point,2024-02-14 04:00:00,12.11,25.78,31.94,102.36,11.48,0.384,23.44
10,WiFi-AP-02,Access Point,2024-02-14 04:00:00,8.52,31.38,31.3,108.08,10.9,0.327,21.13
1,Core-Router-01,Router,2024-02-14 06:00:00,45.75,46.54,48.35,439.31,4.61,0.146,42.1
2,Core-Router-02,Router,2024-02-14 06:00:00,45.35,50.22,48.99,429.59,4.61,0.165,41.69
3,Dist-Switch-01,Switch,2024-02-14 06:00:00,22.23,40.83,42.12,247.36,2.49,0.104,31.95
4,Dist-Switch-02,Switch,2024-02-14 06:00:00,33.77,46.61,46.88,257.02,2.27,0.128,31.33
5,Edge-Firewall-01,Firewall,2024-02-14 06:00:00,42.11,55.83,56.0,722.88,7.25,0.298,52.95
6,App-Server-01,Server,2024-02-14 06:00:00,57.97,61.1,37.07,184.45,4.27,0.118,68.5
7,App-Server-02,Server,2024-02-14 06:00:00,46.62,60.17,40.68,189.21,2.87,0.097,67.99
8,DB-Server-01,Server,2024-02-14 06:00:00,45.36,64.54,35.97,167.82,3.5,0.092,67.23
9,WiFi-AP-01,Access Point,2024-02-14 06:00:00,22.02,37.75,40.76,95.02,8.61,0.42,22.66
10,WiFi-AP-02,Access Point,2024-02-14 06:00:00,24.43,40.53,34.89,159.39,8.06,0.374,22.45
1,Core-Router-01,Router,2024-02-14 08:00:00,55.91,66.23,73.85,585.8,5.87,0.168,42.56
2,Core-Router-02,Router,2024-02-14 08:00:00,53.83,66.17,75.88,642.3,3.61,0.226,42.47
3,Dist-Switch-01,Switch,2024-02-14 08:00:00,35.3,77.44,60.93,378.74,1.71,0.128,31.41
4,Dist-Switch-02,Switch,2024-02-14 08:00:00,35.99,51.18,60.87,367.52,1.64,0.078,30.59
5,Edge-Firewall-01,Firewall,2024-02-14 08:00:00,63.34,75.94,89.87,1022.92,7.12,0.338,51.51
6,App-Server-01,Server,2024-02-14 08:00:00,74.14,83.64,50.25,257.5,1.78,0.101,65.41
7,App-Server-02,Server,2024-02-14 08:00:00,72.23,99.5,47.69,237.96,2.51,0.099,67.44
8,DB-Server-01,Server,2024-02-14 08:00:00,74.33,85.82,45.97,265.81,4.53,0.152,67.36
9,WiFi-AP-01,Access Point,2024-02-14 08:00:00,28.65,51.62,54.88,184.21,10.49,0.401,23.88
10,WiFi-AP-02,Access Point,2024-02-14 08:00:00,32.56,51.63,53.84,180.69,10.81,0.433,20.95
1,Core-Router-01,Router,2024-02-14 10:00:00,69.19,85.37,90.92,770.7,4.91,0.282,40.89
2,Core-Router-02,Router,2024-02-14 10:00:00,72.58,83.21,92.52,763.05,4.17,0.196,42.53
3,Dist-Switch-01,Switch,2024-02-14 10:00:00,47.51,75.25,73.92,491.29,1.14,0.098,32.38
4,Dist-Switch-02,Switch,2024-02-14 10:00:00,45.28,68.66,73.2,475.95,1.16,0.089,32.96
5,Edge-Firewall-01,Firewall,2024-02-14 10:00:00,89.48,99.0,99.0,1208.25,7.21,0.436,50.97
6,App-Server-01,Server,2024-02-14 10:00:00,91.57,99.0,67.05,293.67,3.09,0.109,65.8
7,App-Server-02,Server,2024-02-14 10:00:00,95.93,99.0,65.1,317.15,2.24,0.135,67.65
8,DB-Server-01,Server,2024-02-14 10:00:00,97.75,99.0,65.94,294.73,4.1,0.12,67.44
9,WiFi-AP-01,Access Point,2024-02-14 10:00:00,36.69,63.72,73.2,199.4,11.33,0.529,21.84
10,WiFi-AP-02,Access Point,2024-02-14 10:00:00,37.65,64.77,69.02,228.86,11.9,0.481,21.41
1,Core-Router-01,Router,2024-02-14 12:00:00,74.52,84.17,95.26,801.73,5.96,0.209,40.52
2,Core-Router-02,Router,2024-02-14 12:00:00,70.07,86.96,96.04,787.42,5.45,0.205,42.79
3,Dist-Switch-01,Switch,2024-02-14 12:00:00,48.55,69.92,87.88,513.98,2.29,0.086,31.14
4,Dist-Switch-02,Switch,2024-02-14 12:00:00,52.85,75.31,76.87,471.89,2.46,0.135,31.57
5,Edge-Firewall-01,Firewall,2024-02-14 12:00:00,84.87,99.0,99.0,1313.12,6.25,0.391,52.46
6,App-Server-01,Server,2024-02-14 12:00:00,99.0,99.0,62.86,307.44,3.99,0.125,66.71
7,App-Server-02,Server,2024-02-14 12:00:00,99.0,99.0,64.75,311.66,3.53,0.15,66.9
8,DB-Server-01,Server,2024-02-14 12:00:00,94.51,99.0,66.69,301.67,3.41,0.171,69.39
9,WiFi-AP-01,Access Point,2024-02-14 12:00:00,38.42,67.9,99.5,247.65,8.83,0.457,22.25
10,WiFi-AP-02,Access Point,2024-02-14 12:00:00,42.35,64.48,73.49,225.07,9.85,0.448,21.49
1,Core-Router-01,Router,2024-02-14 14:00:00,73.38,90.12,98.38,807.33,5.41,0.185,42.3
2,Core-Router-02,Router,2024-02-14 14:00:00,73.51,92.58,91.1,803.0,5.34,0.253,43.58
3,Dist-Switch-01,Switch,2024-02-14 14:00:00,49.58,75.71,86.54,493.87,0.5,0.082,32.41
4,Dist-Switch-02,Switch,2024-02-14 14:00:00,44.22,67.47,83.25,460.64,4.06,0.085,33.55
5,Edge-Firewall-01,Firewall,2024-02-14 14:00:00,89.16,99.0,99.0,1315.11,5.96,0.423,52.87
6,App-Server-01,Server,2024-02-14 14:00:00,96.51,99.0,63.25,329.41,4.21,0.125,65.5
7,App-Server-02,Server,2024-02-14 14:00:00,99.0,99.0,62.79,347.53,3.93,0.128,66.72
8,DB-Server-01,Server,2024-02-14 14:00:00,99.0,99.0,84.02,328.24,3.3,0.113,67.25
9,WiFi-AP-01,Access Point,2024-02-14 14:00:00,45.21,64.12,72.83,249.13,9.82,0.505,22.41
10,WiFi-AP-02,Access Point,2024-02-14 14:00:00,41.37,63.65,72.18,179.22,11.21,0.469,20.86
1,Core-Router-01,Router,2024-02-14 16:00:00,65.98,88.29,85.8,772.69,4.51,0.186,42.25
2,Core-Router-02,Router,2024-02-14 16:00:00,67.55,85.11,89.11,727.44,4.07,0.22,40.6
3,Dist-Switch-01,Switch,2024-02-14 16:00:00,47.27,68.16,78.08,468.29,2.76,0.094,31.22
4,Dist-Switch-02,Switch,2024-02-14 16:00:00,48.11,69.35,87.26,458.03,2.38,0.079,32.25
5,Edge-Firewall-01,Firewall,2024-02-14 16:00:00,83.87,97.9,99.0,1233.44,7.58,0.41,52.91
6,App-Server-01,Server,2024-02-14 16:00:00,88.05,99.0,63.29,293.5,1.95,0.18,66.23
7,App-Server-02,Server,2024-02-14 16:00:00,85.48,99.0,87.5,306.72,4.89,0.131,67.44
8,DB-Server-01,Server,2024-02-14 16:00:00,96.09,99.0,64.57,268.61,4.76,0.148,66.52
9,WiFi-AP-01,Access Point,2024-02-14 16:00:00,41.48,64.99,62.24,216.94,11.35,0.428,22.64
10,WiFi-AP-02,Access Point,2024-02-14 16:00:00,38.44,63.72,71.25,231.06,7.9,0.447,22.93
1,Core-Router-01,Router,2024-02-14 18:00:00,49.99,63.64,75.85,614.39,3.03,0.191,42.51
2,Core-Router-02,Router,2024-02-14 18:00:00,57.65,65.4,72.52,592.91,6.32,0.166,41.53
3,Dist-Switch-01,Switch,2024-02-14 18:00:00,32.0,51.14,70.11,362.83,1.6,0.077,31.57
4,Dist-Switch-02,Switch,2024-02-14 18:00:00,36.2,55.05,61.13,341.05,2.89,0.096,31.54
5,Edge-Firewall-01,Firewall,2024-02-14 18:00:00,64.34,76.21,86.81,994.7,7.28,0.421,51.17
6,App-Server-01,Server,2024-02-14 18:00:00,71.47,81.78,45.85,233.17,2.98,0.158,67.78
7,App-Server-02,Server,2024-02-14 18:00:00,79.9,89.76,62.26,257.57,3.55,0.092,67.38
8,DB-Server-01,Server,2024-02-14 18:00:00,75.99,88.12,44.78,259.15,4.67,0.132,68.74
9,WiFi-AP-01,Access Point,2024-02-14 18:00:00,20.19,50.63,56.27,203.69,8.87,0.386,23.1
10,WiFi-AP-02,Access Point,2024-02-14 18:00:00,26.29,49.57,54.86,179.23,10.57,0.435,21.42
1,Core-Router-01,Router,2024-02-14 20:00:00,54.39,63.55,79.41,594.52,5.79,0.198,42.9
2,Core-Router-02,Router,2024-02-14 20:00:00,48.51,71.38,78.94,599.45,4.17,0.171,40.67
3,Dist-Switch-01,Switch,2024-02-14 20:00:00,36.77,52.52,59.78,353.42,1.2,0.154,32.98
4,Dist-Switch-02,Switch,2024-02-14 20:00:00,30.71,52.32,65.34,385.67,0.61,0.1,32.47
5,Edge-Firewall-01,Firewall,2024-02-14 20:00:00,59.39,78.16,84.79,977.77,6.68,0.357,51.58
6,App-Server-01,Server,2024-02-14 20:00:00,71.12,83.91,48.18,250.39,4.77,0.129,68.52
7,App-Server-02,Server,2024-02-14 20:00:00,71.34,82.46,52.85,243.88,3.73,0.13,67.85
8,DB-Server-01,Server,2024-02-14 20:00:00,72.56,99.5,47.01,254.01,3.77,0.105,67.54
9,WiFi-AP-01,Access Point,2024-02-14 20:00:00,57.26,51.06,59.88,219.37,9.53,0.469,22.32
10,WiFi-AP-02,Access Point,2024-02-14 20:00:00,26.15,46.89,57.27,197.63,8.98,0.417,21.67
1,Core-Router-01,Router,2024-02-14 22:00:00,36.51,43.2,42.18,436.36,5.25,0.169,40.84
2,Core-Router-02,Router,2024-02-14 22:00:00,34.58,47.26,53.3,464.18,5.72,0.153,42.56
3,Dist-Switch-01,Switch,2024-02-14 22:00:00,39.52,40.18,44.09,294.49,2.49,0.1,31.44
4,Dist-Switch-02,Switch,2024-02-14 22:00:00,25.31,35.27,43.25,263.53,2.47,0.093,32.3
5,Edge-Firewall-01,Firewall,2024-02-14 22:00:00,42.32,54.06,59.13,723.45,8.62,0.297,54.56
6,App-Server-01,Server,2024-02-14 22:00:00,59.53,65.88,39.02,186.77,3.39,0.17,66.15
7,App-Server-02,Server,2024-02-14 22:00:00,52.39,62.54,34.9,183.05,0.9,0.101,67.26
8,DB-Server-01,Server,2024-02-14 22:00:00,52.53,64.94,30.29,172.86,3.28,0.119,65.2
9,WiFi-AP-01,Access Point,2024-02-14 22:00:00,17.59,35.33,38.71,132.83,9.34,0.418,22.34
10,WiFi-AP-02,Access Point,2024-02-14 22:00:00,21.53,37.43,36.22,92.78,7.4,0.385,22.33
1,Core-Router-01,Router,2024-02-15 00:00:00,29.11,35.02,32.09,295.96,5.37,0.14,41.89
2,Core-Router-02,Router,2024-02-15 00:00:00,23.87,61.34,40.28,339.44,4.84,0.193,41.67
3,Dist-Switch-01,Switch,2024-02-15 00:00:00,25.17,30.69,33.92,218.9,1.38,0.079,31.03
4,Dist-Switch-02,Switch,2024-02-15 00:00:00,23.77,31.04,38.86,204.35,3.1,0.099,33.24
5,Edge-Firewall-01,Firewall,2024-02-15 00:00:00,35.12,43.4,75.7,580.56,8.82,0.316,51.7
6,App-Server-01,Server,2024-02-15 00:00:00,40.68,46.44,33.74,130.58,4.33,0.135,68.65
7,App-Server-02,Server,2024-02-15 00:00:00,36.6,49.29,47.09,145.87,2.04,0.12,68.1
8,DB-Server-01,Server,2024-02-15 00:00:00,37.65,48.46,31.44,115.03,1.97,0.122,66.04
9,WiFi-AP-01,Access Point,2024-02-15 00:00:00,12.38,29.47,32.83,66.2,9.49,0.395,23.11
10,WiFi-AP-02,Access Point,2024-02-15 00:00:00,14.89,22.07,30.89,112.25,9.05,0.358,21.35
1,Core-Router-01,Router,2024-02-15 02:00:00,35.01,35.42,36.44,332.72,4.79,0.169,43.47
2,Core-Router-02,Router,2024-02-15 02:00:00,34.93,35.57,41.58,363.52,6.53,0.179,42.84
3,Dist-Switch-01,Switch,2024-02-15 02:00:00,21.72,32.82,66.19,179.43,1.31,0.106,32.4
4,Dist-Switch-02,Switch,2024-02-15 02:00:00,11.12,25.04,36.69,217.03,0.65,0.111,32.05
5,Edge-Firewall-01,Firewall,2024-02-15 02:00:00,32.62,41.71,40.61,521.68,6.13,0.269,52.84
6,App-Server-01,Server,2024-02-15 02:00:00,34.66,46.78,22.68,146.88,0.69,0.103,65.43
7,App-Server-02,Server,2024-02-15 02:00:00,39.21,44.6,24.9,102.91,4.66,0.134,66.04
8,DB-Server-01,Server,2024-02-15 02:00:00,47.23,47.69,20.43,130.92,2.76,0.158,66.49
9,WiFi-AP-01,Access Point,2024-02-15 02:00:00,16.58,30.5,29.09,97.85,9.18,0.405,23.15
10,WiFi-AP-02,Access Point,2024-02-15 02:00:00,19.84,27.04,22.04,121.86,10.06,0.375,22.7
1,Core-Router-01,Router,2024-02-15 04:00:00,30.93,33.5,38.45,295.67,5.09,0.197,40.45
2,Core-Router-02,Router,2024-02-15 04:00:00,30.55,38.72,44.13,318.83,3.9,0.16,43.44
3,Dist-Switch-01,Switch,2024-02-15 04:00:00,13.19,26.39,55.0,180.74,1.96,0.127,31.05
4,Dist-Switch-02,Switch,2024-02-15 04:00:00,19.44,30.01,31.7,168.68,1.36,0.091,32.88
5,Edge-Firewall-01,Firewall,2024-02-15 04:00:00,38.39,38.73,44.79,523.99,9.95,0.291,51.17
6,App-Server-01,Server,2024-02-15 04:00:00,36.94,45.59,28.51,143.2,3.2,0.079,67.11
7,App-Server-02,Server,2024-02-15 04:00:00,39.53,41.38,56.06,121.95,1.35,0.191,67.56
8,DB-Server-01,Server,2024-02-15 04:00:00,40.1,74.77,30.35,110.25,2.69,0.118,67.97
9,WiFi-AP-01,Access Point,2024-02-15 04:00:00,13.38,30.0,29.54,115.61,10.4,0.393,21.31
10,WiFi-AP-02,Access Point,2024-02-15 04:00:00,20.31,21.11,30.25,89.21,8.6,0.406,21.61
1,Core-Router-01,Router,2024-02-15 06:00:00,39.26,47.38,53.8,428.4,4.52,0.154,42.43
2,Core-Router-02,Router,2024-02-15 06:00:00,43.45,51.51,54.59,453.61,5.31,0.159,43.15
3,Dist-Switch-01,Switch,2024-02-15 06:00:00,23.04,33.91,39.29,295.06,1.7,0.075,31.98
4,Dist-Switch-02,Switch,2024-02-15 06:00:00,28.95,40.26,44.16,279.28,1.53,0.083,32.08
5,Edge-Firewall-01,Firewall,2024-02-15 06:00:00,48.52,55.39,61.22,701.18,9.13,0.381,53.14
6,App-Server-01,Server,2024-02-15 06:00:00,46.42,63.91,31.41,189.33,2.88,0.145,68.61
7,App-Server-02,Server,2024-02-15 06:00:00,56.51,63.81,32.4,194.22,1.72,0.19,65.69
8,DB-Server-01,Server,2024-02-15 06:00:00,49.71,60.04,33.43,170.19,2.35,0.181,67.44
9,WiFi-AP-01,Access Point,2024-02-15 06:00:00,21.19,33.51,47.04,128.66,10.06,0.403,20.76
10,WiFi-AP-02,Access Point,2024-02-15 06:00:00,22.16,37.98,39.59,107.43,9.52,0.376,20.14
1,Core-Router-01,Router,2024-02-15 08:00:00,49.66,73.23,75.85,641.54,5.87,0.169,41.94
2,Core-Router-02,Router,2024-02-15 08:00:00,56.59,71.66,77.55,615.21,4.83,0.182,41.72
3,Dist-Switch-01,Switch,2024-02-15 08:00:00,38.71,52.97,59.42,346.57,1.56,0.104,33.94
4,Dist-Switch-02,Switch,2024-02-15 08:00:00,33.13,56.22,56.45,368.06,2.29,0.159,30.85
5,Edge-Firewall-01,Firewall,2024-02-15 08:00:00,63.49,75.63,86.08,983.85,6.94,0.333,51.83
6,App-Server-01,Server,2024-02-15 08:00:00,99.04,83.78,51.39,277.45,3.77,0.156,65.85
7,App-Server-02,Server,2024-02-15 08:00:00,70.72,87.36,56.49,257.76,1.97,0.107,67.58
8,DB-Server-01,Server,2024-02-15 08:00:00,72.77,83.27,47.5,244.46,1.92,0.136,66.81
9,WiFi-AP-01,Access Point,2024-02-15 08:00:00,30.3,52.06,54.44,203.17,8.97,0.413,23.09
10,WiFi-AP-02,Access Point,2024-02-15 08:00:00,27.27,48.41,54.28,187.76,10.47,0.427,22.19
1,Core-Router-01,Router,2024-02-15 10:00:00,75.2,87.29,95.75,760.99,7.13,0.227,42.29
2,Core-Router-02,Router,2024-02-15 10:00:00,86.05,82.76,93.75,776.71,5.7,0.179,40.78
3,Dist-Switch-01,Switch,2024-02-15 10:00:00,46.86,70.96,71.59,457.09,3.34,0.134,31.97
4,Dist-Switch-02,Switch,2024-02-15 10:00:00,51.84,69.31,73.85,458.77,2.83,0.086,32.85
5,Edge-Firewall-01,Firewall,2024-02-15 10:00:00,85.07,99.0,99.0,1217.85,7.06,0.394,52.12
6,App-Server-01,Server,2024-02-15 10:00:00,89.99,99.0,67.57,302.85,3.01,0.154,67.03
7,App-Server-02,Server,2024-02-15 10:00:00,92.67,99.0,59.38,320.45,3.06,0.226,67.46
8,DB-Server-01,Server,2024-02-15 10:00:00,80.8,99.0,63.85,293.07,2.42,0.152,66.77
9,WiFi-AP-01,Access Point,2024-02-15 10:00:00,39.02,62.35,63.74,245.56,8.81,0.439,22.59
10,WiFi-AP-02,Access Point,2024-02-15 10:00:00,34.5,58.03,70.75,218.26,9.81,0.438,22.73
1,Core-Router-01,Router,2024-02-15 12:00:00,69.34,89.07,92.67,828.6,6.54,0.212,42.22
2,Core-Router-02,Router,2024-02-15 12:00:00,76.68,89.3,99.0,812.23,3.94,0.183,43.38
3,Dist-Switch-01,Switch,2024-02-15 12:00:00,49.93,77.88,72.26,494.3,1.35,0.119,33.58
4,Dist-Switch-02,Switch,2024-02-15 12:00:00,47.65,71.95,82.84,443.67,3.35,0.169,33.17
5,Edge-Firewall-01,Firewall,2024-02-15 12:00:00,90.88,99.0,99.0,1321.8,8.92,0.404,52.58
6,App-Server-01,Server,2024-02-15 12:00:00,98.55,99.0,99.5,318.77,2.57,0.155,67.22
7,App-Server-02,Server,2024-02-15 12:00:00,97.27,99.0,68.29,339.07,1.58,0.119,66.24
8,DB-Server-01,Server,2024-02-15 12:00:00,95.52,99.0,64.71,337.56,3.77,0.14,65.91
9,WiFi-AP-01,Access Point,2024-02-15 12:00:00,50.01,64.82,79.07,193.07,9.73,0.523,21.39
10,WiFi-AP-02,Access Point,2024-02-15 12:00:00,40.76,63.89,79.58,278.74,9.03,0.447,21.22
1,Core-Router-01,Router,2024-02-15 14:00:00,77.63,89.71,97.51,817.45,4.69,0.22,42.3
2,Core-Router-02,Router,2024-02-15 14:00:00,71.94,90.27,89.18,814.93,4.31,0.18,43.16
3,Dist-Switch-01,Switch,2024-02-15 14:00:00,46.45,76.6,72.42,517.6,3.24,0.118,31.37
4,Dist-Switch-02,Switch,2024-02-15 14:00:00,42.69,75.77,79.47,478.64,0.88,0.162,31.28
5,Edge-Firewall-01,Firewall,2024-02-15 14:00:00,89.33,99.0,99.0,1285.9,7.63,0.407,51.9
6,App-Server-01,Server,2024-02-15 14:00:00,99.0,99.0,68.67,289.35,2.22,0.143,66.15
7,App-Server-02,Server,2024-02-15 14:00:00,98.48,99.0,53.5,364.39,3.18,0.099,68.56
8,DB-Server-01,Server,2024-02-15 14:00:00,99.0,99.0,55.13,335.77,2.04,0.163,66.47
9,WiFi-AP-01,Access Point,2024-02-15 14:00:00,38.75,60.87,66.7,241.18,9.8,0.44,24.3
10,WiFi-AP-02,Access Point,2024-02-15 14:00:00,42.97,64.93,59.22,259.87,12.99,0.438,21.44
1,Core-Router-01,Router,2024-02-15 16:00:00,69.49,79.84,94.09,794.85,4.33,0.201,42.17
2,Core-Router-02,Router,2024-02-15 16:00:00,66.83,79.6,89.86,753.1,6.37,0.225,43.65
3,Dist-Switch-01,Switch,2024-02-15 16:00:00,49.1,69.45,72.11,485.43,2.35,0.137,31.34
4,Dist-Switch-02,Switch,2024-02-15 16:00:00,40.84,62.68,78.43,434.15,1.24,0.072,32.06
5,Edge-Firewall-01,Firewall,2024-02-15 16:00:00,81.28,99.0,99.5,1194.08,8.46,0.394,51.58
6,App-Server-01,Server,2024-02-15 16:00:00,87.47,99.0,62.32,308.32,2.42,0.131,67.09
7,App-Server-02,Server,2024-02-15 16:00:00,95.65,99.0,66.74,316.05,3.98,0.157,66.54
8,DB-Server-01,Server,2024-02-15 16:00:00,93.88,99.0,62.88,325.53,3.82,0.151,67.26
9,WiFi-AP-01,Access Point,2024-02-15 16:00:00,34.56,58.86,60.28,232.13,8.22,0.423,23.61
10,WiFi-AP-02,Access Point,2024-02-15 16:00:00,40.36,61.34,76.51,236.0,9.14,0.427,24.21
1,Core-Router-01,Router,2024-02-15 18:00:00,50.7,63.17,76.5,607.39,4.47,0.214,40.3
2,Core-Router-02,Router,2024-02-15 18:00:00,49.24,72.15,73.38,572.63,6.18,0.211,43.48
3,Dist-Switch-01,Switch,2024-02-15 18:00:00,35.02,54.26,61.88,395.15,1.45,0.105,32.95
4,Dist-Switch-02,Switch,2024-02-15 18:00:00,41.55,54.91,64.54,369.37,1.75,0.112,31.1
5,Edge-Firewall-01,Firewall,2024-02-15 18:00:00,64.85,76.62,87.08,1003.35,8.2,0.376,53.11
6,App-Server-01,Server,2024-02-15 18:00:00,74.61,87.15,46.35,267.42,4.13,0.097,67.97
7,App-Server-02,Server,2024-02-15 18:00:00,77.83,84.27,48.54,246.35,1.9,0.111,68.27
8,DB-Server-01,Server,2024-02-15 18:00:00,72.85,86.68,55.94,236.65,3.36,0.115,66.65
9,WiFi-AP-01,Access Point,2024-02-15 18:00:00,31.96,49.67,57.84,185.09,10.47,0.479,23.31
10,WiFi-AP-02,Access Point,2024-02-15 18:00:00,31.95,50.46,53.57,180.38,10.49,0.4,23.04
1,Core-Router-01,Router,2024-02-15 20:00:00,60.14,67.0,63.38,652.56,4.35,0.17,42.98
2,Core-Router-02,Router,2024-02-15 20:00:00,60.7,92.65,71.61,635.67,5.2,0.298,43.35
3,Dist-Switch-01,Switch,2024-02-15 20:00:00,36.0,52.69,48.05,380.62,3.01,0.105,29.9
4,Dist-Switch-02,Switch,2024-02-15 20:00:00,31.68,56.51,95.87,366.01,3.09,0.118,32.46
5,Edge-Firewall-01,Firewall,2024-02-15 20:00:00,66.21,83.11,82.96,1012.54,7.69,0.386,51.21
6,App-Server-01,Server,2024-02-15 20:00:00,70.94,86.77,45.9,228.34,3.89,0.246,66.82
7,App-Server-02,Server,2024-02-15 20:00:00,68.09,99.3,50.17,240.65,2.7,0.144,67.24
8,DB-Server-01,Server,2024-02-15 20:00:00,80.65,87.8,44.12,283.43,3.28,0.184,66.98
9,WiFi-AP-01,Access Point,2024-02-15 20:00:00,31.68,50.25,54.23,209.0,11.93,0.51,23.06
10,WiFi-AP-02,Access Point,2024-02-15 20:00:00,27.02,41.17,57.65,193.95,10.68,0.4,23.13
1,Core-Router-01,Router,2024-02-15 22:00:00,37.64,49.74,56.89,472.06,5.04,0.148,42.19
2,Core-Router-02,Router,2024-02-15 22:00:00,35.28,51.26,46.11,452.82,5.08,0.213,40.76
3,Dist-Switch-01,Switch,2024-02-15 22:00:00,23.29,39.02,51.9,264.79,2.55,0.125,33.32
4,Dist-Switch-02,Switch,2024-02-15 22:00:00,26.67,37.93,46.99,253.29,3.81,0.107,32.46
5,Edge-Firewall-01,Firewall,2024-02-15 22:00:00,51.0,58.38,60.46,721.97,7.76,0.399,51.56
6,App-Server-01,Server,2024-02-15 22:00:00,55.44,59.95,31.63,142.28,3.41,0.104,68.33
7,App-Server-02,Server,2024-02-15 22:00:00,55.05,62.74,28.55,189.7,2.34,0.149,67.68
8,DB-Server-01,Server,2024-02-15 22:00:00,48.37,56.03,42.09,166.79,1.26,0.122,66.53
9,WiFi-AP-01,Access Point,2024-02-15 22:00:00,26.83,30.61,51.81,153.11,9.55,0.392,21.76
10,WiFi-AP-02,Access Point,2024-02-15 22:00:00,30.33,31.73,62.35,163.56,9.63,0.429,23.02
1,Core-Router-01,Router,2024-02-16 00:00:00,34.12,34.4,47.45,335.52,5.51,0.209,43.07
2,Core-Router-02,Router,2024-02-16 00:00:00,30.1,60.13,53.68,318.72,5.32,0.156,42.86
3,Dist-Switch-01,Switch,2024-02-16 00:00:00,48.81,30.25,32.97,231.75,1.86,0.108,32.49
4,Dist-Switch-02,Switch,2024-02-16 00:00:00,23.75,32.28,31.43,163.82,0.5,0.154,32.21
5,Edge-Firewall-01,Firewall,2024-02-16 00:00:00,27.38,43.01,47.5,552.32,8.5,0.3,52.71
6,App-Server-01,Server,2024-02-16 00:00:00,38.85,46.51,22.5,138.36,1.42,0.123,66.34
7,App-Server-02,Server,2024-02-16 00:00:00,40.76,47.79,32.57,100.18,2.67,0.098,69.05
8,DB-Server-01,Server,2024-02-16 00:00:00,39.98,45.05,36.89,149.85,4.37,0.13,67.82
9,WiFi-AP-01,Access Point,2024-02-16 00:00:00,12.39,22.84,33.01,113.39,9.52,0.409,21.93
10,WiFi-AP-02,Access Point,2024-02-16 00:00:00,15.65,26.65,28.89,125.9,8.96,0.385,21.11
1,Core-Router-01,Router,2024-02-16 02:00:00,37.64,35.82,36.3,328.75,5.85,0.171,41.72
2,Core-Router-02,Router,2024-02-16 02:00:00,28.51,32.43,40.83,360.15,4.42,0.16,41.72
3,Dist-Switch-01,Switch,2024-02-16 02:00:00,15.69,32.15,45.19,211.57,1.59,0.075,34.21
4,Dist-Switch-02,Switch,2024-02-16 02:00:00,21.3,27.81,33.14,205.0,2.47,0.136,33.58
5,Edge-Firewall-01,Firewall,2024-02-16 02:00:00,37.59,43.36,48.81,523.04,8.98,0.285,52.79
6,App-Server-01,Server,2024-02-16 02:00:00,46.99,48.49,27.91,123.45,2.92,0.13,67.83
7,App-Server-02,Server,2024-02-16 02:00:00,31.6,49.74,30.42,135.76,2.47,0.067,65.53
8,DB-Server-01,Server,2024-02-16 02:00:00,43.44,46.34,34.34,141.64,3.23,0.092,66.32
9,WiFi-AP-01,Access Point,2024-02-16 02:00:00,14.92,27.16,28.59,88.82,9.72,0.347,24.62
10,WiFi-AP-02,Access Point,2024-02-16 02:00:00,15.42,24.73,51.7,130.38,11.57,0.444,22.36
1,Core-Router-01,Router,2024-02-16 04:00:00,32.67,33.64,38.37,312.2,5.47,0.135,42.53
2,Core-Router-02,Router,2024-02-16 04:00:00,26.72,39.35,28.1,329.46,4.89,0.228,42.68
3,Dist-Switch-01,Switch,2024-02-16 04:00:00,19.38,31.79,43.45,207.19,2.97,0.129,32.79
4,Dist-Switch-02,Switch,2024-02-16 04:00:00,16.61,25.18,35.32,192.69,3.28,0.082,32.29
5,Edge-Firewall-01,Firewall,2024-02-16 04:00:00,32.16,42.45,42.12,518.17,7.95,0.295,54.93
6,App-Server-01,Server,2024-02-16 04:00:00,43.48,50.08,26.21,135.92,2.57,0.203,67.19
7,App-Server-02,Server,2024-02-16 04:00:00,37.72,44.57,28.44,162.22,4.09,0.107,66.52
8,DB-Server-01,Server,2024-02-16 04:00:00,45.13,53.13,26.03,157.93,1.53,0.115,66.29
9,WiFi-AP-01,Access Point,2024-02-16 04:00:00,18.37,26.22,46.89,124.73,9.35,0.36,20.96
10,WiFi-AP-02,Access Point,2024-02-16 04:00:00,21.38,30.05,31.91,102.75,9.49,0.434,22.61
1,Core-Router-01,Router,2024-02-16 06:00:00,43.16,81.58,51.55,451.4,6.11,0.2,41.68
2,Core-Router-02,Router,2024-02-16 06:00:00,39.02,47.48,49.01,475.43,5.06,0.143,42.55
3,Dist-Switch-01,Switch,2024-02-16 06:00:00,26.98,39.48,40.79,298.91,1.43,0.11,32.22
4,Dist-Switch-02,Switch,2024-02-16 06:00:00,35.39,37.68,48.15,262.67,2.24,0.114,30.58
5,Edge-Firewall-01,Firewall,2024-02-16 06:00:00,45.47,60.7,62.93,717.84,8.71,0.335,53.36
6,App-Server-01,Server,2024-02-16 06:00:00,56.8,63.15,38.02,201.7,2.41,0.111,69.04
7,App-Server-02,Server,2024-02-16 06:00:00,56.08,61.77,47.27,183.02,4.4,0.099,68.37
8,DB-Server-01,Server,2024-02-16 06:00:00,51.33,63.41,32.65,216.42,2.78,0.131,67.4
9,WiFi-AP-01,Access Point,2024-02-16 06:00:00,24.45,35.6,36.07,154.55,11.26,0.456,21.42
10,WiFi-AP-02,Access Point,2024-02-16 06:00:00,21.66,34.09,42.77,170.59,9.62,0.444,20.83
1,Core-Router-01,Router,2024-02-16 08:00:00,57.02,65.67,75.98,578.11,3.71,0.181,41.67
2,Core-Router-02,Router,2024-02-16 08:00:00,53.9,72.97,74.28,631.28,4.24,0.221,42.22
3,Dist-Switch-01,Switch,2024-02-16 08:00:00,30.83,53.1,62.51,365.72,2.33,0.095,31.1
4,Dist-Switch-02,Switch,2024-02-16 08:00:00,33.03,48.66,59.47,382.69,3.49,0.076,33.67
5,Edge-Firewall-01,Firewall,2024-02-16 08:00:00,68.99,80.04,82.8,933.5,9.22,0.341,53.69
6,App-Server-01,Server,2024-02-16 08:00:00,91.47,93.14,47.82,231.46,2.79,0.093,67.23
7,App-Server-02,Server,2024-02-16 08:00:00,71.53,80.44,45.04,266.79,2.12,0.172,66.24
8,DB-Server-01,Server,2024-02-16 08:00:00,73.24,83.58,47.66,229.33,4.01,0.111,69.52
9,WiFi-AP-01,Access Point,2024-02-16 08:00:00,29.14,48.21,61.11,191.8,9.06,0.415,22.7
10,WiFi-AP-02,Access Point,2024-02-16 08:00:00,23.49,47.11,56.14,212.9,10.7,0.399,21.59
1,Core-Router-01,Router,2024-02-16 10:00:00,72.18,77.04,87.95,794.75,5.3,0.21,41.1
2,Core-Router-02,Router,2024-02-16 10:00:00,72.35,84.56,90.89,774.04,5.16,0.177,40.98
3,Dist-Switch-01,Switch,2024-02-16 10:00:00,41.89,71.24,79.45,467.58,1.41,0.109,31.93
4,Dist-Switch-02,Switch,2024-02-16 10:00:00,51.2,66.75,74.03,456.91,2.85,0.077,32.34
5,Edge-Firewall-01,Firewall,2024-02-16 10:00:00,82.76,99.0,99.0,1210.81,8.13,0.373,54.65
6,App-Server-01,Server,2024-02-16 10:00:00,89.54,99.0,62.72,286.77,1.93,0.167,66.53
7,App-Server-02,Server,2024-02-16 10:00:00,88.99,99.0,60.07,259.31,3.49,0.122,66.89
8,DB-Server-01,Server,2024-02-16 10:00:00,94.34,99.0,58.18,315.66,4.55,0.148,68.05
9,WiFi-AP-01,Access Point,2024-02-16 10:00:00,33.88,64.85,65.43,214.97,11.15,0.438,21.62
10,WiFi-AP-02,Access Point,2024-02-16 10:00:00,38.84,59.2,61.03,233.75,9.64,0.464,23.6
1,Core-Router-01,Router,2024-02-16 12:00:00,69.52,89.86,99.0,807.9,4.27,0.184,42.76
2,Core-Router-02,Router,2024-02-16 12:00:00,76.68,95.05,95.28,816.94,3.73,0.21,42.48
3,Dist-Switch-01,Switch,2024-02-16 12:00:00,48.07,71.32,79.56,492.54,1.03,0.089,32.32
4,Dist-Switch-02,Switch,2024-02-16 12:00:00,42.62,70.02,78.0,519.18,1.17,0.074,31.26
5,Edge-Firewall-01,Firewall,2024-02-16 12:00:00,86.33,99.0,99.0,1274.32,8.91,0.396,52.22
6,App-Server-01,Server,2024-02-16 12:00:00,99.0,99.0,67.43,302.81,4.49,0.11,69.41
7,App-Server-02,Server,2024-02-16 12:00:00,95.54,99.0,65.04,378.34,2.72,0.248,67.74
8,DB-Server-01,Server,2024-02-16 12:00:00,99.0,99.0,61.1,344.59,2.71,0.108,67.38
9,WiFi-AP-01,Access Point,2024-02-16 12:00:00,42.94,66.63,70.3,246.4,7.67,0.478,23.99
10,WiFi-AP-02,Access Point,2024-02-16 12:00:00,41.41,60.22,76.89,228.63,10.18,0.459,22.85
1,Core-Router-01,Router,2024-02-16 14:00:00,77.5,89.87,98.43,827.76,4.93,0.212,42.75
2,Core-Router-02,Router,2024-02-16 14:00:00,68.66,89.19,90.67,801.92,4.49,0.218,43.4
3,Dist-Switch-01,Switch,2024-02-16 14:00:00,52.85,77.11,80.36,479.14,2.8,0.083,32.42
4,Dist-Switch-02,Switch,2024-02-16 14:00:00,55.5,75.44,99.5,487.7,2.82,0.099,31.6
5,Edge-Firewall-01,Firewall,2024-02-16 14:00:00,88.55,99.0,99.0,1320.38,7.19,0.408,52.58
6,App-Server-01,Server,2024-02-16 14:00:00,94.82,99.0,69.33,344.01,5.33,0.102,67.06
7,App-Server-02,Server,2024-02-16 14:00:00,99.0,99.0,62.12,306.69,0.5,0.137,65.66
8,DB-Server-01,Server,2024-02-16 14:00:00,94.04,99.0,63.43,368.19,1.49,0.209,68.68
9,WiFi-AP-01,Access Point,2024-02-16 14:00:00,44.29,69.36,75.19,209.84,10.51,0.507,21.77
10,WiFi-AP-02,Access Point,2024-02-16 14:00:00,40.34,62.31,77.9,239.63,10.41,0.421,22.43
1,Core-Router-01,Router,2024-02-16 16:00:00,65.44,80.8,91.22,747.24,6.39,0.234,44.64
2,Core-Router-02,Router,2024-02-16 16:00:00,70.2,84.53,89.29,779.7,4.8,0.185,43.14
3,Dist-Switch-01,Switch,2024-02-16 16:00:00,48.67,72.71,79.35,440.91,0.5,0.085,32.53
4,Dist-Switch-02,Switch,2024-02-16 16:00:00,53.7,68.64,78.53,475.48,2.51,0.119,31.48
5,Edge-Firewall-01,Firewall,2024-02-16 16:00:00,80.42,98.81,96.45,1225.71,7.34,0.377,52.03
6,App-Server-01,Server,2024-02-16 16:00:00,87.93,99.0,61.74,323.88,3.18,0.117,65.94
7,App-Server-02,Server,2024-02-16 16:00:00,97.1,99.0,61.23,312.39,4.0,0.117,65.72
8,DB-Server-01,Server,2024-02-16 16:00:00,90.57,99.0,61.16,332.98,2.04,0.137,66.24
9,WiFi-AP-01,Access Point,2024-02-16 16:00:00,40.04,56.75,72.71,211.31,9.23,0.509,23.53
10,WiFi-AP-02,Access Point,2024-02-16 16:00:00,38.8,57.39,79.06,226.04,10.25,0.462,20.34
1,Core-Router-01,Router,2024-02-16 18:00:00,52.63,67.25,74.24,587.18,5.33,0.154,43.97
2,Core-Router-02,Router,2024-02-16 18:00:00,59.19,66.65,72.61,633.54,5.28,0.228,44.39
3,Dist-Switch-01,Switch,2024-02-16 18:00:00,32.84,62.63,63.46,355.24,0.5,0.105,30.75
4,Dist-Switch-02,Switch,2024-02-16 18:00:00,38.22,60.99,55.64,382.71,1.19,0.126,32.37
5,Edge-Firewall-01,Firewall,2024-02-16 18:00:00,67.38,83.34,88.98,965.11,9.79,0.412,52.58
6,App-Server-01,Server,2024-02-16 18:00:00,70.3,81.39,43.39,244.32,3.35,0.138,68.78
7,App-Server-02,Server,2024-02-16 18:00:00,74.7,84.53,54.26,233.01,1.4,0.134,68.62
8,DB-Server-01,Server,2024-02-16 18:00:00,70.3,91.74,51.98,253.98,2.48,0.136,65.78
9,WiFi-AP-01,Access Point,2024-02-16 18:00:00,29.3,46.86,48.65,201.23,10.34,0.428,22.02
10,WiFi-AP-02,Access Point,2024-02-16 18:00:00,34.6,49.29,52.83,171.2,8.02,0.462,23.35
1,Core-Router-01,Router,2024-02-16 20:00:00,66.9,66.45,70.26,579.22,5.96,0.203,43.85
2,Core-Router-02,Router,2024-02-16 20:00:00,51.53,69.61,70.98,640.12,5.54,0.229,42.17
3,Dist-Switch-01,Switch,2024-02-16 20:00:00,29.0,51.7,55.81,355.13,1.74,0.073,32.41
4,Dist-Switch-02,Switch,2024-02-16 20:00:00,36.7,56.19,55.08,369.41,3.43,0.077,32.79
5,Edge-Firewall-01,Firewall,2024-02-16 20:00:00,69.06,82.31,99.5,998.11,8.51,0.371,52.74
6,App-Server-01,Server,2024-02-16 20:00:00,69.56,82.34,47.29,276.33,2.83,0.1,65.33
7,App-Server-02,Server,2024-02-16 20:00:00,74.36,86.11,35.69,251.12,1.35,0.123,68.29
8,DB-Server-01,Server,2024-02-16 20:00:00,74.22,84.51,46.39,236.94,3.16,0.147,68.42
9,WiFi-AP-01,Access Point,2024-02-16 20:00:00,26.07,43.88,60.15,175.24,10.07,0.411,21.58
10,WiFi-AP-02,Access Point,2024-02-16 20:00:00,31.21,51.0,63.41,173.75,9.54,0.422,22.51
1,Core-Router-01,Router,2024-02-16 22:00:00,39.59,53.84,45.11,417.57,3.33,0.2,42.81
2,Core-Router-02,Router,2024-02-16 22:00:00,34.66,48.69,53.38,401.82,5.19,0.194,43.01
3,Dist-Switch-01,Switch,2024-02-16 22:00:00,22.17,40.8,51.07,287.09,2.51,0.065,30.8
4,Dist-Switch-02,Switch,2024-02-16 22:00:00,25.0,39.46,43.11,236.93,2.43,0.122,33.85
5,Edge-Firewall-01,Firewall,2024-02-16 22:00:00,49.65,60.92,67.23,755.16,8.18,0.319,51.93
6,App-Server-01,Server,2024-02-16 22:00:00,59.5,58.48,31.29,183.14,2.85,0.128,65.96
7,App-Server-02,Server,2024-02-16 22:00:00,53.25,61.88,30.32,195.97,2.91,0.083,66.48
8,DB-Server-01,Server,2024-02-16 22:00:00,52.04,59.38,40.0,199.06,4.68,0.098,66.96
9,WiFi-AP-01,Access Point,2024-02-16 22:00:00,20.42,37.15,41.14,130.32,9.74,0.42,21.87
10,WiFi-AP-02,Access Point,2024-02-16 22:00:00,27.69,36.23,38.3,118.09,9.85,0.408,21.92
1,Core-Router-01,Router,2024-02-17 00:00:00,20.0,19.0,21.5,158.65,9.65,0.133,43.93
2,Core-Router-02,Router,2024-02-17 00:00:00,19.41,20.54,28.25,192.49,10.1,0.163,42.81
3,Dist-Switch-01,Switch,2024-02-17 00:00:00,13.07,11.96,25.97,87.43,2.34,0.199,32.82
4,Dist-Switch-02,Switch,2024-02-17 00:00:00,5.0,15.04,22.63,114.47,3.01,0.132,32.24
5,Edge-Firewall-01,Firewall,2024-02-17 00:00:00,23.7,26.07,34.75,281.95,13.23,0.263,52.56
6,App-Server-01,Server,2024-02-17 00:00:00,22.11,23.58,5.0,53.62,6.01,0.075,68.32
7,App-Server-02,Server,2024-02-17 00:00:00,23.51,28.02,18.57,74.16,5.48,0.207,66.69
8,DB-Server-01,Server,2024-02-17 00:00:00,19.67,25.49,10.1,92.51,4.57,0.115,66.39
9,WiFi-AP-01,Access Point,2024-02-17 00:00:00,6.8,12.71,14.11,78.89,17.85,0.335,21.61
10,WiFi-AP-02,Access Point,2024-02-17 00:00:00,8.18,15.4,15.52,52.31,19.2,0.338,21.2
1,Core-Router-01,Router,2024-02-17 02:00:00,16.25,18.67,24.73,186.45,10.22,0.153,42.16
2,Core-Router-02,Router,2024-02-17 02:00:00,12.34,20.16,14.44,190.82,9.04,0.12,43.14
3,Dist-Switch-01,Switch,2024-02-17 02:00:00,11.96,12.76,15.66,109.03,3.31,0.066,33.97
4,Dist-Switch-02,Switch,2024-02-17 02:00:00,11.46,17.74,8.39,125.55,6.49,0.123,31.91
5,Edge-Firewall-01,Firewall,2024-02-17 02:00:00,29.41,24.05,27.35,289.67,14.25,0.371,53.14
6,App-Server-01,Server,2024-02-17 02:00:00,20.94,25.25,16.12,65.46,5.72,0.121,67.75
7,App-Server-02,Server,2024-02-17 02:00:00,21.51,25.44,15.75,57.11,5.66,0.095,67.44
8,DB-Server-01,Server,2024-02-17 02:00:00,20.43,24.95,18.01,51.75,4.64,0.141,67.38
9,WiFi-AP-01,Access Point,2024-02-17 02:00:00,12.67,18.75,24.34,41.51,18.43,0.358,24.0
10,WiFi-AP-02,Access Point,2024-02-17 02:00:00,14.43,15.26,13.5,10.0,16.75,0.436,20.9
1,Core-Router-01,Router,2024-02-17 04:00:00,24.11,16.4,16.82,165.98,11.69,0.127,43.34
2,Core-Router-02,Router,2024-02-17 04:00:00,17.3,14.33,29.79,192.41,8.97,0.205,42.0
3,Dist-Switch-01,Switch,2024-02-17 04:00:00,10.49,15.56,23.82,126.91,3.91,0.108,31.98
4,Dist-Switch-02,Switch,2024-02-17 04:00:00,6.85,20.08,10.57,142.52,4.92,0.099,31.93
5,Edge-Firewall-01,Firewall,2024-02-17 04:00:00,17.43,25.26,32.88,318.73,14.11,0.298,53.52
6,App-Server-01,Server,2024-02-17 04:00:00,21.37,25.79,22.46,94.92,6.68,0.19,67.9
7,App-Server-02,Server,2024-02-17 04:00:00,23.43,29.89,24.69,61.53,5.25,0.113,67.69
8,DB-Server-01,Server,2024-02-17 04:00:00,25.68,22.97,20.42,64.69,4.92,0.119,66.72
9,WiFi-AP-01,Access Point,2024-02-17 04:00:00,5.0,16.98,15.94,79.28,19.01,0.398,23.67
10,WiFi-AP-02,Access Point,2024-02-17 04:00:00,16.82,17.85,21.96,50.36,17.71,0.361,23.27
1,Core-Router-01,Router,2024-02-17 06:00:00,25.71,25.73,26.81,216.05,9.74,0.145,42.05
2,Core-Router-02,Router,2024-02-17 06:00:00,29.04,28.84,31.12,262.45,10.51,0.21,41.78
3,Dist-Switch-01,Switch,2024-02-17 06:00:00,13.82,42.2,23.26,116.49,4.56,0.083,32.55
4,Dist-Switch-02,Switch,2024-02-17 06:00:00,14.96,23.8,12.28,156.52,3.36,0.078,31.17
5,Edge-Firewall-01,Firewall,2024-02-17 06:00:00,28.7,35.86,35.37,379.02,13.87,0.286,52.92
6,App-Server-01,Server,2024-02-17 06:00:00,30.93,34.31,20.68,97.04,5.07,0.103,67.66
7,App-Server-02,Server,2024-02-17 06:00:00,34.66,37.77,21.06,110.25,4.5,0.071,67.69
8,DB-Server-01,Server,2024-02-17 06:00:00,23.17,35.71,14.87,81.35,4.93,0.063,66.02
9,WiFi-AP-01,Access Point,2024-02-17 06:00:00,15.72,20.2,31.75,79.76,18.75,0.39,21.17
10,WiFi-AP-02,Access Point,2024-02-17 06:00:00,14.77,16.39,25.34,107.89,19.13,0.373,22.62
1,Core-Router-01,Router,2024-02-17 08:00:00,28.89,36.84,37.74,311.74,9.13,0.184,41.06
2,Core-Router-02,Router,2024-02-17 08:00:00,36.02,40.84,42.55,346.14,8.9,0.138,41.89
3,Dist-Switch-01,Switch,2024-02-17 08:00:00,20.41,30.84,66.15,214.14,3.43,0.065,31.64
4,Dist-Switch-02,Switch,2024-02-17 08:00:00,18.09,33.16,31.33,190.48,3.04,0.096,33.48
5,Edge-Firewall-01,Firewall,2024-02-17 08:00:00,37.76,43.1,47.47,545.22,13.8,0.345,53.69
6,App-Server-01,Server,2024-02-17 08:00:00,44.52,48.46,31.64,173.5,4.92,0.128,68.01
7,App-Server-02,Server,2024-02-17 08:00:00,34.7,47.44,25.55,148.7,4.97,0.127,66.6
8,DB-Server-01,Server,2024-02-17 08:00:00,43.39,45.33,29.79,114.92,5.43,0.138,67.47
9,WiFi-AP-01,Access Point,2024-02-17 08:00:00,21.63,26.96,27.9,104.85,18.8,0.46,22.87
10,WiFi-AP-02,Access Point,2024-02-17 08:00:00,13.14,23.48,33.12,128.18,18.4,0.407,21.68
1,Core-Router-01,Router,2024-02-17 10:00:00,36.36,47.07,50.35,432.46,10.09,0.154,43.25
2,Core-Router-02,Router,2024-02-17 10:00:00,36.95,56.37,70.75,436.24,10.85,0.141,41.7
3,Dist-Switch-01,Switch,2024-02-17 10:00:00,30.58,42.13,43.02,288.73,3.55,0.112,33.87
4,Dist-Switch-02,Switch,2024-02-17 10:00:00,25.75,39.4,47.39,246.21,2.82,0.13,32.66
5,Edge-Firewall-01,Firewall,2024-02-17 10:00:00,44.46,55.21,81.22,644.7,15.26,0.309,54.01
6,App-Server-01,Server,2024-02-17 10:00:00,49.83,63.29,33.58,171.81,5.74,0.18,66.11
7,App-Server-02,Server,2024-02-17 10:00:00,52.69,59.28,33.66,180.68,6.56,0.103,68.59
8,DB-Server-01,Server,2024-02-17 10:00:00,49.7,59.01,28.8,208.68,5.27,0.09,67.96
9,WiFi-AP-01,Access Point,2024-02-17 10:00:00,25.56,31.73,43.96,120.7,19.61,0.404,23.09
10,WiFi-AP-02,Access Point,2024-02-17 10:00:00,21.3,30.43,30.95,111.91,19.17,0.461,22.68
1,Core-Router-01,Router,2024-02-17 12:00:00,41.32,44.25,49.8,432.19,9.14,0.215,43.42
2,Core-Router-02,Router,2024-02-17 12:00:00,38.89,46.81,45.99,440.59,8.19,0.141,42.35
3,Dist-Switch-01,Switch,2024-02-17 12:00:00,24.99,38.97,41.35,258.65,5.07,0.088,32.88
4,Dist-Switch-02,Switch,2024-02-17 12:00:00,30.94,43.11,51.94,280.67,3.84,0.095,31.53
5,Edge-Firewall-01,Firewall,2024-02-17 12:00:00,52.83,57.93,55.94,675.2,16.69,0.355,51.66
6,App-Server-01,Server,2024-02-17 12:00:00,58.69,59.12,38.51,215.71,7.57,0.102,67.34
7,App-Server-02,Server,2024-02-17 12:00:00,52.19,62.69,42.34,151.28,6.1,0.086,68.72
8,DB-Server-01,Server,2024-02-17 12:00:00,59.04,61.52,35.3,197.12,6.44,0.203,68.24
9,WiFi-AP-01,Access Point,2024-02-17 12:00:00,49.45,36.62,45.09,160.02,18.4,0.428,22.36
10,WiFi-AP-02,Access Point,2024-02-17 12:00:00,22.2,33.87,41.2,172.19,17.28,0.397,22.67
1,Core-Router-01,Router,2024-02-17 14:00:00,46.23,54.29,49.16,436.68,8.57,0.17,41.95
2,Core-Router-02,Router,2024-02-17 14:00:00,41.72,46.74,50.23,432.35,9.58,0.145,42.11
3,Dist-Switch-01,Switch,2024-02-17 14:00:00,23.52,35.52,52.97,263.12,6.35,0.1,34.18
4,Dist-Switch-02,Switch,2024-02-17 14:00:00,30.86,40.81,41.83,249.36,4.76,0.079,32.97
5,Edge-Firewall-01,Firewall,2024-02-17 14:00:00,52.56,59.33,60.38,737.32,14.35,0.31,53.07
6,App-Server-01,Server,2024-02-17 14:00:00,53.54,57.29,41.06,204.36,3.62,0.129,69.37
7,App-Server-02,Server,2024-02-17 14:00:00,54.71,62.75,33.72,158.65,5.26,0.126,67.33
8,DB-Server-01,Server,2024-02-17 14:00:00,56.22,68.04,32.95,185.32,6.46,0.125,67.53
9,WiFi-AP-01,Access Point,2024-02-17 14:00:00,29.9,34.83,45.68,131.63,19.98,0.472,22.41
10,WiFi-AP-02,Access Point,2024-02-17 14:00:00,16.49,33.75,36.8,129.11,16.99,0.353,22.81
1,Core-Router-01,Router,2024-02-17 16:00:00,31.9,44.58,63.41,429.14,7.27,0.202,42.58
2,Core-Router-02,Router,2024-02-17 16:00:00,38.43,44.72,61.67,474.93,8.83,0.182,43.27
3,Dist-Switch-01,Switch,2024-02-17 16:00:00,29.58,36.11,51.95,252.16,4.06,0.065,32.21
4,Dist-Switch-02,Switch,2024-02-17 16:00:00,26.47,34.47,32.4,249.27,2.76,0.091,32.78
5,Edge-Firewall-01,Firewall,2024-02-17 16:00:00,46.53,59.38,59.13,646.92,14.32,0.352,50.47
6,App-Server-01,Server,2024-02-17 16:00:00,50.33,60.88,47.07,193.19,5.59,0.101,65.45
7,App-Server-02,Server,2024-02-17 16:00:00,46.51,61.11,34.61,174.8,5.49,0.074,67.45
8,DB-Server-01,Server,2024-02-17 16:00:00,46.48,58.47,27.58,156.63,6.65,0.082,67.95
9,WiFi-AP-01,Access Point,2024-02-17 16:00:00,21.59,32.65,32.99,118.77,18.36,0.394,22.47
10,WiFi-AP-02,Access Point,2024-02-17 16:00:00,23.73,29.24,42.36,104.2,19.17,0.396,20.48
1,Core-Router-01,Router,2024-02-17 18:00:00,33.37,40.17,46.85,322.67,9.27,0.168,43.09
2,Core-Router-02,Router,2024-02-17 18:00:00,32.06,35.9,45.5,357.92,8.94,0.171,41.62
3,Dist-Switch-01,Switch,2024-02-17 18:00:00,25.74,33.28,33.7,198.84,1.87,0.067,31.16
4,Dist-Switch-02,Switch,2024-02-17 18:00:00,20.92,33.98,28.9,207.6,4.63,0.071,31.83
5,Edge-Firewall-01,Firewall,2024-02-17 18:00:00,37.23,46.82,48.64,540.8,15.7,0.3,51.15
6,App-Server-01,Server,2024-02-17 18:00:00,43.09,50.17,20.86,89.84,4.41,0.077,68.36
7,App-Server-02,Server,2024-02-17 18:00:00,37.0,48.99,12.58,138.82,5.05,0.173,65.46
8,DB-Server-01,Server,2024-02-17 18:00:00,40.51,41.63,24.29,101.19,7.76,0.088,67.14
9,WiFi-AP-01,Access Point,2024-02-17 18:00:00,16.73,23.65,35.7,114.22,19.1,0.411,23.49
10,WiFi-AP-02,Access Point,2024-02-17 18:00:00,20.98,26.35,34.9,106.87,16.59,0.372,21.87
1,Core-Router-01,Router,2024-02-17 20:00:00,30.77,40.25,32.36,329.17,8.27,0.17,41.53
2,Core-Router-02,Router,2024-02-17 20:00:00,55.6,38.75,42.31,341.76,9.71,0.25,42.49
3,Dist-Switch-01,Switch,2024-02-17 20:00:00,24.37,33.32,42.69,214.04,2.79,0.077,32.6
4,Dist-Switch-02,Switch,2024-02-17 20:00:00,23.54,27.8,40.14,202.93,4.48,0.077,32.47
5,Edge-Firewall-01,Firewall,2024-02-17 20:00:00,38.12,45.96,57.12,500.52,15.09,0.278,52.17
6,App-Server-01,Server,2024-02-17 20:00:00,31.11,49.07,26.42,118.53,5.5,0.08,65.61
7,App-Server-02,Server,2024-02-17 20:00:00,40.92,49.07,24.3,140.45,5.56,0.123,67.25
8,DB-Server-01,Server,2024-02-17 20:00:00,43.77,46.39,36.88,126.48,4.77,0.077,66.62
9,WiFi-AP-01,Access Point,2024-02-17 20:00:00,11.91,29.23,15.11,87.06,16.84,0.343,20.16
10,WiFi-AP-02,Access Point,2024-02-17 20:00:00,19.09,29.01,22.26,105.23,18.7,0.404,20.88
1,Core-Router-01,Router,2024-02-17 22:00:00,15.69,60.55,25.39,235.3,9.72,0.174,42.08
2,Core-Router-02,Router,2024-02-17 22:00:00,25.69,22.78,27.0,223.32,8.32,0.185,43.76
3,Dist-Switch-01,Switch,2024-02-17 22:00:00,15.78,23.72,27.11,134.06,3.87,0.123,31.39
4,Dist-Switch-02,Switch,2024-02-17 22:00:00,14.4,18.94,35.28,133.27,4.78,0.135,32.32
5,Edge-Firewall-01,Firewall,2024-02-17 22:00:00,29.37,30.27,24.09,375.49,14.24,0.266,52.25
6,App-Server-01,Server,2024-02-17 22:00:00,52.72,32.7,21.39,71.06,6.26,0.094,69.42
7,App-Server-02,Server,2024-02-17 22:00:00,28.24,32.98,16.85,88.94,6.06,0.066,68.34
8,DB-Server-01,Server,2024-02-17 22:00:00,31.36,34.51,21.53,122.27,6.11,0.08,67.77
9,WiFi-AP-01,Access Point,2024-02-17 22:00:00,7.68,27.38,24.77,86.31,18.15,0.438,22.08
10,WiFi-AP-02,Access Point,2024-02-17 22:00:00,12.6,17.2,17.97,66.97,18.95,0.401,22.52
1,Core-Router-01,Router,2024-02-18 00:00:00,14.36,19.24,22.67,189.16,9.53,0.136,42.93
2,Core-Router-02,Router,2024-02-18 00:00:00,18.43,19.14,13.58,167.1,10.66,0.203,43.72
3,Dist-Switch-01,Switch,2024-02-18 00:00:00,5.0,14.31,16.61,146.53,3.66,0.063,31.46
4,Dist-Switch-02,Switch,2024-02-18 00:00:00,13.18,15.09,17.33,103.71,4.36,0.095,31.51
5,Edge-Firewall-01,Firewall,2024-02-18 00:00:00,47.21,21.85,26.79,313.81,14.74,0.345,53.16
6,App-Server-01,Server,2024-02-18 00:00:00,16.78,23.73,15.78,72.24,6.33,0.089,66.43
7,App-Server-02,Server,2024-02-18 00:00:00,20.93,28.8,17.93,75.66,6.78,0.118,68.19
8,DB-Server-01,Server,2024-02-18 00:00:00,17.46,28.22,13.77,66.02,4.77,0.067,66.77
9,WiFi-AP-01,Access Point,2024-02-18 00:00:00,9.92,14.27,17.73,66.51,17.89,0.367,20.39
10,WiFi-AP-02,Access Point,2024-02-18 00:00:00,12.32,15.02,15.75,78.88,16.89,0.34,21.44
1,Core-Router-01,Router,2024-02-18 02:00:00,19.26,13.65,26.2,200.05,8.17,0.123,41.5
2,Core-Router-02,Router,2024-02-18 02:00:00,18.34,22.79,17.15,158.87,10.19,0.215,42.89
3,Dist-Switch-01,Switch,2024-02-18 02:00:00,13.36,15.64,19.38,117.89,3.45,0.124,32.58
4,Dist-Switch-02,Switch,2024-02-18 02:00:00,12.31,16.15,18.18,135.25,3.78,0.065,32.58
5,Edge-Firewall-01,Firewall,2024-02-18 02:00:00,18.87,19.8,33.73,317.05,15.79,0.291,53.84
6,App-Server-01,Server,2024-02-18 02:00:00,30.04,29.01,23.02,89.88,4.61,0.09,66.38
7,App-Server-02,Server,2024-02-18 02:00:00,19.79,26.82,37.01,83.18,3.66,0.068,67.95
8,DB-Server-01,Server,2024-02-18 02:00:00,25.17,28.31,16.04,66.34,5.96,0.078,68.3
9,WiFi-AP-01,Access Point,2024-02-18 02:00:00,10.95,14.6,12.79,77.83,18.74,0.438,22.93
10,WiFi-AP-02,Access Point,2024-02-18 02:00:00,11.68,10.39,18.18,49.11,19.01,0.352,23.39
1,Core-Router-01,Router,2024-02-18 04:00:00,25.16,17.93,26.91,198.47,11.07,0.16,43.0
2,Core-Router-02,Router,2024-02-18 04:00:00,20.04,23.09,29.45,168.41,8.7,0.207,40.44
3,Dist-Switch-01,Switch,2024-02-18 04:00:00,10.75,17.08,38.7,142.5,4.11,0.075,31.77
4,Dist-Switch-02,Switch,2024-02-18 04:00:00,12.22,20.13,19.17,108.19,2.94,0.075,32.72
5,Edge-Firewall-01,Firewall,2024-02-18 04:00:00,17.43,27.1,34.4,296.66,14.85,0.29,53.14
6,App-Server-01,Server,2024-02-18 04:00:00,24.03,24.89,11.07,110.87,5.84,0.108,68.26
7,App-Server-02,Server,2024-02-18 04:00:00,23.09,26.05,19.68,21.66,3.65,0.131,67.27
8,DB-Server-01,Server,2024-02-18 04:00:00,20.47,21.86,15.75,80.27,6.9,0.079,67.1
9,WiFi-AP-01,Access Point,2024-02-18 04:00:00,10.86,18.11,21.09,67.87,18.46,0.362,21.37
10,WiFi-AP-02,Access Point,2024-02-18 04:00:00,5.0,15.97,19.12,77.33,18.74,0.366,22.27
1,Core-Router-01,Router,2024-02-18 06:00:00,25.26,24.1,29.27,209.77,9.12,0.186,42.47
2,Core-Router-02,Router,2024-02-18 06:00:00,25.06,27.92,26.72,242.67,10.27,0.161,41.78
3,Dist-Switch-01,Switch,2024-02-18 06:00:00,9.23,22.8,21.73,144.29,2.18,0.107,32.3
4,Dist-Switch-02,Switch,2024-02-18 06:00:00,15.0,19.68,23.25,150.29,3.02,0.068,33.79
5,Edge-Firewall-01,Firewall,2024-02-18 06:00:00,20.1,32.59,30.57,420.97,14.36,0.293,52.18
6,App-Server-01,Server,2024-02-18 06:00:00,30.97,42.82,9.16,74.58,6.76,0.141,67.41
7,App-Server-02,Server,2024-02-18 06:00:00,27.63,32.57,18.85,91.91,6.51,0.13,67.83
8,DB-Server-01,Server,2024-02-18 06:00:00,28.62,35.27,23.74,118.59,5.82,0.141,66.78
9,WiFi-AP-01,Access Point,2024-02-18 06:00:00,16.88,21.83,19.13,78.57,18.48,0.358,22.25
10,WiFi-AP-02,Access Point,2024-02-18 06:00:00,6.22,17.64,20.98,62.47,17.33,0.372,22.3
1,Core-Router-01,Router,2024-02-18 08:00:00,39.16,37.94,45.86,334.64,8.43,0.152,43.7
2,Core-Router-02,Router,2024-02-18 08:00:00,30.14,38.61,41.94,336.84,9.04,0.18,42.39
3,Dist-Switch-01,Switch,2024-02-18 08:00:00,22.94,31.38,34.8,217.78,3.83,0.062,33.14
4,Dist-Switch-02,Switch,2024-02-18 08:00:00,20.87,29.78,36.22,202.58,3.35,0.068,32.57
5,Edge-Firewall-01,Firewall,2024-02-18 08:00:00,32.85,45.04,56.66,522.49,14.04,0.405,51.58
6,App-Server-01,Server,2024-02-18 08:00:00,45.8,46.75,27.4,132.9,5.88,0.152,67.59
7,App-Server-02,Server,2024-02-18 08:00:00,39.04,41.84,32.71,93.37,7.6,0.1,66.04
8,DB-Server-01,Server,2024-02-18 08:00:00,46.01,45.18,23.58,99.5,4.59,0.11,68.22
9,WiFi-AP-01,Access Point,2024-02-18 08:00:00,21.61,23.38,31.84,64.83,18.46,0.473,20.62
10,WiFi-AP-02,Access Point,2024-02-18 08:00:00,12.88,29.29,34.72,82.82,19.66,0.379,24.07
1,Core-Router-01,Router,2024-02-18 10:00:00,39.99,50.4,81.09,436.64,9.8,0.197,42.37
2,Core-Router-02,Router,2024-02-18 10:00:00,34.52,46.35,47.48,411.46,10.75,0.166,42.98
3,Dist-Switch-01,Switch,2024-02-18 10:00:00,29.7,39.97,51.69,212.21,2.64,0.1,31.02
4,Dist-Switch-02,Switch,2024-02-18 10:00:00,25.86,38.59,52.23,272.18,3.13,0.088,30.57
5,Edge-Firewall-01,Firewall,2024-02-18 10:00:00,47.15,55.32,54.78,673.58,13.85,0.341,53.07
6,App-Server-01,Server,2024-02-18 10:00:00,54.96,60.82,31.69,156.15,5.05,0.088,66.53
7,App-Server-02,Server,2024-02-18 10:00:00,55.04,58.68,37.7,141.4,4.77,0.12,68.27
8,DB-Server-01,Server,2024-02-18 10:00:00,46.01,60.2,35.53,155.24,5.81,0.152,66.47
9,WiFi-AP-01,Access Point,2024-02-18 10:00:00,23.57,33.97,38.52,123.55,18.72,0.4,23.19
10,WiFi-AP-02,Access Point,2024-02-18 10:00:00,21.68,32.71,35.33,105.91,17.78,0.395,24.0
1,Core-Router-01,Router,2024-02-18 12:00:00,36.24,52.52,52.56,445.04,9.49,0.207,41.6
2,Core-Router-02,Router,2024-02-18 12:00:00,35.46,48.27,49.35,475.51,8.51,0.254,42.07
3,Dist-Switch-01,Switch,2024-02-18 12:00:00,30.18,45.32,43.77,259.16,3.62,0.086,31.27
4,Dist-Switch-02,Switch,2024-02-18 12:00:00,25.97,40.28,45.15,266.61,2.7,0.08,32.36
5,Edge-Firewall-01,Firewall,2024-02-18 12:00:00,49.22,55.14,66.08,699.71,16.16,0.357,53.16
6,App-Server-01,Server,2024-02-18 12:00:00,46.27,56.11,33.16,134.47,6.18,0.074,68.8
7,App-Server-02,Server,2024-02-18 12:00:00,53.23,63.61,34.59,162.19,5.05,0.137,67.79
8,DB-Server-01,Server,2024-02-18 12:00:00,52.67,62.58,50.05,171.61,5.77,0.079,68.56
9,WiFi-AP-01,Access Point,2024-02-18 12:00:00,23.41,35.12,51.89,117.56,17.99,0.416,21.58
10,WiFi-AP-02,Access Point,2024-02-18 12:00:00,25.52,34.49,45.44,154.29,18.09,0.427,22.01
1,Core-Router-01,Router,2024-02-18 14:00:00,40.37,52.07,55.5,459.92,9.44,0.183,42.2
2,Core-Router-02,Router,2024-02-18 14:00:00,41.08,49.49,51.71,469.4,10.08,0.201,41.64
3,Dist-Switch-01,Switch,2024-02-18 14:00:00,28.35,43.7,52.43,239.33,3.63,0.074,33.99
4,Dist-Switch-02,Switch,2024-02-18 14:00:00,18.11,37.28,52.08,260.11,2.33,0.135,30.97
5,Edge-Firewall-01,Firewall,2024-02-18 14:00:00,53.5,53.71,55.67,722.67,13.7,0.321,54.2
6,App-Server-01,Server,2024-02-18 14:00:00,71.76,67.77,37.55,198.78,3.1,0.108,67.88
7,App-Server-02,Server,2024-02-18 14:00:00,52.46,68.57,33.47,147.49,6.24,0.147,67.48
8,DB-Server-01,Server,2024-02-18 14:00:00,59.26,64.38,34.7,172.64,6.72,0.141,68.18
9,WiFi-AP-01,Access Point,2024-02-18 14:00:00,31.23,37.56,39.23,131.55,17.7,0.426,22.52
10,WiFi-AP-02,Access Point,2024-02-18 14:00:00,25.18,40.77,30.64,85.97,19.81,0.378,22.51
1,Core-Router-01,Router,2024-02-18 16:00:00,40.12,46.02,60.7,433.34,8.64,0.158,42.26
2,Core-Router-02,Router,2024-02-18 16:00:00,35.01,51.65,51.44,400.09,9.5,0.207,43.46
3,Dist-Switch-01,Switch,2024-02-18 16:00:00,22.37,34.79,49.49,221.61,4.01,0.09,33.71
4,Dist-Switch-02,Switch,2024-02-18 16:00:00,21.19,35.73,45.44,270.01,5.0,0.084,32.75
5,Edge-Firewall-01,Firewall,2024-02-18 16:00:00,50.78,50.94,54.89,651.86,11.86,0.344,53.83
6,App-Server-01,Server,2024-02-18 16:00:00,53.04,60.43,34.3,170.5,7.15,0.154,66.81
7,App-Server-02,Server,2024-02-18 16:00:00,55.26,62.98,37.13,177.15,5.81,0.152,65.83
8,DB-Server-01,Server,2024-02-18 16:00:00,53.95,55.99,26.93,127.89,4.98,0.096,67.85
9,WiFi-AP-01,Access Point,2024-02-18 16:00:00,24.58,32.71,38.65,143.97,18.65,0.403,22.7
10,WiFi-AP-02,Access Point,2024-02-18 16:00:00,13.24,33.88,35.02,157.42,17.2,0.346,21.97
1,Core-Router-01,Router,2024-02-18 18:00:00,28.26,38.4,38.56,375.84,7.12,0.16,42.32
2,Core-Router-02,Router,2024-02-18 18:00:00,30.29,38.17,45.64,344.1,10.09,0.133,41.37
3,Dist-Switch-01,Switch,2024-02-18 18:00:00,19.97,33.95,31.83,181.62,4.26,0.077,31.63
4,Dist-Switch-02,Switch,2024-02-18 18:00:00,19.4,29.95,33.91,216.21,3.23,0.095,31.87
5,Edge-Firewall-01,Firewall,2024-02-18 18:00:00,43.93,49.11,43.15,517.57,15.52,0.301,52.95
6,App-Server-01,Server,2024-02-18 18:00:00,38.04,47.03,25.38,141.6,4.21,0.074,66.14
7,App-Server-02,Server,2024-02-18 18:00:00,38.59,47.14,29.64,147.33,6.22,0.143,68.66
8,DB-Server-01,Server,2024-02-18 18:00:00,65.92,45.72,28.45,128.78,5.82,0.096,66.64
9,WiFi-AP-01,Access Point,2024-02-18 18:00:00,16.21,26.64,35.28,92.34,17.67,0.4,21.49
10,WiFi-AP-02,Access Point,2024-02-18 18:00:00,11.54,24.99,38.46,115.46,19.46,0.382,20.45
1,Core-Router-01,Router,2024-02-18 20:00:00,31.76,42.83,38.23,340.84,7.52,0.133,42.28
2,Core-Router-02,Router,2024-02-18 20:00:00,22.12,34.16,35.07,307.21,8.37,0.148,41.77
3,Dist-Switch-01,Switch,2024-02-18 20:00:00,24.92,29.4,35.51,213.23,5.17,0.098,32.84
4,Dist-Switch-02,Switch,2024-02-18 20:00:00,35.6,35.66,28.68,210.95,5.2,0.118,33.0
5,Edge-Firewall-01,Firewall,2024-02-18 20:00:00,33.3,51.03,37.98,511.73,13.42,0.321,52.92
6,App-Server-01,Server,2024-02-18 20:00:00,47.85,50.9,28.27,135.71,4.85,0.093,67.19
7,App-Server-02,Server,2024-02-18 20:00:00,41.41,45.21,42.91,136.03,5.46,0.101,66.63
8,DB-Server-01,Server,2024-02-18 20:00:00,42.89,48.8,36.49,163.14,4.26,0.081,66.04
9,WiFi-AP-01,Access Point,2024-02-18 20:00:00,9.58,33.69,37.89,89.04,19.43,0.398,20.48
10,WiFi-AP-02,Access Point,2024-02-18 20:00:00,20.34,25.63,32.41,161.84,19.77,0.367,23.82
1,Core-Router-01,Router,2024-02-18 22:00:00,14.49,28.61,32.21,260.51,8.58,0.134,43.26
2,Core-Router-02,Router,2024-02-18 22:00:00,12.88,26.16,25.05,259.64,10.47,0.143,41.31
3,Dist-Switch-01,Switch,2024-02-18 22:00:00,15.25,18.72,23.51,141.2,4.22,0.073,32.56
4,Dist-Switch-02,Switch,2024-02-18 22:00:00,21.33,22.99,22.55,141.94,2.87,0.112,31.01
5,Edge-Firewall-01,Firewall,2024-02-18 22:00:00,31.64,29.88,36.08,388.24,14.52,0.321,52.58
6,App-Server-01,Server,2024-02-18 22:00:00,25.88,32.8,24.01,108.22,6.38,0.075,66.0
7,App-Server-02,Server,2024-02-18 22:00:00,31.59,35.25,21.11,70.93,4.81,0.113,67.8
8,DB-Server-01,Server,2024-02-18 22:00:00,31.3,34.37,24.55,128.37,5.81,0.099,66.86
9,WiFi-AP-01,Access Point,2024-02-18 22:00:00,9.42,22.74,17.8,87.86,19.9,0.361,22.32
10,WiFi-AP-02,Access Point,2024-02-18 22:00:00,6.96,20.2,27.22,70.34,19.2,0.339,22.69
1,Core-Router-01,Router,2024-02-19 00:00:00,29.04,32.67,38.28,328.09,5.58,0.13,43.53
2,Core-Router-02,Router,2024-02-19 00:00:00,31.43,35.53,36.34,324.68,5.16,0.15,41.37
3,Dist-Switch-01,Switch,2024-02-19 00:00:00,24.23,30.76,35.05,185.6,0.96,0.07,30.42
4,Dist-Switch-02,Switch,2024-02-19 00:00:00,23.32,28.2,32.34,210.59,1.78,0.12,33.96
5,Edge-Firewall-01,Firewall,2024-02-19 00:00:00,30.91,37.07,51.52,509.61,9.25,0.281,52.73
6,App-Server-01,Server,2024-02-19 00:00:00,38.13,44.67,25.06,117.16,4.21,0.106,67.96
7,App-Server-02,Server,2024-02-19 00:00:00,44.43,44.5,28.82,116.82,2.83,0.095,66.75
8,DB-Server-01,Server,2024-02-19 00:00:00,41.04,43.5,31.59,113.07,1.73,0.083,67.08
9,WiFi-AP-01,Access Point,2024-02-19 00:00:00,18.26,27.19,22.17,120.76,9.72,0.367,24.65
10,WiFi-AP-02,Access Point,2024-02-19 00:00:00,21.98,27.57,23.44,73.9,11.16,0.386,22.28
1,Core-Router-01,Router,2024-02-19 02:00:00,25.73,38.38,46.12,367.22,4.55,0.158,42.35
2,Core-Router-02,Router,2024-02-19 02:00:00,33.83,37.03,36.29,363.15,5.1,0.151,42.63
3,Dist-Switch-01,Switch,2024-02-19 02:00:00,17.26,31.55,32.69,186.15,4.38,0.109,32.8
4,Dist-Switch-02,Switch,2024-02-19 02:00:00,20.43,27.23,31.99,175.2,4.07,0.074,32.27
5,Edge-Firewall-01,Firewall,2024-02-19 02:00:00,44.82,41.31,53.62,550.65,6.02,0.308,52.89
6,App-Server-01,Server,2024-02-19 02:00:00,40.55,47.26,23.9,120.44,2.69,0.168,66.54
7,App-Server-02,Server,2024-02-19 02:00:00,38.48,47.23,19.62,143.34,1.71,0.124,66.31
8,DB-Server-01,Server,2024-02-19 02:00:00,33.85,50.95,57.41,153.15,3.83,0.075,67.42
9,WiFi-AP-01,Access Point,2024-02-19 02:00:00,20.89,31.86,24.02,151.42,8.68,0.386,22.52
10,WiFi-AP-02,Access Point,2024-02-19 02:00:00,17.5,32.83,35.37,109.28,11.04,0.37,21.77
1,Core-Router-01,Router,2024-02-19 04:00:00,32.25,37.25,36.2,362.01,4.95,0.188,41.49
2,Core-Router-02,Router,2024-02-19 04:00:00,32.45,40.19,65.91,346.47,4.19,0.137,42.12
3,Dist-Switch-01,Switch,2024-02-19 04:00:00,19.43,29.97,30.38,217.08,0.99,0.125,31.66
4,Dist-Switch-02,Switch,2024-02-19 04:00:00,23.74,31.32,47.29,214.0,1.95,0.083,32.21
5,Edge-Firewall-01,Firewall,2024-02-19 04:00:00,31.71,44.3,40.81,531.8,7.65,0.302,52.49
6,App-Server-01,Server,2024-02-19 04:00:00,43.23,43.56,43.89,145.31,4.24,0.129,66.61
7,App-Server-02,Server,2024-02-19 04:00:00,42.43,51.98,28.37,112.5,1.91,0.078,67.81
8,DB-Server-01,Server,2024-02-19 04:00:00,39.52,43.91,32.45,127.73,3.53,0.158,68.65
9,WiFi-AP-01,Access Point,2024-02-19 04:00:00,14.1,30.97,33.37,72.45,10.25,0.425,21.85
10,WiFi-AP-02,Access Point,2024-02-19 04:00:00,23.47,28.1,37.01,104.21,9.88,0.462,23.17
1,Core-Router-01,Router,2024-02-19 06:00:00,39.47,50.66,51.06,451.16,6.2,0.148,41.58
2,Core-Router-02,Router,2024-02-19 06:00:00,36.54,49.61,49.84,420.35,3.8,0.195,42.31
3,Dist-Switch-01,Switch,2024-02-19 06:00:00,27.17,37.51,41.99,257.12,1.72,0.147,33.54
4,Dist-Switch-02,Switch,2024-02-19 06:00:00,26.87,41.02,49.47,286.15,1.42,0.094,33.04
5,Edge-Firewall-01,Firewall,2024-02-19 06:00:00,50.65,61.55,66.86,732.95,9.37,0.303,52.51
6,App-Server-01,Server,2024-02-19 06:00:00,57.16,62.32,38.33,168.4,0.72,0.108,65.9
7,App-Server-02,Server,2024-02-19 06:00:00,51.08,65.32,40.08,203.11,0.98,0.09,67.19
8,DB-Server-01,Server,2024-02-19 06:00:00,57.83,67.29,29.38,179.92,3.83,0.096,69.2
9,WiFi-AP-01,Access Point,2024-02-19 06:00:00,20.84,35.02,35.04,137.78,6.98,0.375,23.72
10,WiFi-AP-02,Access Point,2024-02-19 06:00:00,16.86,31.07,45.99,159.73,8.64,0.437,22.88
1,Core-Router-01,Router,2024-02-19 08:00:00,59.76,65.54,81.53,612.01,4.69,0.184,42.06
2,Core-Router-02,Router,2024-02-19 08:00:00,49.48,68.31,72.49,602.02,6.24,0.269,41.53
3,Dist-Switch-01,Switch,2024-02-19 08:00:00,37.83,54.37,73.18,380.26,2.93,0.128,32.58
4,Dist-Switch-02,Switch,2024-02-19 08:00:00,36.3,60.12,65.63,353.51,1.28,0.088,33.61
5,Edge-Firewall-01,Firewall,2024-02-19 08:00:00,73.81,86.71,82.89,990.6,7.6,0.357,53.38
6,App-Server-01,Server,2024-02-19 08:00:00,73.9,90.38,46.81,261.78,2.56,0.179,66.43
7,App-Server-02,Server,2024-02-19 08:00:00,74.58,92.2,47.09,243.57,3.49,0.117,66.97
8,DB-Server-01,Server,2024-02-19 08:00:00,74.37,85.12,40.48,233.95,3.61,0.119,68.79
9,WiFi-AP-01,Access Point,2024-02-19 08:00:00,35.89,46.69,51.84,171.19,9.85,0.439,22.28
10,WiFi-AP-02,Access Point,2024-02-19 08:00:00,27.38,51.74,50.82,165.26,10.52,0.418,22.22
1,Core-Router-01,Router,2024-02-19 10:00:00,72.93,87.28,99.0,786.38,6.71,0.176,43.85
2,Core-Router-02,Router,2024-02-19 10:00:00,75.14,84.46,89.16,761.47,5.42,0.233,42.0
3,Dist-Switch-01,Switch,2024-02-19 10:00:00,51.09,71.46,65.41,436.38,4.16,0.135,31.87
4,Dist-Switch-02,Switch,2024-02-19 10:00:00,40.35,65.71,79.72,502.57,3.91,0.149,32.15
5,Edge-Firewall-01,Firewall,2024-02-19 10:00:00,81.46,99.0,99.0,1223.83,7.13,0.389,51.94
6,App-Server-01,Server,2024-02-19 10:00:00,91.12,99.0,69.95,351.0,3.46,0.1,68.77
7,App-Server-02,Server,2024-02-19 10:00:00,97.27,99.5,53.84,332.85,3.36,0.143,66.78
8,DB-Server-01,Server,2024-02-19 10:00:00,94.93,99.0,61.11,295.59,2.24,0.12,65.97
9,WiFi-AP-01,Access Point,2024-02-19 10:00:00,42.8,55.35,70.3,214.56,11.98,0.43,20.33
10,WiFi-AP-02,Access Point,2024-02-19 10:00:00,40.77,85.38,74.38,243.87,11.47,0.432,23.27
1,Core-Router-01,Router,2024-02-19 12:00:00,73.84,88.26,99.0,793.88,4.96,0.202,43.29
2,Core-Router-02,Router,2024-02-19 12:00:00,69.88,88.81,98.44,848.24,4.47,0.19,41.1
3,Dist-Switch-01,Switch,2024-02-19 12:00:00,45.18,74.9,82.01,492.06,3.74,0.156,34.77
4,Dist-Switch-02,Switch,2024-02-19 12:00:00,53.82,72.69,83.81,477.44,2.32,0.184,31.8
5,Edge-Firewall-01,Firewall,2024-02-19 12:00:00,89.11,99.0,99.0,1301.53,6.91,0.391,52.5
6,App-Server-01,Server,2024-02-19 12:00:00,96.61,99.0,64.71,326.45,4.9,0.1,68.39
7,App-Server-02,Server,2024-02-19 12:00:00,96.52,99.0,60.76,337.5,3.84,0.133,69.61
8,DB-Server-01,Server,2024-02-19 12:00:00,95.88,99.0,71.26,328.39,4.84,0.105,67.47
9,WiFi-AP-01,Access Point,2024-02-19 12:00:00,40.9,61.66,77.47,257.65,9.9,0.511,22.01
10,WiFi-AP-02,Access Point,2024-02-19 12:00:00,34.01,71.19,78.72,258.07,9.66,0.419,21.19
1,Core-Router-01,Router,2024-02-19 14:00:00,72.76,87.32,99.0,836.96,3.95,0.209,42.65
2,Core-Router-02,Router,2024-02-19 14:00:00,76.4,89.31,99.0,804.57,3.32,0.249,41.95
3,Dist-Switch-01,Switch,2024-02-19 14:00:00,42.66,78.32,81.43,509.48,2.79,0.072,35.99
4,Dist-Switch-02,Switch,2024-02-19 14:00:00,60.82,77.84,77.32,519.75,0.5,0.15,29.89
5,Edge-Firewall-01,Firewall,2024-02-19 14:00:00,88.76,99.0,99.0,1280.01,8.17,0.397,52.65
6,App-Server-01,Server,2024-02-19 14:00:00,96.59,99.0,71.2,324.31,4.52,0.106,66.96
7,App-Server-02,Server,2024-02-19 14:00:00,99.0,99.0,62.38,312.09,4.76,0.107,67.45
8,DB-Server-01,Server,2024-02-19 14:00:00,97.21,99.0,76.2,328.8,5.42,0.126,67.17
9,WiFi-AP-01,Access Point,2024-02-19 14:00:00,43.62,63.03,76.97,235.18,8.46,0.518,22.13
10,WiFi-AP-02,Access Point,2024-02-19 14:00:00,42.59,76.48,74.56,249.18,9.83,0.474,22.69
1,Core-Router-01,Router,2024-02-19 16:00:00,68.89,87.83,86.14,774.0,3.73,0.181,41.35
2,Core-Router-02,Router,2024-02-19 16:00:00,65.79,84.88,99.5,801.05,6.18,0.206,43.23
3,Dist-Switch-01,Switch,2024-02-19 16:00:00,46.82,73.37,75.7,505.42,1.06,0.13,31.06
4,Dist-Switch-02,Switch,2024-02-19 16:00:00,41.42,64.57,78.24,480.11,2.03,0.14,31.98
5,Edge-Firewall-01,Firewall,2024-02-19 16:00:00,88.26,99.0,99.0,1204.47,7.58,0.412,52.36
6,App-Server-01,Server,2024-02-19 16:00:00,94.51,99.0,62.66,318.13,1.77,0.192,66.71
7,App-Server-02,Server,2024-02-19 16:00:00,94.67,99.0,62.29,311.62,4.66,0.109,68.75
8,DB-Server-01,Server,2024-02-19 16:00:00,93.77,99.0,52.84,318.33,0.5,0.1,68.47
9,WiFi-AP-01,Access Point,2024-02-19 16:00:00,44.37,63.95,68.0,242.42,12.52,0.437,23.41
10,WiFi-AP-02,Access Point,2024-02-19 16:00:00,36.87,64.95,73.98,219.31,10.78,0.452,23.19
1,Core-Router-01,Router,2024-02-19 18:00:00,55.4,71.6,69.41,617.57,5.11,0.214,41.48
2,Core-Router-02,Router,2024-02-19 18:00:00,56.53,66.43,74.63,625.22,3.72,0.22,42.88
3,Dist-Switch-01,Switch,2024-02-19 18:00:00,33.61,54.54,69.21,378.74,1.04,0.106,33.07
4,Dist-Switch-02,Switch,2024-02-19 18:00:00,40.02,56.65,60.28,386.62,1.69,0.113,34.04
5,Edge-Firewall-01,Firewall,2024-02-19 18:00:00,69.87,77.9,87.1,988.35,7.65,0.351,51.52
6,App-Server-01,Server,2024-02-19 18:00:00,77.58,86.41,41.34,242.39,2.38,0.238,67.29
7,App-Server-02,Server,2024-02-19 18:00:00,78.23,86.11,52.93,247.12,2.54,0.126,66.17
8,DB-Server-01,Server,2024-02-19 18:00:00,77.79,88.62,48.0,206.46,3.47,0.134,67.59
9,WiFi-AP-01,Access Point,2024-02-19 18:00:00,24.7,49.67,54.91,137.02,11.62,0.39,22.19
10,WiFi-AP-02,Access Point,2024-02-19 18:00:00,33.01,49.24,57.38,162.32,9.86,0.494,22.21
1,Core-Router-01,Router,2024-02-19 20:00:00,61.34,63.39,72.33,574.9,5.01,0.185,42.83
2,Core-Router-02,Router,2024-02-19 20:00:00,53.16,61.48,67.88,642.5,5.88,0.158,42.61
3,Dist-Switch-01,Switch,2024-02-19 20:00:00,32.93,59.44,58.14,379.17,0.67,0.075,33.7
4,Dist-Switch-02,Switch,2024-02-19 20:00:00,33.25,57.81,56.33,352.39,1.99,0.115,32.15
5,Edge-Firewall-01,Firewall,2024-02-19 20:00:00,70.39,99.5,82.58,957.3,7.64,0.404,51.64
6,App-Server-01,Server,2024-02-19 20:00:00,78.14,85.64,58.17,291.86,4.03,0.171,65.05
7,App-Server-02,Server,2024-02-19 20:00:00,74.33,89.15,51.9,232.48,1.51,0.134,69.31
8,DB-Server-01,Server,2024-02-19 20:00:00,99.5,88.91,62.4,243.16,2.83,0.114,67.17
9,WiFi-AP-01,Access Point,2024-02-19 20:00:00,36.23,48.18,55.41,156.36,9.76,0.459,22.8
10,WiFi-AP-02,Access Point,2024-02-19 20:00:00,24.21,52.33,51.21,220.9,11.37,0.399,20.91
1,Core-Router-01,Router,2024-02-19 22:00:00,37.9,46.7,50.02,480.54,4.85,0.171,41.7
2,Core-Router-02,Router,2024-02-19 22:00:00,38.28,50.99,45.74,450.96,5.42,0.225,41.03
3,Dist-Switch-01,Switch,2024-02-19 22:00:00,26.75,44.73,50.91,257.23,3.41,0.079,32.12
4,Dist-Switch-02,Switch,2024-02-19 22:00:00,27.32,42.93,41.86,261.44,0.75,0.081,33.38
5,Edge-Firewall-01,Firewall,2024-02-19 22:00:00,53.37,54.27,60.95,743.31,8.23,0.308,52.46
6,App-Server-01,Server,2024-02-19 22:00:00,56.05,63.72,33.04,197.22,1.8,0.144,66.55
7,App-Server-02,Server,2024-02-19 22:00:00,56.07,62.37,33.54,206.75,3.74,0.081,69.2
8,DB-Server-01,Server,2024-02-19 22:00:00,57.8,60.44,24.62,181.74,4.38,0.109,69.02
9,WiFi-AP-01,Access Point,2024-02-19 22:00:00,20.06,35.57,39.95,139.52,10.77,0.442,24.29
10,WiFi-AP-02,Access Point,2024-02-19 22:00:00,29.12,37.93,38.7,139.22,10.66,0.394,21.54
1,Core-Router-01,Router,2024-02-20 00:00:00,28.53,39.73,39.27,337.98,4.92,0.173,42.33
2,Core-Router-02,Router,2024-02-20 00:00:00,28.54,35.05,56.87,335.49,5.62,0.185,41.11
3,Dist-Switch-01,Switch,2024-02-20 00:00:00,26.68,31.25,28.11,194.43,0.5,0.144,34.22
4,Dist-Switch-02,Switch,2024-02-20 00:00:00,36.47,31.99,33.19,202.86,2.37,0.163,33.82
5,Edge-Firewall-01,Firewall,2024-02-20 00:00:00,36.73,42.36,49.59,525.58,8.21,0.282,53.21
6,App-Server-01,Server,2024-02-20 00:00:00,39.64,44.16,28.81,129.59,1.18,0.08,66.96
7,App-Server-02,Server,2024-02-20 00:00:00,41.88,44.68,20.97,158.6,3.84,0.071,67.94
8,DB-Server-01,Server,2024-02-20 00:00:00,43.74,47.22,20.96,140.99,4.0,0.102,67.56
9,WiFi-AP-01,Access Point,2024-02-20 00:00:00,19.14,26.33,35.6,128.19,8.7,0.413,24.74
10,WiFi-AP-02,Access Point,2024-02-20 00:00:00,18.98,29.95,27.14,91.18,9.79,0.377,21.19
1,Core-Router-01,Router,2024-02-20 02:00:00,29.68,39.63,34.01,341.08,5.15,0.145,43.0
2,Core-Router-02,Router,2024-02-20 02:00:00,31.99,36.01,45.8,348.71,6.57,0.135,42.18
3,Dist-Switch-01,Switch,2024-02-20 02:00:00,19.42,33.91,33.01,200.75,3.96,0.127,32.86
4,Dist-Switch-02,Switch,2024-02-20 02:00:00,20.0,29.62,28.98,189.22,1.59,0.085,33.35
5,Edge-Firewall-01,Firewall,2024-02-20 02:00:00,30.01,40.27,49.99,552.65,6.54,0.304,52.49
6,App-Server-01,Server,2024-02-20 02:00:00,43.49,44.69,20.05,128.83,2.74,0.088,67.11
7,App-Server-02,Server,2024-02-20 02:00:00,47.27,42.15,22.78,126.63,3.02,0.109,68.37
8,DB-Server-01,Server,2024-02-20 02:00:00,44.81,48.69,18.35,101.71,4.15,0.127,68.14
9,WiFi-AP-01,Access Point,2024-02-20 02:00:00,13.59,26.03,28.38,80.76,10.26,0.449,22.0
10,WiFi-AP-02,Access Point,2024-02-20 02:00:00,22.06,24.34,22.69,121.0,9.78,0.43,23.97
1,Core-Router-01,Router,2024-02-20 04:00:00,29.26,41.15,36.12,319.66,6.07,0.207,42.5
2,Core-Router-02,Router,2024-02-20 04:00:00,35.37,41.08,38.34,357.68,3.88,0.169,42.73
3,Dist-Switch-01,Switch,2024-02-20 04:00:00,21.76,27.23,43.06,164.95,2.05,0.071,30.75
4,Dist-Switch-02,Switch,2024-02-20 04:00:00,25.55,28.15,62.4,209.06,0.55,0.116,34.06
5,Edge-Firewall-01,Firewall,2024-02-20 04:00:00,36.86,35.78,45.74,539.34,8.22,0.374,52.47
6,App-Server-01,Server,2024-02-20 04:00:00,37.17,47.91,29.53,143.0,4.4,0.178,66.37
7,App-Server-02,Server,2024-02-20 04:00:00,38.97,49.48,26.37,80.54,2.81,0.131,66.11
8,DB-Server-01,Server,2024-02-20 04:00:00,41.38,41.53,31.35,139.83,2.43,0.092,66.0
9,WiFi-AP-01,Access Point,2024-02-20 04:00:00,20.91,24.6,32.88,82.01,12.2,0.441,24.57
10,WiFi-AP-02,Access Point,2024-02-20 04:00:00,25.64,25.1,25.95,141.77,9.86,0.419,21.88
1,Core-Router-01,Router,2024-02-20 06:00:00,38.08,51.99,44.15,465.66,5.52,0.165,42.52
2,Core-Router-02,Router,2024-02-20 06:00:00,41.22,50.21,57.45,433.7,7.7,0.152,42.37
3,Dist-Switch-01,Switch,2024-02-20 06:00:00,34.78,35.01,54.67,271.87,1.47,0.123,31.23
4,Dist-Switch-02,Switch,2024-02-20 06:00:00,25.63,41.33,48.11,275.32,1.49,0.13,35.17
5,Edge-Firewall-01,Firewall,2024-02-20 06:00:00,85.0,57.42,65.51,731.32,9.6,0.328,51.54
6,App-Server-01,Server,2024-02-20 06:00:00,58.54,64.22,30.46,194.11,4.84,0.114,66.61
7,App-Server-02,Server,2024-02-20 06:00:00,54.12,65.04,35.63,202.69,3.26,0.128,66.78
8,DB-Server-01,Server,2024-02-20 06:00:00,49.09,61.98,29.27,188.19,0.98,0.097,67.21
9,WiFi-AP-01,Access Point,2024-02-20 06:00:00,18.31,35.08,40.52,160.38,8.96,0.373,23.06
10,WiFi-AP-02,Access Point,2024-02-20 06:00:00,39.19,34.51,34.81,172.97,10.07,0.383,24.62
1,Core-Router-01,Router,2024-02-20 08:00:00,56.58,75.69,67.17,614.01,3.63,0.163,42.37
2,Core-Router-02,Router,2024-02-20 08:00:00,53.86,68.22,72.2,616.54,4.24,0.226,41.39
3,Dist-Switch-01,Switch,2024-02-20 08:00:00,37.97,52.11,57.7,356.68,1.87,0.078,31.39
4,Dist-Switch-02,Switch,2024-02-20 08:00:00,35.47,52.71,56.7,393.92,0.61,0.071,34.2
5,Edge-Firewall-01,Firewall,2024-02-20 08:00:00,72.89,81.71,86.54,1004.73,8.37,0.417,52.37
6,App-Server-01,Server,2024-02-20 08:00:00,78.25,85.65,58.97,244.26,1.38,0.093,68.26
7,App-Server-02,Server,2024-02-20 08:00:00,80.76,83.64,40.78,257.43,3.47,0.161,67.17
8,DB-Server-01,Server,2024-02-20 08:00:00,73.11,89.09,47.43,238.79,3.11,0.155,69.4
9,WiFi-AP-01,Access Point,2024-02-20 08:00:00,34.67,47.39,50.1,164.82,10.59,0.455,22.25
10,WiFi-AP-02,Access Point,2024-02-20 08:00:00,24.17,51.12,58.58,181.93,10.19,0.412,22.67
1,Core-Router-01,Router,2024-02-20 10:00:00,72.73,81.57,94.71,777.31,6.2,0.174,42.4
2,Core-Router-02,Router,2024-02-20 10:00:00,67.38,89.55,81.03,783.66,4.98,0.177,42.17
3,Dist-Switch-01,Switch,2024-02-20 10:00:00,46.18,71.05,73.37,466.76,2.35,0.121,33.0
4,Dist-Switch-02,Switch,2024-02-20 10:00:00,47.84,67.21,93.89,447.82,2.14,0.078,33.89
5,Edge-Firewall-01,Firewall,2024-02-20 10:00:00,83.61,97.88,99.0,1217.9,7.21,0.406,49.5
6,App-Server-01,Server,2024-02-20 10:00:00,95.08,99.0,66.46,347.08,4.51,0.114,68.61
7,App-Server-02,Server,2024-02-20 10:00:00,92.42,99.0,58.1,304.02,3.33,0.175,68.23
8,DB-Server-01,Server,2024-02-20 10:00:00,89.73,99.0,64.72,327.42,4.23,0.108,67.97
9,WiFi-AP-01,Access Point,2024-02-20 10:00:00,69.55,57.82,71.0,250.12,10.51,0.43,25.11
10,WiFi-AP-02,Access Point,2024-02-20 10:00:00,46.39,61.9,68.66,246.04,9.94,0.503,21.23
1,Core-Router-01,Router,2024-02-20 12:00:00,72.87,92.29,99.0,790.69,4.05,0.257,41.63
2,Core-Router-02,Router,2024-02-20 12:00:00,68.72,91.85,99.0,817.24,5.03,0.228,41.46
3,Dist-Switch-01,Switch,2024-02-20 12:00:00,41.5,75.96,80.08,471.82,2.55,0.169,31.64
4,Dist-Switch-02,Switch,2024-02-20 12:00:00,39.66,74.61,89.9,480.72,1.21,0.159,33.13
5,Edge-Firewall-01,Firewall,2024-02-20 12:00:00,99.0,99.0,99.0,1341.4,7.85,0.412,50.08
6,App-Server-01,Server,2024-02-20 12:00:00,99.0,99.0,65.09,346.27,1.82,0.13,68.05
7,App-Server-02,Server,2024-02-20 12:00:00,98.61,99.0,66.87,340.74,1.68,0.163,67.02
8,DB-Server-01,Server,2024-02-20 12:00:00,98.67,99.0,64.19,332.71,3.74,0.144,67.93
9,WiFi-AP-01,Access Point,2024-02-20 12:00:00,38.63,66.73,75.03,247.28,10.53,0.48,20.47
10,WiFi-AP-02,Access Point,2024-02-20 12:00:00,45.78,65.23,75.91,228.74,11.26,0.455,22.32
1,Core-Router-01,Router,2024-02-20 14:00:00,74.97,85.01,99.0,850.05,5.32,0.184,42.18
2,Core-Router-02,Router,2024-02-20 14:00:00,78.16,93.93,96.28,827.49,5.23,0.198,41.73
3,Dist-Switch-01,Switch,2024-02-20 14:00:00,53.79,75.52,88.04,469.88,0.94,0.18,33.65
4,Dist-Switch-02,Switch,2024-02-20 14:00:00,45.96,76.43,79.7,458.21,0.5,0.074,34.06
5,Edge-Firewall-01,Firewall,2024-02-20 14:00:00,96.32,99.0,99.0,1318.85,9.15,0.493,53.49
6,App-Server-01,Server,2024-02-20 14:00:00,93.95,99.0,69.1,346.7,2.39,0.129,68.06
7,App-Server-02,Server,2024-02-20 14:00:00,97.19,99.0,76.03,322.49,2.75,0.106,67.32
8,DB-Server-01,Server,2024-02-20 14:00:00,99.0,99.0,64.39,310.99,4.97,0.107,65.8
9,WiFi-AP-01,Access Point,2024-02-20 14:00:00,48.46,69.0,81.83,274.78,12.64,0.497,21.7
10,WiFi-AP-02,Access Point,2024-02-20 14:00:00,39.05,64.06,74.44,236.3,8.81,0.461,22.21
1,Core-Router-01,Router,2024-02-20 16:00:00,74.19,83.35,96.86,747.01,1.8,0.181,41.89
2,Core-Router-02,Router,2024-02-20 16:00:00,66.08,82.08,89.27,753.69,4.1,0.234,40.37
3,Dist-Switch-01,Switch,2024-02-20 16:00:00,37.57,76.99,77.03,494.55,1.82,0.076,32.81
4,Dist-Switch-02,Switch,2024-02-20 16:00:00,48.97,65.87,75.44,470.16,0.5,0.139,33.56
5,Edge-Firewall-01,Firewall,2024-02-20 16:00:00,76.67,97.91,99.0,1254.34,9.53,0.385,54.84
6,App-Server-01,Server,2024-02-20 16:00:00,92.62,99.0,64.68,315.59,3.25,0.196,67.75
7,App-Server-02,Server,2024-02-20 16:00:00,88.88,99.0,69.24,323.05,1.44,0.175,67.53
8,DB-Server-01,Server,2024-02-20 16:00:00,95.28,99.0,53.47,286.87,4.65,0.122,68.5
9,WiFi-AP-01,Access Point,2024-02-20 16:00:00,43.33,60.0,67.74,228.67,10.42,0.484,24.37
10,WiFi-AP-02,Access Point,2024-02-20 16:00:00,41.93,91.75,79.24,227.93,11.19,0.455,23.11
1,Core-Router-01,Router,2024-02-20 18:00:00,54.83,63.88,75.97,625.73,4.42,0.16,41.62
2,Core-Router-02,Router,2024-02-20 18:00:00,52.19,66.62,67.61,607.08,5.71,0.225,44.58
3,Dist-Switch-01,Switch,2024-02-20 18:00:00,35.52,59.29,63.56,366.5,2.4,0.123,32.0
4,Dist-Switch-02,Switch,2024-02-20 18:00:00,35.04,54.46,58.74,395.23,1.24,0.097,32.81
5,Edge-Firewall-01,Firewall,2024-02-20 18:00:00,68.98,79.21,95.04,977.39,7.83,0.434,52.2
6,App-Server-01,Server,2024-02-20 18:00:00,68.96,83.88,39.72,229.65,2.92,0.097,67.09
7,App-Server-02,Server,2024-02-20 18:00:00,72.95,85.11,49.33,245.3,3.27,0.097,67.07
8,DB-Server-01,Server,2024-02-20 18:00:00,77.36,88.43,49.34,271.4,3.08,0.097,67.43
9,WiFi-AP-01,Access Point,2024-02-20 18:00:00,31.6,46.75,46.32,191.25,10.83,0.445,23.57
10,WiFi-AP-02,Access Point,2024-02-20 18:00:00,24.35,47.82,64.22,192.74,9.7,0.386,23.7
1,Core-Router-01,Router,2024-02-20 20:00:00,49.91,72.02,71.8,632.92,4.39,0.234,42.47
2,Core-Router-02,Router,2024-02-20 20:00:00,50.37,69.47,80.76,642.52,5.09,0.191,42.08
3,Dist-Switch-01,Switch,2024-02-20 20:00:00,39.49,56.78,47.4,351.24,2.21,0.078,32.47
4,Dist-Switch-02,Switch,2024-02-20 20:00:00,37.48,59.31,63.65,324.6,3.95,0.164,33.46
5,Edge-Firewall-01,Firewall,2024-02-20 20:00:00,61.81,84.71,85.24,997.69,6.01,0.36,52.92
6,App-Server-01,Server,2024-02-20 20:00:00,76.72,89.47,50.39,243.29,2.19,0.111,68.71
7,App-Server-02,Server,2024-02-20 20:00:00,70.9,81.1,44.56,259.62,2.7,0.116,65.5
8,DB-Server-01,Server,2024-02-20 20:00:00,62.32,87.42,54.52,213.28,3.53,0.141,67.5
9,WiFi-AP-01,Access Point,2024-02-20 20:00:00,34.54,50.07,54.37,202.05,11.91,0.432,22.41
10,WiFi-AP-02,Access Point,2024-02-20 20:00:00,26.97,49.97,54.91,208.79,11.42,0.42,23.55
1,Core-Router-01,Router,2024-02-20 22:00:00,37.68,46.64,56.18,450.4,7.0,0.234,43.12
2,Core-Router-02,Router,2024-02-20 22:00:00,42.91,47.21,49.16,443.21,3.36,0.216,45.2
3,Dist-Switch-01,Switch,2024-02-20 22:00:00,25.63,38.58,38.45,248.08,1.41,0.123,35.69
4,Dist-Switch-02,Switch,2024-02-20 22:00:00,24.11,37.79,39.16,279.02,2.34,0.067,32.06
5,Edge-Firewall-01,Firewall,2024-02-20 22:00:00,54.94,60.79,66.6,727.4,7.81,0.346,53.02
6,App-Server-01,Server,2024-02-20 22:00:00,55.69,64.7,28.18,186.79,2.69,0.122,68.23
7,App-Server-02,Server,2024-02-20 22:00:00,54.71,70.06,38.42,174.06,2.89,0.136,68.73
8,DB-Server-01,Server,2024-02-20 22:00:00,55.26,64.0,30.68,195.58,2.06,0.105,67.63
9,WiFi-AP-01,Access Point,2024-02-20 22:00:00,20.18,33.62,40.25,155.2,10.9,0.396,22.99
10,WiFi-AP-02,Access Point,2024-02-20 22:00:00,20.6,39.36,31.82,143.68,10.84,0.366,21.78
1,Core-Router-01,Router,2024-02-21 00:00:00,30.29,34.93,43.16,357.16,5.45,0.15,43.31
2,Core-Router-02,Router,2024-02-21 00:00:00,33.95,34.87,52.82,343.81,5.92,0.213,42.62
3,Dist-Switch-01,Switch,2024-02-21 00:00:00,24.81,30.09,41.43,229.63,1.82,0.081,32.2
4,Dist-Switch-02,Switch,2024-02-21 00:00:00,20.83,26.92,27.03,157.52,1.98,0.162,30.56
5,Edge-Firewall-01,Firewall,2024-02-21 00:00:00,36.47,43.33,46.59,566.34,7.11,0.37,52.02
6,App-Server-01,Server,2024-02-21 00:00:00,37.92,40.66,28.29,111.58,2.92,0.087,66.48
7,App-Server-02,Server,2024-02-21 00:00:00,44.15,46.51,27.33,147.03,3.29,0.079,66.73
8,DB-Server-01,Server,2024-02-21 00:00:00,36.14,47.83,22.25,151.19,2.87,0.101,66.56
9,WiFi-AP-01,Access Point,2024-02-21 00:00:00,12.35,32.1,29.7,119.74,8.59,0.351,23.85
10,WiFi-AP-02,Access Point,2024-02-21 00:00:00,10.65,33.89,31.46,85.1,10.35,0.387,21.72
1,Core-Router-01,Router,2024-02-21 02:00:00,27.71,37.95,42.91,334.28,5.4,0.17,42.72
2,Core-Router-02,Router,2024-02-21 02:00:00,27.68,37.14,49.37,344.91,6.24,0.153,42.81
3,Dist-Switch-01,Switch,2024-02-21 02:00:00,50.4,34.94,39.96,180.56,3.15,0.146,31.98
4,Dist-Switch-02,Switch,2024-02-21 02:00:00,16.72,30.37,34.72,195.95,0.81,0.132,31.69
5,Edge-Firewall-01,Firewall,2024-02-21 02:00:00,35.18,44.3,39.99,510.22,7.57,0.312,52.74
6,App-Server-01,Server,2024-02-21 02:00:00,32.35,51.52,31.05,139.12,3.16,0.1,69.88
7,App-Server-02,Server,2024-02-21 02:00:00,44.11,48.24,20.92,138.59,3.77,0.078,67.03
8,DB-Server-01,Server,2024-02-21 02:00:00,42.8,44.39,31.4,126.59,0.88,0.094,67.49
9,WiFi-AP-01,Access Point,2024-02-21 02:00:00,19.12,28.37,23.99,103.92,9.47,0.375,21.55
10,WiFi-AP-02,Access Point,2024-02-21 02:00:00,16.71,36.46,39.72,81.5,10.07,0.366,22.69
1,Core-Router-01,Router,2024-02-21 04:00:00,34.11,36.82,37.03,361.38,3.77,0.144,41.06
2,Core-Router-02,Router,2024-02-21 04:00:00,26.34,65.61,37.19,300.72,4.28,0.168,41.29
3,Dist-Switch-01,Switch,2024-02-21 04:00:00,22.5,25.8,60.26,205.62,1.66,0.081,31.83
4,Dist-Switch-02,Switch,2024-02-21 04:00:00,15.42,28.53,37.11,194.27,2.17,0.114,33.15
5,Edge-Firewall-01,Firewall,2024-02-21 04:00:00,32.1,45.32,52.59,529.56,6.41,0.286,52.74
6,App-Server-01,Server,2024-02-21 04:00:00,42.96,45.79,16.88,109.77,3.36,0.171,67.53
7,App-Server-02,Server,2024-02-21 04:00:00,45.84,44.18,23.82,88.49,3.37,0.118,68.15
8,DB-Server-01,Server,2024-02-21 04:00:00,38.58,53.42,36.03,89.23,3.59,0.106,68.2
9,WiFi-AP-01,Access Point,2024-02-21 04:00:00,11.54,31.38,35.6,73.2,9.82,0.343,23.27
10,WiFi-AP-02,Access Point,2024-02-21 04:00:00,16.86,29.42,30.09,113.71,8.63,0.352,23.7
1,Core-Router-01,Router,2024-02-21 06:00:00,46.23,50.13,53.62,478.36,4.9,0.203,42.44
2,Core-Router-02,Router,2024-02-21 06:00:00,40.75,46.3,47.87,470.56,6.72,0.146,42.38
3,Dist-Switch-01,Switch,2024-02-21 06:00:00,31.15,41.6,33.11,290.47,0.66,0.066,32.11
4,Dist-Switch-02,Switch,2024-02-21 06:00:00,24.5,40.73,49.57,271.23,3.41,0.139,34.07
5,Edge-Firewall-01,Firewall,2024-02-21 06:00:00,49.39,57.2,62.97,744.11,9.07,0.429,52.86
6,App-Server-01,Server,2024-02-21 06:00:00,44.65,63.08,33.43,163.66,3.85,0.105,67.54
7,App-Server-02,Server,2024-02-21 06:00:00,50.39,63.36,40.88,162.84,3.64,0.078,67.6
8,DB-Server-01,Server,2024-02-21 06:00:00,52.72,65.46,39.43,177.73,3.2,0.114,68.09
9,WiFi-AP-01,Access Point,2024-02-21 06:00:00,21.32,39.58,44.91,177.52,8.43,0.399,23.7
10,WiFi-AP-02,Access Point,2024-02-21 06:00:00,26.57,35.32,33.77,166.09,9.52,0.394,24.62
1,Core-Router-01,Router,2024-02-21 08:00:00,50.72,70.67,70.65,604.61,5.17,0.185,43.5
2,Core-Router-02,Router,2024-02-21 08:00:00,60.14,66.09,68.7,613.27,5.35,0.17,38.92
3,Dist-Switch-01,Switch,2024-02-21 08:00:00,29.9,55.09,66.29,353.98,2.73,0.14,32.81
4,Dist-Switch-02,Switch,2024-02-21 08:00:00,38.26,57.22,56.97,341.12,2.73,0.145,31.78
5,Edge-Firewall-01,Firewall,2024-02-21 08:00:00,73.78,81.13,88.66,1004.69,8.59,0.349,51.65
6,App-Server-01,Server,2024-02-21 08:00:00,85.15,85.94,51.27,256.85,2.47,0.114,69.04
7,App-Server-02,Server,2024-02-21 08:00:00,71.46,88.05,82.8,243.77,2.91,0.134,67.41
8,DB-Server-01,Server,2024-02-21 08:00:00,66.11,91.33,44.73,252.36,1.68,0.109,67.11
9,WiFi-AP-01,Access Point,2024-02-21 08:00:00,31.7,46.98,65.73,186.53,10.88,0.396,23.55
10,WiFi-AP-02,Access Point,2024-02-21 08:00:00,22.6,47.5,53.2,175.44,10.52,0.397,22.48
1,Core-Router-01,Router,2024-02-21 10:00:00,69.57,92.59,94.64,730.65,5.77,0.198,43.71
2,Core-Router-02,Router,2024-02-21 10:00:00,72.16,82.55,97.47,777.14,6.05,0.25,42.43
3,Dist-Switch-01,Switch,2024-02-21 10:00:00,50.01,72.87,78.31,504.26,3.05,0.104,32.81
4,Dist-Switch-02,Switch,2024-02-21 10:00:00,49.95,75.52,80.62,470.88,3.26,0.086,31.56
5,Edge-Firewall-01,Firewall,2024-02-21 10:00:00,88.08,99.0,99.0,1245.31,8.71,0.408,53.81
6,App-Server-01,Server,2024-02-21 10:00:00,92.91,99.0,78.65,284.23,2.75,0.124,66.0
7,App-Server-02,Server,2024-02-21 10:00:00,97.11,99.0,63.24,265.38,3.22,0.151,67.2
8,DB-Server-01,Server,2024-02-21 10:00:00,86.75,99.0,61.19,304.63,3.88,0.187,67.5
9,WiFi-AP-01,Access Point,2024-02-21 10:00:00,38.36,60.64,65.2,254.59,12.05,0.501,21.63
10,WiFi-AP-02,Access Point,2024-02-21 10:00:00,34.74,61.17,76.04,243.1,9.85,0.405,22.23
1,Core-Router-01,Router,2024-02-21 12:00:00,76.95,93.02,99.0,778.2,5.01,0.186,43.54
2,Core-Router-02,Router,2024-02-21 12:00:00,74.95,92.11,96.18,840.92,6.23,0.256,41.25
3,Dist-Switch-01,Switch,2024-02-21 12:00:00,52.38,73.48,87.36,498.12,2.69,0.114,32.89
4,Dist-Switch-02,Switch,2024-02-21 12:00:00,50.7,71.93,99.5,455.37,2.21,0.14,31.53
5,Edge-Firewall-01,Firewall,2024-02-21 12:00:00,94.38,99.0,99.0,1327.02,6.89,0.44,53.19
6,App-Server-01,Server,2024-02-21 12:00:00,95.55,99.0,56.08,338.3,1.75,0.124,67.09
7,App-Server-02,Server,2024-02-21 12:00:00,99.0,99.0,65.38,320.09,2.02,0.153,67.86
8,DB-Server-01,Server,2024-02-21 12:00:00,98.55,99.0,64.56,324.66,3.77,0.118,66.11
9,WiFi-AP-01,Access Point,2024-02-21 12:00:00,44.5,63.74,74.33,234.11,9.03,0.528,22.89
10,WiFi-AP-02,Access Point,2024-02-21 12:00:00,27.53,69.67,79.15,228.45,11.59,0.486,22.28
1,Core-Router-01,Router,2024-02-21 14:00:00,99.5,90.84,99.0,794.28,4.77,0.222,43.36
2,Core-Router-02,Router,2024-02-21 14:00:00,73.82,94.61,99.0,824.41,5.7,0.177,42.6
3,Dist-Switch-01,Switch,2024-02-21 14:00:00,46.18,82.79,79.85,507.87,3.91,0.14,33.16
4,Dist-Switch-02,Switch,2024-02-21 14:00:00,49.42,79.38,77.67,478.24,1.95,0.099,32.09
5,Edge-Firewall-01,Firewall,2024-02-21 14:00:00,98.55,99.0,99.0,1307.62,8.4,0.414,51.97
6,App-Server-01,Server,2024-02-21 14:00:00,92.14,99.0,65.38,315.93,4.28,0.125,67.68
7,App-Server-02,Server,2024-02-21 14:00:00,97.21,99.0,60.0,318.92,2.55,0.114,68.21
8,DB-Server-01,Server,2024-02-21 14:00:00,93.31,99.0,68.01,315.55,2.6,0.105,66.57
9,WiFi-AP-01,Access Point,2024-02-21 14:00:00,42.22,67.61,74.18,275.15,10.73,0.429,22.23
10,WiFi-AP-02,Access Point,2024-02-21 14:00:00,48.13,63.79,72.63,238.44,10.4,0.557,22.8
1,Core-Router-01,Router,2024-02-21 16:00:00,68.48,85.83,86.45,771.4,6.7,0.202,43.78
2,Core-Router-02,Router,2024-02-21 16:00:00,73.82,83.14,99.0,739.64,5.33,0.277,40.84
3,Dist-Switch-01,Switch,2024-02-21 16:00:00,50.25,67.69,83.74,421.61,1.91,0.136,32.22
4,Dist-Switch-02,Switch,2024-02-21 16:00:00,52.7,75.14,80.08,433.2,0.79,0.084,31.74
5,Edge-Firewall-01,Firewall,2024-02-21 16:00:00,87.9,99.0,99.0,1222.35,6.82,0.389,52.6
6,App-Server-01,Server,2024-02-21 16:00:00,93.11,99.0,63.98,308.89,3.04,0.101,67.49
7,App-Server-02,Server,2024-02-21 16:00:00,90.31,99.0,62.72,300.08,3.53,0.099,67.56
8,DB-Server-01,Server,2024-02-21 16:00:00,96.96,99.5,70.86,266.36,4.45,0.109,67.03
9,WiFi-AP-01,Access Point,2024-02-21 16:00:00,32.87,60.21,68.95,236.45,11.45,0.402,22.87
10,WiFi-AP-02,Access Point,2024-02-21 16:00:00,40.16,61.03,68.8,230.41,10.63,0.466,22.04
1,Core-Router-01,Router,2024-02-21 18:00:00,57.24,64.98,74.98,609.21,5.51,0.226,42.01
2,Core-Router-02,Router,2024-02-21 18:00:00,58.84,68.82,72.5,620.26,6.3,0.167,43.86
3,Dist-Switch-01,Switch,2024-02-21 18:00:00,36.73,51.57,61.28,342.27,1.68,0.086,34.37
4,Dist-Switch-02,Switch,2024-02-21 18:00:00,43.64,56.07,68.07,364.12,0.57,0.098,32.91
5,Edge-Firewall-01,Firewall,2024-02-21 18:00:00,64.46,77.94,91.52,958.53,8.56,0.345,53.11
6,App-Server-01,Server,2024-02-21 18:00:00,78.37,84.19,43.91,277.38,2.94,0.106,68.46
7,App-Server-02,Server,2024-02-21 18:00:00,70.57,89.52,52.81,277.45,4.45,0.088,68.3
8,DB-Server-01,Server,2024-02-21 18:00:00,74.59,87.25,43.97,243.56,1.21,0.094,68.87
9,WiFi-AP-01,Access Point,2024-02-21 18:00:00,34.12,49.95,54.8,175.23,9.08,0.443,21.01
10,WiFi-AP-02,Access Point,2024-02-21 18:00:00,24.77,52.32,56.85,186.93,10.21,0.475,22.61
1,Core-Router-01,Router,2024-02-21 20:00:00,56.98,74.39,74.1,654.65,2.89,0.215,41.88
2,Core-Router-02,Router,2024-02-21 20:00:00,58.15,73.54,71.46,639.69,7.24,0.236,42.15
3,Dist-Switch-01,Switch,2024-02-21 20:00:00,40.68,56.83,58.72,380.62,1.53,0.077,31.17
4,Dist-Switch-02,Switch,2024-02-21 20:00:00,30.16,54.95,63.6,349.52,2.53,0.067,33.2
5,Edge-Firewall-01,Firewall,2024-02-21 20:00:00,72.0,84.65,89.83,986.29,8.19,0.46,53.54
6,App-Server-01,Server,2024-02-21 20:00:00,74.7,86.37,46.62,224.31,4.71,0.111,66.28
7,App-Server-02,Server,2024-02-21 20:00:00,73.91,90.63,47.38,231.76,3.36,0.12,67.1
8,DB-Server-01,Server,2024-02-21 20:00:00,72.02,88.2,43.99,237.29,2.88,0.123,67.12
9,WiFi-AP-01,Access Point,2024-02-21 20:00:00,33.26,53.11,53.28,250.5,11.42,0.413,22.37
10,WiFi-AP-02,Access Point,2024-02-21 20:00:00,28.78,54.59,78.84,157.26,8.29,0.392,22.68
1,Core-Router-01,Router,2024-02-21 22:00:00,36.92,45.07,44.3,435.81,4.64,0.172,42.42
2,Core-Router-02,Router,2024-02-21 22:00:00,44.85,51.43,56.69,470.58,3.61,0.172,44.95
3,Dist-Switch-01,Switch,2024-02-21 22:00:00,19.44,39.7,47.48,233.06,1.25,0.16,32.72
4,Dist-Switch-02,Switch,2024-02-21 22:00:00,24.76,41.22,42.22,304.85,1.01,0.089,31.06
5,Edge-Firewall-01,Firewall,2024-02-21 22:00:00,48.43,58.11,69.12,701.27,8.48,0.301,50.66
6,App-Server-01,Server,2024-02-21 22:00:00,51.22,60.84,44.5,191.31,3.14,0.29,65.64
7,App-Server-02,Server,2024-02-21 22:00:00,57.03,65.49,32.37,180.95,2.96,0.087,67.18
8,DB-Server-01,Server,2024-02-21 22:00:00,57.38,66.46,31.28,156.51,2.2,0.081,67.91
9,WiFi-AP-01,Access Point,2024-02-21 22:00:00,53.06,38.99,42.4,139.89,11.65,0.377,23.14
10,WiFi-AP-02,Access Point,2024-02-21 22:00:00,23.83,35.56,39.76,161.74,9.91,0.389,21.81
1,Core-Router-01,Router,2024-02-22 00:00:00,32.2,35.75,42.34,342.55,4.57,0.202,41.57
2,Core-Router-02,Router,2024-02-22 00:00:00,27.02,34.28,42.96,381.58,4.49,0.146,42.02
3,Dist-Switch-01,Switch,2024-02-22 00:00:00,42.62,31.79,33.82,179.14,1.03,0.071,32.82
4,Dist-Switch-02,Switch,2024-02-22 00:00:00,20.28,32.5,27.79,209.47,2.25,0.108,32.0
5,Edge-Firewall-01,Firewall,2024-02-22 00:00:00,40.06,40.65,59.78,553.52,7.94,0.293,53.39
6,App-Server-01,Server,2024-02-22 00:00:00,39.03,46.35,34.38,126.17,3.14,0.108,67.86
7,App-Server-02,Server,2024-02-22 00:00:00,63.14,52.51,22.43,106.64,2.73,0.102,67.58
8,DB-Server-01,Server,2024-02-22 00:00:00,42.77,54.26,24.86,91.39,2.76,0.089,66.63
9,WiFi-AP-01,Access Point,2024-02-22 00:00:00,17.88,27.53,31.81,117.53,9.92,0.381,20.8
10,WiFi-AP-02,Access Point,2024-02-22 00:00:00,13.1,26.1,25.48,101.83,9.66,0.362,23.48
1,Core-Router-01,Router,2024-02-22 02:00:00,30.85,34.04,37.66,354.06,5.2,0.191,43.45
2,Core-Router-02,Router,2024-02-22 02:00:00,28.95,41.6,48.27,303.29,5.03,0.156,42.34
3,Dist-Switch-01,Switch,2024-02-22 02:00:00,17.08,27.69,38.41,180.04,2.09,0.126,33.87
4,Dist-Switch-02,Switch,2024-02-22 02:00:00,20.46,32.75,34.88,198.34,2.07,0.136,31.7
5,Edge-Firewall-01,Firewall,2024-02-22 02:00:00,27.09,41.71,70.97,561.76,7.82,0.296,52.63
6,App-Server-01,Server,2024-02-22 02:00:00,40.71,47.95,34.52,139.33,4.11,0.123,67.44
7,App-Server-02,Server,2024-02-22 02:00:00,40.38,46.33,33.54,116.78,2.28,0.084,66.45
8,DB-Server-01,Server,2024-02-22 02:00:00,38.31,50.87,30.38,127.19,3.8,0.173,67.91
9,WiFi-AP-01,Access Point,2024-02-22 02:00:00,22.63,29.67,29.04,105.65,10.53,0.405,19.99
10,WiFi-AP-02,Access Point,2024-02-22 02:00:00,13.61,20.65,26.75,67.55,10.88,0.4,23.14
1,Core-Router-01,Router,2024-02-22 04:00:00,33.58,39.39,31.34,361.45,5.42,0.174,44.43
2,Core-Router-02,Router,2024-02-22 04:00:00,33.69,33.74,43.95,308.93,4.94,0.159,42.61
3,Dist-Switch-01,Switch,2024-02-22 04:00:00,14.3,26.33,31.65,198.95,1.57,0.13,33.02
4,Dist-Switch-02,Switch,2024-02-22 04:00:00,21.92,29.36,26.94,203.32,3.81,0.072,33.71
5,Edge-Firewall-01,Firewall,2024-02-22 04:00:00,42.25,45.75,48.56,522.65,7.79,0.303,52.93
6,App-Server-01,Server,2024-02-22 04:00:00,35.02,45.85,29.14,121.56,2.08,0.107,67.33
7,App-Server-02,Server,2024-02-22 04:00:00,31.16,45.22,31.88,142.08,3.42,0.157,67.19
8,DB-Server-01,Server,2024-02-22 04:00:00,40.22,48.85,32.67,154.69,2.41,0.098,69.01
9,WiFi-AP-01,Access Point,2024-02-22 04:00:00,15.51,23.87,48.85,128.69,9.1,0.368,21.74
10,WiFi-AP-02,Access Point,2024-02-22 04:00:00,20.78,27.98,35.14,133.0,8.49,0.4,22.17
1,Core-Router-01,Router,2024-02-22 06:00:00,40.96,51.24,51.78,438.16,5.96,0.168,42.92
2,Core-Router-02,Router,2024-02-22 06:00:00,32.1,53.34,55.16,448.76,4.18,0.164,41.71
3,Dist-Switch-01,Switch,2024-02-22 06:00:00,19.13,38.23,37.2,269.99,0.85,0.096,30.94
4,Dist-Switch-02,Switch,2024-02-22 06:00:00,31.9,43.19,39.87,269.31,1.15,0.095,34.4
5,Edge-Firewall-01,Firewall,2024-02-22 06:00:00,54.44,56.7,63.85,753.65,8.52,0.359,53.25
6,App-Server-01,Server,2024-02-22 06:00:00,54.55,63.07,30.11,165.48,2.1,0.095,67.7
7,App-Server-02,Server,2024-02-22 06:00:00,53.81,63.93,39.48,172.49,3.74,0.134,68.02
8,DB-Server-01,Server,2024-02-22 06:00:00,52.06,66.12,38.57,193.18,4.54,0.112,69.17
9,WiFi-AP-01,Access Point,2024-02-22 06:00:00,22.01,34.87,62.41,115.89,11.89,0.431,22.69
10,WiFi-AP-02,Access Point,2024-02-22 06:00:00,27.41,38.15,34.23,119.27,10.29,0.39,23.91
1,Core-Router-01,Router,2024-02-22 08:00:00,57.14,64.56,99.5,636.36,3.18,0.228,42.23
2,Core-Router-02,Router,2024-02-22 08:00:00,77.76,67.71,76.88,621.6,4.86,0.192,43.44
3,Dist-Switch-01,Switch,2024-02-22 08:00:00,55.06,55.23,67.88,357.62,0.5,0.172,33.27
4,Dist-Switch-02,Switch,2024-02-22 08:00:00,40.22,54.9,55.79,369.98,3.18,0.134,33.66
5,Edge-Firewall-01,Firewall,2024-02-22 08:00:00,61.58,99.5,87.56,1013.35,9.47,0.373,54.15
6,App-Server-01,Server,2024-02-22 08:00:00,75.31,85.15,55.64,275.87,3.93,0.118,68.99
7,App-Server-02,Server,2024-02-22 08:00:00,75.95,86.95,82.67,258.15,3.89,0.095,68.51
8,DB-Server-01,Server,2024-02-22 08:00:00,78.01,87.65,45.97,273.41,1.79,0.137,67.77
9,WiFi-AP-01,Access Point,2024-02-22 08:00:00,21.04,54.35,56.01,217.24,11.8,0.371,23.95
10,WiFi-AP-02,Access Point,2024-02-22 08:00:00,26.83,51.02,53.57,200.38,10.88,0.388,23.14
1,Core-Router-01,Router,2024-02-22 10:00:00,73.7,86.02,99.0,774.13,6.66,0.231,40.74
2,Core-Router-02,Router,2024-02-22 10:00:00,75.89,88.68,93.8,784.25,5.49,0.245,42.19
3,Dist-Switch-01,Switch,2024-02-22 10:00:00,52.96,66.67,68.89,477.99,3.26,0.085,30.34
4,Dist-Switch-02,Switch,2024-02-22 10:00:00,40.65,71.23,77.64,491.81,2.07,0.107,32.91
5,Edge-Firewall-01,Firewall,2024-02-22 10:00:00,89.52,99.0,99.0,1244.35,8.78,0.416,53.34
6,App-Server-01,Server,2024-02-22 10:00:00,92.3,99.0,62.16,313.34,4.91,0.12,67.18
7,App-Server-02,Server,2024-02-22 10:00:00,99.0,99.0,65.99,290.14,3.25,0.14,66.93
8,DB-Server-01,Server,2024-02-22 10:00:00,95.74,99.0,58.92,331.01,4.14,0.104,68.05
9,WiFi-AP-01,Access Point,2024-02-22 10:00:00,44.14,60.96,71.66,225.34,8.98,0.452,21.48
10,WiFi-AP-02,Access Point,2024-02-22 10:00:00,40.55,59.83,62.93,247.92,10.68,0.438,23.3
1,Core-Router-01,Router,2024-02-22 12:00:00,70.93,89.52,99.0,844.63,4.62,0.201,43.58
2,Core-Router-02,Router,2024-02-22 12:00:00,76.61,91.08,99.0,862.9,5.37,0.206,43.1
3,Dist-Switch-01,Switch,2024-02-22 12:00:00,46.16,77.88,78.89,490.51,1.16,0.082,32.82
4,Dist-Switch-02,Switch,2024-02-22 12:00:00,52.41,74.52,82.63,482.9,1.71,0.146,33.99
5,Edge-Firewall-01,Firewall,2024-02-22 12:00:00,90.26,99.0,99.0,1280.29,7.55,0.381,52.67
6,App-Server-01,Server,2024-02-22 12:00:00,99.5,99.0,64.23,311.28,2.59,0.131,68.46
7,App-Server-02,Server,2024-02-22 12:00:00,96.18,99.0,68.76,311.84,3.25,0.117,66.54
8,DB-Server-01,Server,2024-02-22 12:00:00,93.44,99.0,63.65,359.83,4.72,0.12,68.55
9,WiFi-AP-01,Access Point,2024-02-22 12:00:00,37.1,61.92,73.45,221.46,10.31,0.45,22.79
10,WiFi-AP-02,Access Point,2024-02-22 12:00:00,40.51,67.83,75.79,239.11,8.63,0.43,20.86
1,Core-Router-01,Router,2024-02-22 14:00:00,79.14,92.22,99.0,804.57,5.36,0.212,42.75
2,Core-Router-02,Router,2024-02-22 14:00:00,70.16,90.39,91.98,820.76,3.36,0.258,42.76
3,Dist-Switch-01,Switch,2024-02-22 14:00:00,49.46,76.18,75.9,478.76,2.53,0.083,31.88
4,Dist-Switch-02,Switch,2024-02-22 14:00:00,52.03,75.06,84.92,502.17,1.32,0.08,30.74
5,Edge-Firewall-01,Firewall,2024-02-22 14:00:00,88.59,99.0,99.0,1328.58,7.25,0.416,53.91
6,App-Server-01,Server,2024-02-22 14:00:00,97.7,99.0,69.84,327.99,2.85,0.115,67.09
7,App-Server-02,Server,2024-02-22 14:00:00,99.0,99.0,64.11,340.39,3.42,0.17,68.44
8,DB-Server-01,Server,2024-02-22 14:00:00,99.0,99.0,63.63,339.65,3.32,0.119,66.73
9,WiFi-AP-01,Access Point,2024-02-22 14:00:00,40.99,69.38,74.71,247.76,10.42,0.447,22.85
10,WiFi-AP-02,Access Point,2024-02-22 14:00:00,41.03,64.39,79.18,238.65,11.57,0.431,22.65
1,Core-Router-01,Router,2024-02-22 16:00:00,72.96,83.5,99.5,779.18,5.41,0.207,41.91
2,Core-Router-02,Router,2024-02-22 16:00:00,62.59,84.08,90.68,763.53,4.88,0.166,43.1
3,Dist-Switch-01,Switch,2024-02-22 16:00:00,48.88,71.87,81.15,471.63,2.06,0.121,33.29
4,Dist-Switch-02,Switch,2024-02-22 16:00:00,40.68,69.4,68.67,429.67,1.49,0.077,32.18
5,Edge-Firewall-01,Firewall,2024-02-22 16:00:00,78.35,99.0,99.0,1252.79,7.32,0.382,53.03
6,App-Server-01,Server,2024-02-22 16:00:00,91.83,99.5,63.54,282.21,3.48,0.143,66.49
7,App-Server-02,Server,2024-02-22 16:00:00,90.32,99.0,54.15,323.77,3.34,0.099,67.85
8,DB-Server-01,Server,2024-02-22 16:00:00,92.06,99.0,60.02,278.25,2.92,0.136,68.09
9,WiFi-AP-01,Access Point,2024-02-22 16:00:00,62.38,61.39,69.11,228.4,9.22,0.462,21.56
10,WiFi-AP-02,Access Point,2024-02-22 16:00:00,29.67,60.41,70.04,245.68,9.42,0.417,23.63
1,Core-Router-01,Router,2024-02-22 18:00:00,50.61,67.88,79.37,607.33,3.47,0.236,43.4
2,Core-Router-02,Router,2024-02-22 18:00:00,59.26,68.1,77.78,571.69,4.56,0.207,41.2
3,Dist-Switch-01,Switch,2024-02-22 18:00:00,35.96,56.89,58.23,373.05,2.39,0.083,32.2
4,Dist-Switch-02,Switch,2024-02-22 18:00:00,33.97,57.12,63.85,378.7,2.11,0.084,33.48
5,Edge-Firewall-01,Firewall,2024-02-22 18:00:00,69.6,81.09,84.38,1022.12,6.88,0.349,52.09
6,App-Server-01,Server,2024-02-22 18:00:00,67.27,88.07,48.7,249.24,2.82,0.121,68.48
7,App-Server-02,Server,2024-02-22 18:00:00,70.17,92.31,48.52,260.35,3.18,0.09,68.16
8,DB-Server-01,Server,2024-02-22 18:00:00,79.85,89.34,48.5,246.92,2.44,0.126,68.19
9,WiFi-AP-01,Access Point,2024-02-22 18:00:00,29.71,53.7,61.3,222.92,9.21,0.394,22.4
10,WiFi-AP-02,Access Point,2024-02-22 18:00:00,41.49,49.75,62.26,207.15,9.92,0.427,23.12
1,Core-Router-01,Router,2024-02-22 20:00:00,60.97,67.85,96.37,640.15,3.85,0.174,43.66
2,Core-Router-02,Router,2024-02-22 20:00:00,57.66,89.15,69.57,645.24,4.82,0.203,43.74
3,Dist-Switch-01,Switch,2024-02-22 20:00:00,40.49,52.78,74.72,362.09,2.78,0.17,33.49
4,Dist-Switch-02,Switch,2024-02-22 20:00:00,38.33,51.64,72.36,390.2,0.59,0.146,32.66
5,Edge-Firewall-01,Firewall,2024-02-22 20:00:00,67.25,79.08,87.87,1010.56,7.51,0.341,55.98
6,App-Server-01,Server,2024-02-22 20:00:00,76.48,89.91,44.93,221.45,4.46,0.147,69.31
7,App-Server-02,Server,2024-02-22 20:00:00,74.26,90.77,36.95,259.42,4.03,0.122,68.66
8,DB-Server-01,Server,2024-02-22 20:00:00,73.86,86.77,48.43,280.23,2.55,0.116,66.74
9,WiFi-AP-01,Access Point,2024-02-22 20:00:00,29.6,50.31,59.13,171.38,10.37,0.419,21.67
10,WiFi-AP-02,Access Point,2024-02-22 20:00:00,31.33,49.47,56.3,175.85,9.86,0.396,24.46
1,Core-Router-01,Router,2024-02-22 22:00:00,40.86,53.74,61.31,425.62,4.71,0.212,42.78
2,Core-Router-02,Router,2024-02-22 22:00:00,40.21,51.97,59.58,451.41,4.72,0.258,42.65
3,Dist-Switch-01,Switch,2024-02-22 22:00:00,25.6,37.66,44.17,262.85,2.17,0.077,33.05
4,Dist-Switch-02,Switch,2024-02-22 22:00:00,27.82,44.5,42.53,306.8,3.07,0.138,32.85
5,Edge-Firewall-01,Firewall,2024-02-22 22:00:00,48.59,57.15,72.04,745.13,6.99,0.346,51.77
6,App-Server-01,Server,2024-02-22 22:00:00,55.54,65.76,43.45,185.55,2.87,0.08,68.67
7,App-Server-02,Server,2024-02-22 22:00:00,57.39,63.23,56.47,132.11,3.23,0.138,67.07
8,DB-Server-01,Server,2024-02-22 22:00:00,53.33,69.51,36.77,195.2,3.5,0.198,67.2
9,WiFi-AP-01,Access Point,2024-02-22 22:00:00,17.72,41.34,31.58,127.18,9.74,0.402,22.7
10,WiFi-AP-02,Access Point,2024-02-22 22:00:00,22.43,36.65,43.19,140.34,10.38,0.423,20.95
1,Core-Router-01,Router,2024-02-23 00:00:00,33.38,34.24,37.56,342.17,5.41,0.16,41.7
2,Core-Router-02,Router,2024-02-23 00:00:00,37.1,36.12,37.17,314.31,3.63,0.207,42.96
3,Dist-Switch-01,Switch,2024-02-23 00:00:00,22.8,27.98,28.27,199.62,2.1,0.075,31.69
4,Dist-Switch-02,Switch,2024-02-23 00:00:00,19.72,35.28,28.0,203.27,2.5,0.108,33.26
5,Edge-Firewall-01,Firewall,2024-02-23 00:00:00,32.02,46.07,47.78,515.21,8.69,0.309,52.5
6,App-Server-01,Server,2024-02-23 00:00:00,43.29,44.67,24.54,158.42,0.93,0.143,66.19
7,App-Server-02,Server,2024-02-23 00:00:00,37.97,48.41,30.2,141.86,3.05,0.091,69.21
8,DB-Server-01,Server,2024-02-23 00:00:00,43.86,51.09,25.07,89.34,4.02,0.09,67.83
9,WiFi-AP-01,Access Point,2024-02-23 00:00:00,14.72,26.14,27.58,102.83,8.86,0.382,24.69
10,WiFi-AP-02,Access Point,2024-02-23 00:00:00,14.6,22.4,55.1,108.23,10.45,0.424,23.47
1,Core-Router-01,Router,2024-02-23 02:00:00,23.33,33.66,42.8,330.67,6.52,0.17,43.61
2,Core-Router-02,Router,2024-02-23 02:00:00,27.98,38.16,36.63,350.93,6.07,0.141,44.56
3,Dist-Switch-01,Switch,2024-02-23 02:00:00,17.5,30.87,38.2,184.85,2.06,0.092,33.58
4,Dist-Switch-02,Switch,2024-02-23 02:00:00,24.95,27.97,35.42,177.55,1.28,0.071,33.79
5,Edge-Firewall-01,Firewall,2024-02-23 02:00:00,39.48,44.29,49.81,554.02,8.37,0.308,51.69
6,App-Server-01,Server,2024-02-23 02:00:00,67.58,45.18,30.29,166.48,3.56,0.16,67.02
7,App-Server-02,Server,2024-02-23 02:00:00,40.84,43.26,27.34,145.29,4.41,0.161,66.46
8,DB-Server-01,Server,2024-02-23 02:00:00,40.3,47.25,23.61,137.87,2.92,0.101,69.01
9,WiFi-AP-01,Access Point,2024-02-23 02:00:00,17.52,25.71,25.45,142.77,10.91,0.373,22.48
10,WiFi-AP-02,Access Point,2024-02-23 02:00:00,23.44,26.7,22.02,107.23,8.77,0.384,23.99
1,Core-Router-01,Router,2024-02-23 04:00:00,23.89,34.67,74.28,329.76,5.42,0.145,43.54
2,Core-Router-02,Router,2024-02-23 04:00:00,27.99,29.72,42.75,308.37,5.94,0.13,42.35
3,Dist-Switch-01,Switch,2024-02-23 04:00:00,23.15,25.35,32.97,212.81,2.25,0.086,32.17
4,Dist-Switch-02,Switch,2024-02-23 04:00:00,26.56,33.32,30.65,230.82,2.76,0.088,33.18
5,Edge-Firewall-01,Firewall,2024-02-23 04:00:00,32.79,48.68,52.32,548.5,8.24,0.27,52.08
6,App-Server-01,Server,2024-02-23 04:00:00,42.91,45.18,27.93,137.85,3.39,0.119,68.05
7,App-Server-02,Server,2024-02-23 04:00:00,43.54,41.75,29.48,137.4,3.37,0.098,68.8
8,DB-Server-01,Server,2024-02-23 04:00:00,41.77,45.33,24.34,153.96,2.91,0.071,67.45
9,WiFi-AP-01,Access Point,2024-02-23 04:00:00,21.03,28.63,24.64,82.41,10.0,0.395,20.49
10,WiFi-AP-02,Access Point,2024-02-23 04:00:00,14.01,26.34,28.58,116.34,7.77,0.381,23.45
1,Core-Router-01,Router,2024-02-23 06:00:00,38.1,46.2,50.96,461.92,4.75,0.174,43.13
2,Core-Router-02,Router,2024-02-23 06:00:00,42.27,46.04,54.83,427.01,6.17,0.204,42.36
3,Dist-Switch-01,Switch,2024-02-23 06:00:00,31.44,38.5,44.6,260.1,1.98,0.069,32.65
4,Dist-Switch-02,Switch,2024-02-23 06:00:00,26.82,41.15,51.58,231.58,3.92,0.081,32.57
5,Edge-Firewall-01,Firewall,2024-02-23 06:00:00,55.15,60.71,66.1,749.71,7.84,0.356,51.39
6,App-Server-01,Server,2024-02-23 06:00:00,56.03,65.11,41.97,195.36,3.2,0.094,67.32
7,App-Server-02,Server,2024-02-23 06:00:00,53.08,59.53,44.96,201.17,3.25,0.117,68.4
8,DB-Server-01,Server,2024-02-23 06:00:00,67.2,65.33,42.59,167.64,1.47,0.133,67.55
9,WiFi-AP-01,Access Point,2024-02-23 06:00:00,17.77,35.72,37.5,135.88,9.49,0.355,23.25
10,WiFi-AP-02,Access Point,2024-02-23 06:00:00,47.66,37.08,36.51,135.78,9.92,0.374,22.83
1,Core-Router-01,Router,2024-02-23 08:00:00,61.01,68.44,88.67,641.47,5.33,0.205,42.53
2,Core-Router-02,Router,2024-02-23 08:00:00,50.82,75.25,71.73,599.66,5.72,0.198,42.26
3,Dist-Switch-01,Switch,2024-02-23 08:00:00,37.87,55.63,60.47,405.52,1.89,0.114,33.63
4,Dist-Switch-02,Switch,2024-02-23 08:00:00,59.84,55.73,57.76,377.95,2.04,0.069,32.8
5,Edge-Firewall-01,Firewall,2024-02-23 08:00:00,71.79,83.08,82.01,983.11,8.92,0.383,53.14
6,App-Server-01,Server,2024-02-23 08:00:00,78.1,82.28,47.8,265.45,2.85,0.109,68.48
7,App-Server-02,Server,2024-02-23 08:00:00,79.16,85.17,58.67,213.47,1.49,0.112,67.32
8,DB-Server-01,Server,2024-02-23 08:00:00,73.59,85.6,46.2,244.74,2.41,0.121,67.68
9,WiFi-AP-01,Access Point,2024-02-23 08:00:00,30.26,49.61,61.63,177.19,8.73,0.44,22.42
10,WiFi-AP-02,Access Point,2024-02-23 08:00:00,33.07,52.47,91.28,201.65,9.12,0.409,20.49
1,Core-Router-01,Router,2024-02-23 10:00:00,68.83,83.83,81.87,820.74,4.62,0.274,42.38
2,Core-Router-02,Router,2024-02-23 10:00:00,76.68,91.37,93.72,780.52,6.23,0.184,43.11
3,Dist-Switch-01,Switch,2024-02-23 10:00:00,50.07,91.62,85.54,449.56,1.37,0.08,33.59
4,Dist-Switch-02,Switch,2024-02-23 10:00:00,49.43,69.93,79.28,488.62,2.01,0.115,32.05
5,Edge-Firewall-01,Firewall,2024-02-23 10:00:00,89.28,98.78,99.0,1239.67,7.92,0.422,51.19
6,App-Server-01,Server,2024-02-23 10:00:00,94.82,99.0,88.1,313.07,0.85,0.141,68.45
7,App-Server-02,Server,2024-02-23 10:00:00,93.35,99.0,65.62,306.54,0.5,0.136,68.81
8,DB-Server-01,Server,2024-02-23 10:00:00,98.79,99.0,52.7,303.23,3.52,0.147,66.06
9,WiFi-AP-01,Access Point,2024-02-23 10:00:00,68.84,61.25,73.19,233.89,9.83,0.429,22.29
10,WiFi-AP-02,Access Point,2024-02-23 10:00:00,37.1,58.98,72.49,258.53,9.5,0.505,23.03
1,Core-Router-01,Router,2024-02-23 12:00:00,75.35,92.8,99.0,816.69,5.55,0.228,42.27
2,Core-Router-02,Router,2024-02-23 12:00:00,74.34,88.53,96.63,818.79,4.1,0.177,42.98
3,Dist-Switch-01,Switch,2024-02-23 12:00:00,51.26,71.89,79.55,512.49,1.39,0.117,31.92
4,Dist-Switch-02,Switch,2024-02-23 12:00:00,51.05,76.58,69.33,512.84,3.3,0.091,33.0
5,Edge-Firewall-01,Firewall,2024-02-23 12:00:00,99.5,99.0,99.0,1277.32,7.5,0.415,53.91
6,App-Server-01,Server,2024-02-23 12:00:00,93.56,99.0,63.16,317.25,2.88,0.168,67.4
7,App-Server-02,Server,2024-02-23 12:00:00,95.35,99.0,62.54,326.93,1.96,0.145,67.32
8,DB-Server-01,Server,2024-02-23 12:00:00,99.0,99.0,66.1,330.36,3.81,0.114,66.93
9,WiFi-AP-01,Access Point,2024-02-23 12:00:00,41.46,64.22,73.95,226.69,11.05,0.463,23.85
10,WiFi-AP-02,Access Point,2024-02-23 12:00:00,41.04,68.63,70.48,208.4,8.35,0.548,22.05
1,Core-Router-01,Router,2024-02-23 14:00:00,78.7,99.5,99.0,832.75,7.84,0.195,41.94
2,Core-Router-02,Router,2024-02-23 14:00:00,75.72,88.06,99.0,824.71,4.25,0.2,42.76
3,Dist-Switch-01,Switch,2024-02-23 14:00:00,52.59,79.28,80.07,487.24,0.65,0.102,32.01
4,Dist-Switch-02,Switch,2024-02-23 14:00:00,50.93,77.82,79.16,485.98,3.01,0.111,33.25
5,Edge-Firewall-01,Firewall,2024-02-23 14:00:00,89.27,99.0,99.0,1301.06,8.58,0.393,52.05
6,App-Server-01,Server,2024-02-23 14:00:00,97.38,99.0,64.47,318.69,4.98,0.126,68.32
7,App-Server-02,Server,2024-02-23 14:00:00,99.0,99.0,62.67,346.69,2.87,0.174,68.04
8,DB-Server-01,Server,2024-02-23 14:00:00,96.76,99.0,79.5,337.96,3.61,0.111,66.53
9,WiFi-AP-01,Access Point,2024-02-23 14:00:00,45.38,64.24,73.17,283.6,9.66,0.497,23.04
10,WiFi-AP-02,Access Point,2024-02-23 14:00:00,39.08,67.09,70.74,265.83,11.25,0.42,23.99
1,Core-Router-01,Router,2024-02-23 16:00:00,70.71,88.39,99.0,828.1,4.82,0.185,41.6
2,Core-Router-02,Router,2024-02-23 16:00:00,73.27,86.81,89.56,802.33,4.73,0.199,43.05
3,Dist-Switch-01,Switch,2024-02-23 16:00:00,44.86,69.98,86.59,454.86,2.68,0.102,31.68
4,Dist-Switch-02,Switch,2024-02-23 16:00:00,46.39,78.13,81.77,476.4,1.48,0.092,31.17
5,Edge-Firewall-01,Firewall,2024-02-23 16:00:00,92.83,99.0,99.0,1249.83,10.09,0.401,52.46
6,App-Server-01,Server,2024-02-23 16:00:00,99.0,99.0,53.83,280.9,2.81,0.115,68.47
7,App-Server-02,Server,2024-02-23 16:00:00,89.76,99.0,58.24,333.71,4.28,0.193,68.0
8,DB-Server-01,Server,2024-02-23 16:00:00,99.0,99.0,63.37,290.22,3.57,0.115,65.2
9,WiFi-AP-01,Access Point,2024-02-23 16:00:00,43.37,64.85,67.3,239.2,8.51,0.469,24.32
10,WiFi-AP-02,Access Point,2024-02-23 16:00:00,34.31,62.32,63.09,240.34,10.56,0.439,23.12
1,Core-Router-01,Router,2024-02-23 18:00:00,61.77,66.85,69.45,611.13,3.65,0.166,42.51
2,Core-Router-02,Router,2024-02-23 18:00:00,57.97,63.67,74.68,647.16,5.57,0.253,42.64
3,Dist-Switch-01,Switch,2024-02-23 18:00:00,34.44,56.1,60.38,408.51,2.09,0.083,32.61
4,Dist-Switch-02,Switch,2024-02-23 18:00:00,39.27,55.41,66.16,365.89,3.38,0.094,32.5
5,Edge-Firewall-01,Firewall,2024-02-23 18:00:00,71.88,82.45,91.34,998.31,7.76,0.351,52.15
6,App-Server-01,Server,2024-02-23 18:00:00,78.66,91.61,52.73,277.51,4.13,0.103,68.49
7,App-Server-02,Server,2024-02-23 18:00:00,69.61,87.76,43.92,246.96,1.56,0.14,67.26
8,DB-Server-01,Server,2024-02-23 18:00:00,78.37,86.98,40.61,239.47,2.47,0.09,69.16
9,WiFi-AP-01,Access Point,2024-02-23 18:00:00,37.84,49.14,49.76,171.98,10.48,0.419,21.07
10,WiFi-AP-02,Access Point,2024-02-23 18:00:00,29.13,53.76,75.31,187.81,9.61,0.41,23.19
1,Core-Router-01,Router,2024-02-23 20:00:00,56.63,70.83,77.48,623.27,5.38,0.186,42.6
2,Core-Router-02,Router,2024-02-23 20:00:00,61.42,68.55,73.66,627.08,3.83,0.172,44.35
3,Dist-Switch-01,Switch,2024-02-23 20:00:00,34.14,56.86,62.17,372.74,1.93,0.103,31.55
4,Dist-Switch-02,Switch,2024-02-23 20:00:00,40.13,56.27,53.47,381.32,2.11,0.114,32.81
5,Edge-Firewall-01,Firewall,2024-02-23 20:00:00,63.25,78.92,87.39,962.89,6.85,0.377,52.73
6,App-Server-01,Server,2024-02-23 20:00:00,76.51,84.52,45.09,251.91,3.11,0.123,69.48
7,App-Server-02,Server,2024-02-23 20:00:00,75.48,86.69,47.9,269.33,3.55,0.175,66.95
8,DB-Server-01,Server,2024-02-23 20:00:00,97.75,87.17,52.97,227.75,2.92,0.171,67.68
9,WiFi-AP-01,Access Point,2024-02-23 20:00:00,28.37,45.83,53.62,165.29,9.61,0.412,22.69
10,WiFi-AP-02,Access Point,2024-02-23 20:00:00,29.22,44.46,60.22,179.81,10.11,0.433,22.24
1,Core-Router-01,Router,2024-02-23 22:00:00,38.45,45.83,49.82,452.71,5.3,0.173,41.45
2,Core-Router-02,Router,2024-02-23 22:00:00,39.34,52.17,49.66,453.26,4.34,0.196,42.14
3,Dist-Switch-01,Switch,2024-02-23 22:00:00,29.83,43.82,53.01,244.73,0.6,0.123,33.65
4,Dist-Switch-02,Switch,2024-02-23 22:00:00,24.71,31.06,45.7,241.45,1.17,0.071,32.97
5,Edge-Firewall-01,Firewall,2024-02-23 22:00:00,56.16,57.77,58.54,743.15,8.38,0.33,52.68
6,App-Server-01,Server,2024-02-23 22:00:00,52.85,65.5,44.68,166.69,3.42,0.153,66.58
7,App-Server-02,Server,2024-02-23 22:00:00,56.61,63.21,30.69,181.38,3.88,0.151,69.4
8,DB-Server-01,Server,2024-02-23 22:00:00,56.65,65.2,36.23,216.14,3.96,0.097,68.41
9,WiFi-AP-01,Access Point,2024-02-23 22:00:00,42.59,35.4,48.1,143.65,10.66,0.418,23.2
10,WiFi-AP-02,Access Point,2024-02-23 22:00:00,19.41,41.22,43.35,147.64,10.06,0.414,24.56
1,Core-Router-01,Router,2024-02-24 00:00:00,15.35,23.8,22.64,147.31,7.69,0.137,43.71
2,Core-Router-02,Router,2024-02-24 00:00:00,19.29,22.91,53.3,197.84,8.83,0.126,44.34
3,Dist-Switch-01,Switch,2024-02-24 00:00:00,6.16,20.57,18.81,95.73,2.19,0.127,31.84
4,Dist-Switch-02,Switch,2024-02-24 00:00:00,11.49,13.93,28.56,114.33,2.29,0.077,34.09
5,Edge-Firewall-01,Firewall,2024-02-24 00:00:00,16.69,23.26,32.15,306.49,13.33,0.245,52.55
6,App-Server-01,Server,2024-02-24 00:00:00,22.68,29.06,16.18,73.05,5.31,0.115,66.98
7,App-Server-02,Server,2024-02-24 00:00:00,41.27,25.54,16.87,66.58,4.93,0.075,67.68
8,DB-Server-01,Server,2024-02-24 00:00:00,17.28,28.2,5.0,85.71,5.77,0.083,65.77
9,WiFi-AP-01,Access Point,2024-02-24 00:00:00,10.54,13.35,24.87,63.42,17.01,0.416,22.09
10,WiFi-AP-02,Access Point,2024-02-24 00:00:00,12.61,18.44,17.76,57.78,17.85,0.339,23.92
1,Core-Router-01,Router,2024-02-24 02:00:00,15.47,22.58,19.83,207.54,9.67,0.164,44.58
2,Core-Router-02,Router,2024-02-24 02:00:00,6.53,22.86,24.82,196.22,9.33,0.119,43.04
3,Dist-Switch-01,Switch,2024-02-24 02:00:00,14.86,19.33,18.6,108.62,3.66,0.078,34.48
4,Dist-Switch-02,Switch,2024-02-24 02:00:00,6.15,19.1,22.45,101.76,3.93,0.116,32.37
5,Edge-Firewall-01,Firewall,2024-02-24 02:00:00,25.85,27.7,22.67,277.48,14.71,0.314,49.8
6,App-Server-01,Server,2024-02-24 02:00:00,20.52,32.74,12.75,82.5,6.15,0.062,67.37
7,App-Server-02,Server,2024-02-24 02:00:00,27.39,26.34,14.53,90.86,4.42,0.127,66.08
8,DB-Server-01,Server,2024-02-24 02:00:00,24.75,25.73,19.11,75.93,4.08,0.08,68.6
9,WiFi-AP-01,Access Point,2024-02-24 02:00:00,8.32,18.54,14.59,70.57,16.4,0.336,22.31
10,WiFi-AP-02,Access Point,2024-02-24 02:00:00,22.7,18.32,13.65,41.32,19.48,0.319,23.48
1,Core-Router-01,Router,2024-02-24 04:00:00,10.04,18.2,32.9,204.36,8.02,0.121,41.7
2,Core-Router-02,Router,2024-02-24 04:00:00,22.43,13.79,23.85,192.48,7.98,0.136,43.08
3,Dist-Switch-01,Switch,2024-02-24 04:00:00,5.0,13.02,17.95,95.7,3.17,0.053,31.79
4,Dist-Switch-02,Switch,2024-02-24 04:00:00,11.13,17.75,22.62,87.45,3.01,0.085,31.22
5,Edge-Firewall-01,Firewall,2024-02-24 04:00:00,21.03,24.43,13.28,289.75,14.88,0.253,52.23
6,App-Server-01,Server,2024-02-24 04:00:00,23.1,29.19,17.67,59.79,4.0,0.088,66.52
7,App-Server-02,Server,2024-02-24 04:00:00,20.36,26.82,20.71,100.63,5.52,0.086,66.5
8,DB-Server-01,Server,2024-02-24 04:00:00,30.31,25.35,18.37,78.85,4.96,0.092,66.32
9,WiFi-AP-01,Access Point,2024-02-24 04:00:00,13.85,14.62,24.0,47.21,17.88,0.398,22.39
10,WiFi-AP-02,Access Point,2024-02-24 04:00:00,5.0,16.19,17.39,85.68,16.72,0.374,21.72
1,Core-Router-01,Router,2024-02-24 06:00:00,23.85,24.03,30.98,199.49,8.42,0.129,44.46
2,Core-Router-02,Router,2024-02-24 06:00:00,13.96,27.46,27.37,211.38,7.97,0.138,43.17
3,Dist-Switch-01,Switch,2024-02-24 06:00:00,15.33,18.54,34.13,158.17,3.44,0.138,32.35
4,Dist-Switch-02,Switch,2024-02-24 06:00:00,19.55,24.1,29.08,158.47,4.09,0.174,32.46
5,Edge-Firewall-01,Firewall,2024-02-24 06:00:00,24.81,36.27,29.95,393.91,15.35,0.265,52.87
6,App-Server-01,Server,2024-02-24 06:00:00,34.4,35.74,17.25,73.95,5.94,0.106,67.46
7,App-Server-02,Server,2024-02-24 06:00:00,34.28,34.29,17.75,94.29,5.2,0.117,69.38
8,DB-Server-01,Server,2024-02-24 06:00:00,27.77,37.31,14.88,110.87,5.62,0.065,67.87
9,WiFi-AP-01,Access Point,2024-02-24 06:00:00,14.15,19.3,21.59,86.46,17.04,0.407,22.88
10,WiFi-AP-02,Access Point,2024-02-24 06:00:00,5.0,14.93,31.5,105.9,17.61,0.363,23.73
1,Core-Router-01,Router,2024-02-24 08:00:00,32.78,37.53,44.33,359.3,9.73,0.21,44.73
2,Core-Router-02,Router,2024-02-24 08:00:00,40.51,32.04,43.76,384.25,10.09,0.191,41.26
3,Dist-Switch-01,Switch,2024-02-24 08:00:00,23.76,31.62,38.23,185.29,2.56,0.069,32.32
4,Dist-Switch-02,Switch,2024-02-24 08:00:00,19.97,29.46,33.33,192.68,3.59,0.131,33.21
5,Edge-Firewall-01,Firewall,2024-02-24 08:00:00,38.81,40.85,54.7,532.8,15.73,0.294,53.7
6,App-Server-01,Server,2024-02-24 08:00:00,41.91,49.77,32.42,175.48,6.53,0.093,66.35
7,App-Server-02,Server,2024-02-24 08:00:00,31.54,47.68,49.74,123.78,5.37,0.099,67.08
8,DB-Server-01,Server,2024-02-24 08:00:00,44.78,48.17,27.66,174.83,5.63,0.075,68.22
9,WiFi-AP-01,Access Point,2024-02-24 08:00:00,50.58,27.33,33.1,100.84,18.08,0.398,22.14
10,WiFi-AP-02,Access Point,2024-02-24 08:00:00,23.95,25.81,23.2,105.51,19.2,0.434,21.51
1,Core-Router-01,Router,2024-02-24 10:00:00,68.8,53.39,48.08,425.69,7.86,0.236,41.21
2,Core-Router-02,Router,2024-02-24 10:00:00,37.03,49.56,48.08,409.39,9.04,0.257,42.44
3,Dist-Switch-01,Switch,2024-02-24 10:00:00,24.92,35.28,44.84,275.18,3.03,0.089,32.1
4,Dist-Switch-02,Switch,2024-02-24 10:00:00,18.18,40.0,53.29,233.59,3.82,0.125,32.6
5,Edge-Firewall-01,Firewall,2024-02-24 10:00:00,41.5,55.93,67.54,676.54,14.78,0.336,52.6
6,App-Server-01,Server,2024-02-24 10:00:00,53.05,60.46,32.18,180.53,6.12,0.113,67.41
7,App-Server-02,Server,2024-02-24 10:00:00,49.02,65.97,35.02,166.52,3.98,0.121,67.06
8,DB-Server-01,Server,2024-02-24 10:00:00,70.77,59.02,34.41,143.0,6.86,0.114,67.94
9,WiFi-AP-01,Access Point,2024-02-24 10:00:00,19.34,33.38,34.66,134.68,17.2,0.374,22.58
10,WiFi-AP-02,Access Point,2024-02-24 10:00:00,23.98,36.52,37.04,136.07,17.73,0.438,22.34
1,Core-Router-01,Router,2024-02-24 12:00:00,40.16,48.66,50.96,495.86,9.58,0.144,42.22
2,Core-Router-02,Router,2024-02-24 12:00:00,45.42,48.43,55.23,499.24,8.13,0.172,42.99
3,Dist-Switch-01,Switch,2024-02-24 12:00:00,29.42,40.11,42.56,277.64,3.18,0.181,31.88
4,Dist-Switch-02,Switch,2024-02-24 12:00:00,26.04,37.73,46.27,257.96,3.59,0.171,33.93
5,Edge-Firewall-01,Firewall,2024-02-24 12:00:00,52.44,64.6,63.36,727.04,13.49,0.369,54.66
6,App-Server-01,Server,2024-02-24 12:00:00,58.25,68.0,22.73,228.87,5.35,0.197,69.43
7,App-Server-02,Server,2024-02-24 12:00:00,57.71,62.7,37.21,143.87,6.39,0.207,67.4
8,DB-Server-01,Server,2024-02-24 12:00:00,83.86,65.89,28.77,155.27,4.86,0.084,68.58
9,WiFi-AP-01,Access Point,2024-02-24 12:00:00,25.18,33.24,44.06,151.06,18.67,0.499,23.43
10,WiFi-AP-02,Access Point,2024-02-24 12:00:00,26.63,42.04,45.22,125.53,19.42,0.4,21.72
1,Core-Router-01,Router,2024-02-24 14:00:00,37.38,53.76,57.72,476.4,9.72,0.147,43.02
2,Core-Router-02,Router,2024-02-24 14:00:00,43.33,48.26,48.17,445.48,9.64,0.176,44.83
3,Dist-Switch-01,Switch,2024-02-24 14:00:00,29.08,41.32,42.49,291.42,2.42,0.08,32.26
4,Dist-Switch-02,Switch,2024-02-24 14:00:00,27.79,42.43,39.79,239.69,2.7,0.108,33.07
5,Edge-Firewall-01,Firewall,2024-02-24 14:00:00,48.46,65.08,70.15,749.16,13.82,0.349,53.04
6,App-Server-01,Server,2024-02-24 14:00:00,51.73,63.41,31.22,167.8,4.31,0.124,67.63
7,App-Server-02,Server,2024-02-24 14:00:00,50.86,65.28,36.42,203.08,5.59,0.147,67.2
8,DB-Server-01,Server,2024-02-24 14:00:00,49.99,65.41,41.84,151.19,5.33,0.133,66.14
9,WiFi-AP-01,Access Point,2024-02-24 14:00:00,21.02,36.41,46.3,147.45,18.93,0.393,22.33
10,WiFi-AP-02,Access Point,2024-02-24 14:00:00,29.33,34.4,27.07,100.54,18.06,0.405,22.16
1,Core-Router-01,Router,2024-02-24 16:00:00,39.23,50.81,53.77,442.14,8.01,0.165,43.4
2,Core-Router-02,Router,2024-02-24 16:00:00,39.06,48.64,54.57,432.5,10.67,0.166,41.88
3,Dist-Switch-01,Switch,2024-02-24 16:00:00,18.69,40.87,40.07,282.82,3.88,0.076,31.65
4,Dist-Switch-02,Switch,2024-02-24 16:00:00,29.14,38.46,44.26,269.59,3.9,0.107,33.22
5,Edge-Firewall-01,Firewall,2024-02-24 16:00:00,50.49,56.87,63.25,701.19,14.15,0.323,54.93
6,App-Server-01,Server,2024-02-24 16:00:00,56.8,59.94,37.75,152.92,4.86,0.141,67.99
7,App-Server-02,Server,2024-02-24 16:00:00,52.69,63.34,56.84,193.0,6.11,0.199,69.37
8,DB-Server-01,Server,2024-02-24 16:00:00,57.47,62.59,29.86,177.52,7.7,0.104,66.88
9,WiFi-AP-01,Access Point,2024-02-24 16:00:00,22.8,31.36,34.34,137.01,18.92,0.408,22.14
10,WiFi-AP-02,Access Point,2024-02-24 16:00:00,15.75,33.95,28.9,122.77,18.26,0.435,21.69
1,Core-Router-01,Router,2024-02-24 18:00:00,30.66,37.18,40.45,349.1,7.42,0.166,42.38
2,Core-Router-02,Router,2024-02-24 18:00:00,28.52,32.17,39.86,353.58,9.23,0.137,42.36
3,Dist-Switch-01,Switch,2024-02-24 18:00:00,20.36,27.58,34.31,196.18,2.51,0.098,31.12
4,Dist-Switch-02,Switch,2024-02-24 18:00:00,22.7,32.66,31.7,226.61,3.09,0.092,31.5
5,Edge-Firewall-01,Firewall,2024-02-24 18:00:00,37.73,41.76,44.11,548.03,14.52,0.338,53.63
6,App-Server-01,Server,2024-02-24 18:00:00,43.4,47.63,25.45,136.8,4.9,0.107,67.62
7,App-Server-02,Server,2024-02-24 18:00:00,37.69,45.62,32.24,109.74,4.41,0.133,67.31
8,DB-Server-01,Server,2024-02-24 18:00:00,46.7,44.57,27.84,152.77,4.55,0.157,67.31
9,WiFi-AP-01,Access Point,2024-02-24 18:00:00,19.2,25.43,38.36,109.07,20.28,0.417,23.54
10,WiFi-AP-02,Access Point,2024-02-24 18:00:00,13.35,27.72,29.32,103.53,18.33,0.385,22.54
1,Core-Router-01,Router,2024-02-24 20:00:00,30.51,34.74,45.2,347.79,9.9,0.155,40.99
2,Core-Router-02,Router,2024-02-24 20:00:00,27.57,42.73,45.13,310.9,9.56,0.169,40.6
3,Dist-Switch-01,Switch,2024-02-24 20:00:00,27.23,31.13,35.42,180.87,2.48,0.143,34.12
4,Dist-Switch-02,Switch,2024-02-24 20:00:00,14.03,35.75,29.4,181.44,3.58,0.091,32.8
5,Edge-Firewall-01,Firewall,2024-02-24 20:00:00,34.26,43.69,44.28,566.56,15.06,0.281,53.75
6,App-Server-01,Server,2024-02-24 20:00:00,42.25,48.6,26.87,123.01,4.74,0.078,68.72
7,App-Server-02,Server,2024-02-24 20:00:00,43.48,49.76,21.94,147.79,5.06,0.081,68.25
8,DB-Server-01,Server,2024-02-24 20:00:00,36.58,48.54,28.65,157.31,4.94,0.071,67.87
9,WiFi-AP-01,Access Point,2024-02-24 20:00:00,15.1,25.86,28.03,100.45,19.93,0.35,23.19
10,WiFi-AP-02,Access Point,2024-02-24 20:00:00,17.29,26.54,30.78,118.39,18.13,0.36,22.47
1,Core-Router-01,Router,2024-02-24 22:00:00,18.5,30.59,27.73,279.09,9.34,0.189,42.5
2,Core-Router-02,Router,2024-02-24 22:00:00,19.54,30.6,27.16,275.41,9.67,0.193,41.72
3,Dist-Switch-01,Switch,2024-02-24 22:00:00,18.81,20.24,35.61,167.74,3.63,0.108,32.79
4,Dist-Switch-02,Switch,2024-02-24 22:00:00,15.07,26.97,25.56,140.31,3.55,0.065,29.86
5,Edge-Firewall-01,Firewall,2024-02-24 22:00:00,29.43,36.54,34.71,391.1,14.93,0.346,53.17
6,App-Server-01,Server,2024-02-24 22:00:00,30.82,33.79,14.63,100.35,5.5,0.162,66.97
7,App-Server-02,Server,2024-02-24 22:00:00,34.6,34.18,7.7,131.9,4.56,0.091,68.76
8,DB-Server-01,Server,2024-02-24 22:00:00,27.0,29.05,21.06,115.82,4.99,0.07,66.52
9,WiFi-AP-01,Access Point,2024-02-24 22:00:00,8.5,19.01,25.72,76.87,19.2,0.408,23.59
10,WiFi-AP-02,Access Point,2024-02-24 22:00:00,6.13,19.12,26.86,72.52,16.56,0.346,20.43
1,Core-Router-01,Router,2024-02-25 00:00:00,15.78,18.59,20.72,211.32,7.76,0.152,41.61
2,Core-Router-02,Router,2024-02-25 00:00:00,21.18,24.04,24.32,193.85,7.89,0.131,41.63
3,Dist-Switch-01,Switch,2024-02-25 00:00:00,11.43,15.86,15.8,113.18,4.31,0.144,33.3
4,Dist-Switch-02,Switch,2024-02-25 00:00:00,20.37,17.49,27.69,121.32,3.88,0.069,33.05
5,Edge-Firewall-01,Firewall,2024-02-25 00:00:00,22.37,20.15,29.78,270.62,15.25,0.275,54.17
6,App-Server-01,Server,2024-02-25 00:00:00,19.07,23.31,20.55,53.58,4.28,0.07,67.7
7,App-Server-02,Server,2024-02-25 00:00:00,23.14,27.89,17.73,73.52,5.5,0.065,67.79
8,DB-Server-01,Server,2024-02-25 00:00:00,16.97,28.55,20.26,87.82,6.02,0.108,66.33
9,WiFi-AP-01,Access Point,2024-02-25 00:00:00,12.71,15.1,17.74,60.6,18.44,0.37,22.65
10,WiFi-AP-02,Access Point,2024-02-25 00:00:00,5.0,17.08,19.78,30.41,17.02,0.349,23.87
1,Core-Router-01,Router,2024-02-25 02:00:00,6.24,21.97,21.42,189.17,9.22,0.144,43.4
2,Core-Router-02,Router,2024-02-25 02:00:00,14.14,41.36,27.37,170.24,8.24,0.12,44.25
3,Dist-Switch-01,Switch,2024-02-25 02:00:00,8.89,15.68,20.37,125.75,4.16,0.056,32.44
4,Dist-Switch-02,Switch,2024-02-25 02:00:00,12.59,7.29,28.12,108.9,3.82,0.161,32.01
5,Edge-Firewall-01,Firewall,2024-02-25 02:00:00,29.97,26.62,28.51,313.18,13.7,0.342,51.57
6,App-Server-01,Server,2024-02-25 02:00:00,26.87,23.47,6.74,73.49,6.03,0.065,68.36
7,App-Server-02,Server,2024-02-25 02:00:00,42.84,27.99,14.24,64.19,6.23,0.077,66.89
8,DB-Server-01,Server,2024-02-25 02:00:00,27.73,27.06,39.28,67.23,6.59,0.143,69.43
9,WiFi-AP-01,Access Point,2024-02-25 02:00:00,5.0,10.89,18.15,45.69,17.85,0.331,21.97
10,WiFi-AP-02,Access Point,2024-02-25 02:00:00,10.65,14.87,21.32,57.91,17.77,0.371,20.92
1,Core-Router-01,Router,2024-02-25 04:00:00,6.56,15.88,20.8,195.52,6.42,0.107,42.4
2,Core-Router-02,Router,2024-02-25 04:00:00,17.44,14.92,59.19,188.34,7.87,0.124,44.24
3,Dist-Switch-01,Switch,2024-02-25 04:00:00,6.11,12.41,18.18,111.96,4.35,0.127,33.53
4,Dist-Switch-02,Switch,2024-02-25 04:00:00,5.71,13.68,14.78,128.17,4.24,0.116,33.31
5,Edge-Firewall-01,Firewall,2024-02-25 04:00:00,18.14,23.81,18.97,312.86,13.92,0.297,53.35
6,App-Server-01,Server,2024-02-25 04:00:00,30.27,27.54,17.02,71.42,5.07,0.078,68.75
7,App-Server-02,Server,2024-02-25 04:00:00,46.18,26.47,6.68,82.53,5.0,0.084,67.01
8,DB-Server-01,Server,2024-02-25 04:00:00,21.49,28.17,15.64,105.93,4.97,0.089,68.99
9,WiFi-AP-01,Access Point,2024-02-25 04:00:00,7.92,13.78,18.81,53.03,17.87,0.358,24.11
10,WiFi-AP-02,Access Point,2024-02-25 04:00:00,8.78,13.33,15.41,63.4,19.64,0.335,21.89
1,Core-Router-01,Router,2024-02-25 06:00:00,30.2,27.93,29.5,251.69,7.85,0.132,43.51
2,Core-Router-02,Router,2024-02-25 06:00:00,27.4,26.45,30.97,275.01,9.13,0.163,43.17
3,Dist-Switch-01,Switch,2024-02-25 06:00:00,12.36,19.77,58.2,96.66,2.97,0.126,33.81
4,Dist-Switch-02,Switch,2024-02-25 06:00:00,20.47,20.35,38.85,177.69,3.83,0.135,32.11
5,Edge-Firewall-01,Firewall,2024-02-25 06:00:00,26.42,33.92,31.57,374.71,13.61,0.263,53.22
6,App-Server-01,Server,2024-02-25 06:00:00,28.68,30.12,22.37,125.57,4.79,0.147,68.62
7,App-Server-02,Server,2024-02-25 06:00:00,25.81,33.09,18.46,96.39,3.02,0.101,67.2
8,DB-Server-01,Server,2024-02-25 06:00:00,37.59,35.72,16.03,91.33,5.88,0.088,67.16
9,WiFi-AP-01,Access Point,2024-02-25 06:00:00,10.3,21.46,15.61,53.34,17.25,0.386,21.93
10,WiFi-AP-02,Access Point,2024-02-25 06:00:00,16.1,23.13,23.88,79.37,17.51,0.452,22.89
1,Core-Router-01,Router,2024-02-25 08:00:00,32.16,35.83,35.91,318.63,9.26,0.136,43.94
2,Core-Router-02,Router,2024-02-25 08:00:00,27.75,36.99,41.38,333.1,9.93,0.19,41.64
3,Dist-Switch-01,Switch,2024-02-25 08:00:00,18.81,34.94,36.03,208.8,3.98,0.092,33.14
4,Dist-Switch-02,Switch,2024-02-25 08:00:00,21.5,31.0,41.15,201.13,3.64,0.138,33.08
5,Edge-Firewall-01,Firewall,2024-02-25 08:00:00,37.58,46.62,49.31,535.77,14.79,0.316,54.58
6,App-Server-01,Server,2024-02-25 08:00:00,42.25,45.36,25.56,152.83,4.36,0.207,66.29
7,App-Server-02,Server,2024-02-25 08:00:00,44.99,46.71,23.48,148.39,5.0,0.152,66.35
8,DB-Server-01,Server,2024-02-25 08:00:00,43.54,47.35,29.01,147.92,3.72,0.083,68.84
9,WiFi-AP-01,Access Point,2024-02-25 08:00:00,19.07,26.42,23.9,113.39,20.06,0.39,23.91
10,WiFi-AP-02,Access Point,2024-02-25 08:00:00,20.94,26.35,31.42,120.6,16.6,0.395,24.01
1,Core-Router-01,Router,2024-02-25 10:00:00,58.59,49.75,48.84,430.88,8.82,0.161,42.65
2,Core-Router-02,Router,2024-02-25 10:00:00,32.01,45.16,61.33,441.47,6.99,0.192,41.6
3,Dist-Switch-01,Switch,2024-02-25 10:00:00,29.38,42.59,43.52,238.13,2.92,0.096,31.61
4,Dist-Switch-02,Switch,2024-02-25 10:00:00,23.48,40.25,66.73,286.49,2.6,0.226,31.97
5,Edge-Firewall-01,Firewall,2024-02-25 10:00:00,48.55,58.51,58.17,682.64,14.51,0.384,53.13
6,App-Server-01,Server,2024-02-25 10:00:00,49.64,66.37,34.47,130.54,4.07,0.103,65.97
7,App-Server-02,Server,2024-02-25 10:00:00,53.61,57.88,40.3,175.4,3.82,0.123,69.11
8,DB-Server-01,Server,2024-02-25 10:00:00,46.51,57.81,36.92,185.68,7.81,0.118,70.15
9,WiFi-AP-01,Access Point,2024-02-25 10:00:00,21.58,35.56,35.87,118.58,18.33,0.394,20.19
10,WiFi-AP-02,Access Point,2024-02-25 10:00:00,18.84,37.64,39.07,130.6,17.42,0.373,24.41
1,Core-Router-01,Router,2024-02-25 12:00:00,46.66,51.28,50.47,491.53,10.15,0.221,40.99
2,Core-Router-02,Router,2024-02-25 12:00:00,35.35,48.7,59.25,473.74,9.43,0.142,45.12
3,Dist-Switch-01,Switch,2024-02-25 12:00:00,27.51,40.8,43.08,317.95,4.36,0.115,31.6
4,Dist-Switch-02,Switch,2024-02-25 12:00:00,20.65,40.77,38.13,250.36,4.7,0.105,34.24
5,Edge-Firewall-01,Firewall,2024-02-25 12:00:00,44.3,56.3,60.72,762.7,14.61,0.38,53.38
6,App-Server-01,Server,2024-02-25 12:00:00,54.29,65.59,27.85,141.39,5.71,0.078,69.68
7,App-Server-02,Server,2024-02-25 12:00:00,49.23,64.98,55.87,189.33,6.55,0.106,68.58
8,DB-Server-01,Server,2024-02-25 12:00:00,56.99,67.36,33.94,158.75,4.83,0.132,67.19
9,WiFi-AP-01,Access Point,2024-02-25 12:00:00,21.47,56.52,41.1,113.28,18.11,0.389,22.63
10,WiFi-AP-02,Access Point,2024-02-25 12:00:00,24.38,35.24,37.17,123.76,19.2,0.437,22.24
1,Core-Router-01,Router,2024-02-25 14:00:00,40.44,45.07,53.83,427.15,8.6,0.194,41.25
2,Core-Router-02,Router,2024-02-25 14:00:00,37.45,47.49,74.89,473.44,9.37,0.228,41.75
3,Dist-Switch-01,Switch,2024-02-25 14:00:00,20.28,43.88,43.81,264.38,5.11,0.069,33.65
4,Dist-Switch-02,Switch,2024-02-25 14:00:00,24.88,38.88,43.79,287.12,3.69,0.086,30.15
5,Edge-Firewall-01,Firewall,2024-02-25 14:00:00,42.65,52.84,61.97,701.94,16.24,0.286,52.97
6,App-Server-01,Server,2024-02-25 14:00:00,71.45,60.5,44.25,218.12,5.87,0.177,67.32
7,App-Server-02,Server,2024-02-25 14:00:00,56.0,63.18,25.89,219.46,4.62,0.145,67.72
8,DB-Server-01,Server,2024-02-25 14:00:00,59.48,65.4,29.92,152.86,3.26,0.094,67.28
9,WiFi-AP-01,Access Point,2024-02-25 14:00:00,24.86,34.44,45.93,149.95,17.45,0.394,24.08
10,WiFi-AP-02,Access Point,2024-02-25 14:00:00,18.97,35.85,39.89,129.7,18.98,0.401,23.16
1,Core-Router-01,Router,2024-02-25 16:00:00,40.15,45.63,53.27,404.41,11.57,0.208,43.71
2,Core-Router-02,Router,2024-02-25 16:00:00,40.34,48.54,43.16,404.94,7.96,0.143,42.47
3,Dist-Switch-01,Switch,2024-02-25 16:00:00,29.05,35.81,48.14,241.66,3.22,0.109,33.25
4,Dist-Switch-02,Switch,2024-02-25 16:00:00,20.8,41.9,43.46,215.23,2.79,0.081,31.58
5,Edge-Firewall-01,Firewall,2024-02-25 16:00:00,52.68,54.79,62.52,692.32,15.25,0.389,53.43
6,App-Server-01,Server,2024-02-25 16:00:00,58.58,62.32,35.07,178.48,2.83,0.102,67.61
7,App-Server-02,Server,2024-02-25 16:00:00,53.37,60.14,36.08,145.58,3.87,0.136,69.32
8,DB-Server-01,Server,2024-02-25 16:00:00,46.54,57.85,34.94,140.21,4.58,0.107,67.31
9,WiFi-AP-01,Access Point,2024-02-25 16:00:00,28.24,29.31,36.98,120.28,18.17,0.446,22.17
10,WiFi-AP-02,Access Point,2024-02-25 16:00:00,24.66,33.6,33.36,170.64,18.23,0.405,23.51
1,Core-Router-01,Router,2024-02-25 18:00:00,30.69,35.48,42.29,330.09,9.46,0.139,43.78
2,Core-Router-02,Router,2024-02-25 18:00:00,26.4,40.01,44.36,339.31,9.82,0.147,43.42
3,Dist-Switch-01,Switch,2024-02-25 18:00:00,43.92,31.12,31.43,194.3,3.42,0.104,33.38
4,Dist-Switch-02,Switch,2024-02-25 18:00:00,24.67,34.29,33.32,245.7,3.53,0.087,33.08
5,Edge-Firewall-01,Firewall,2024-02-25 18:00:00,39.79,42.51,65.25,541.61,14.69,0.319,52.48
6,App-Server-01,Server,2024-02-25 18:00:00,43.58,44.01,31.98,128.57,4.98,0.092,68.2
7,App-Server-02,Server,2024-02-25 18:00:00,40.84,45.51,25.13,139.54,5.94,0.112,67.11
8,DB-Server-01,Server,2024-02-25 18:00:00,42.34,47.92,28.26,85.35,5.16,0.114,67.13
9,WiFi-AP-01,Access Point,2024-02-25 18:00:00,19.15,23.9,23.15,111.58,18.13,0.374,23.6
10,WiFi-AP-02,Access Point,2024-02-25 18:00:00,15.96,25.63,27.26,84.18,18.65,0.363,23.89
1,Core-Router-01,Router,2024-02-25 20:00:00,19.16,40.62,43.09,342.28,7.8,0.202,43.5
2,Core-Router-02,Router,2024-02-25 20:00:00,31.94,38.52,40.78,361.09,8.51,0.149,42.57
3,Dist-Switch-01,Switch,2024-02-25 20:00:00,19.79,34.98,28.14,167.36,2.18,0.094,32.65
4,Dist-Switch-02,Switch,2024-02-25 20:00:00,14.25,31.27,32.79,217.65,4.43,0.183,31.57
5,Edge-Firewall-01,Firewall,2024-02-25 20:00:00,30.4,46.5,53.11,525.04,13.27,0.278,54.46
6,App-Server-01,Server,2024-02-25 20:00:00,37.78,48.43,18.03,133.67,5.34,0.142,67.04
7,App-Server-02,Server,2024-02-25 20:00:00,44.04,45.86,27.98,179.18,7.25,0.17,68.15
8,DB-Server-01,Server,2024-02-25 20:00:00,40.45,68.26,29.86,145.42,4.74,0.108,67.15
9,WiFi-AP-01,Access Point,2024-02-25 20:00:00,21.49,31.06,67.59,111.74,17.39,0.388,22.59
10,WiFi-AP-02,Access Point,2024-02-25 20:00:00,23.23,29.73,24.23,102.09,16.71,0.399,22.04
1,Core-Router-01,Router,2024-02-25 22:00:00,20.08,40.77,33.81,274.42,8.4,0.128,42.27
2,Core-Router-02,Router,2024-02-25 22:00:00,21.65,25.07,24.53,277.62,6.45,0.147,43.03
3,Dist-Switch-01,Switch,2024-02-25 22:00:00,21.63,21.81,23.17,133.98,3.99,0.096,31.62
4,Dist-Switch-02,Switch,2024-02-25 22:00:00,12.07,19.68,20.0,151.86,3.44,0.084,32.9
5,Edge-Firewall-01,Firewall,2024-02-25 22:00:00,22.72,26.16,29.75,415.68,15.29,0.295,53.59
6,App-Server-01,Server,2024-02-25 22:00:00,34.38,36.25,29.03,105.97,7.45,0.099,67.1
7,App-Server-02,Server,2024-02-25 22:00:00,29.26,34.92,42.92,110.89,5.35,0.095,67.35
8,DB-Server-01,Server,2024-02-25 22:00:00,34.9,35.99,11.64,130.31,5.89,0.099,68.68
9,WiFi-AP-01,Access Point,2024-02-25 22:00:00,16.44,17.26,17.17,123.0,17.48,0.368,24.38
10,WiFi-AP-02,Access Point,2024-02-25 22:00:00,10.74,18.94,27.15,79.33,18.68,0.336,22.22
1,Core-Router-01,Router,2024-02-26 00:00:00,29.45,41.2,39.56,350.57,4.03,0.231,43.12
2,Core-Router-02,Router,2024-02-26 00:00:00,32.14,40.4,38.64,365.87,3.48,0.163,42.0
3,Dist-Switch-01,Switch,2024-02-26 00:00:00,13.0,29.19,33.94,183.4,0.77,0.059,32.72
4,Dist-Switch-02,Switch,2024-02-26 00:00:00,48.55,26.98,32.23,191.87,2.09,0.088,32.76
5,Edge-Firewall-01,Firewall,2024-02-26 00:00:00,32.38,40.27,50.67,562.51,7.61,0.266,52.35
6,App-Server-01,Server,2024-02-26 00:00:00,45.43,47.27,24.87,156.13,2.23,0.081,66.75
7,App-Server-02,Server,2024-02-26 00:00:00,43.7,50.33,20.92,107.91,3.29,0.169,68.68
8,DB-Server-01,Server,2024-02-26 00:00:00,40.19,45.32,21.28,151.14,3.92,0.102,67.55
9,WiFi-AP-01,Access Point,2024-02-26 00:00:00,17.29,32.8,31.11,82.98,8.84,0.397,24.06
10,WiFi-AP-02,Access Point,2024-02-26 00:00:00,19.15,26.32,16.15,85.55,10.34,0.375,23.14
1,Core-Router-01,Router,2024-02-26 02:00:00,25.39,38.15,36.16,342.04,4.23,0.179,43.14
2,Core-Router-02,Router,2024-02-26 02:00:00,30.21,41.76,39.18,313.7,6.06,0.143,42.48
3,Dist-Switch-01,Switch,2024-02-26 02:00:00,17.95,49.52,38.27,189.87,2.57,0.072,31.97
4,Dist-Switch-02,Switch,2024-02-26 02:00:00,20.54,29.14,40.4,192.22,3.51,0.067,31.05
5,Edge-Firewall-01,Firewall,2024-02-26 02:00:00,28.93,43.83,54.55,571.81,8.17,0.295,52.38
6,App-Server-01,Server,2024-02-26 02:00:00,41.87,51.14,30.21,156.17,3.64,0.118,65.54
7,App-Server-02,Server,2024-02-26 02:00:00,37.47,44.57,21.36,136.91,1.55,0.116,67.7
8,DB-Server-01,Server,2024-02-26 02:00:00,34.63,46.42,30.55,112.29,3.8,0.108,68.07
9,WiFi-AP-01,Access Point,2024-02-26 02:00:00,12.68,28.72,44.76,111.92,9.45,0.366,23.65
10,WiFi-AP-02,Access Point,2024-02-26 02:00:00,17.58,50.29,29.61,77.31,10.2,0.384,24.37
1,Core-Router-01,Router,2024-02-26 04:00:00,36.01,34.69,42.1,339.34,6.22,0.171,43.68
2,Core-Router-02,Router,2024-02-26 04:00:00,26.83,37.3,36.62,302.7,4.1,0.14,44.23
3,Dist-Switch-01,Switch,2024-02-26 04:00:00,16.17,28.96,27.0,228.31,1.54,0.075,32.45
4,Dist-Switch-02,Switch,2024-02-26 04:00:00,12.72,26.38,29.44,217.52,0.5,0.083,33.14
5,Edge-Firewall-01,Firewall,2024-02-26 04:00:00,30.36,43.51,53.7,525.79,7.45,0.399,53.13
6,App-Server-01,Server,2024-02-26 04:00:00,40.01,64.13,29.23,150.5,0.84,0.182,66.8
7,App-Server-02,Server,2024-02-26 04:00:00,40.42,48.11,18.84,132.7,2.93,0.113,67.27
8,DB-Server-01,Server,2024-02-26 04:00:00,38.13,49.27,27.39,113.95,3.96,0.137,66.09
9,WiFi-AP-01,Access Point,2024-02-26 04:00:00,16.12,42.96,31.14,78.97,10.89,0.434,22.78
10,WiFi-AP-02,Access Point,2024-02-26 04:00:00,18.36,21.01,28.61,88.68,9.14,0.388,22.24
1,Core-Router-01,Router,2024-02-26 06:00:00,35.22,48.7,49.51,471.77,5.33,0.152,43.78
2,Core-Router-02,Router,2024-02-26 06:00:00,37.73,50.97,60.07,438.08,2.97,0.172,43.76
3,Dist-Switch-01,Switch,2024-02-26 06:00:00,23.55,39.64,41.7,269.79,0.95,0.136,32.36
4,Dist-Switch-02,Switch,2024-02-26 06:00:00,55.05,44.39,45.93,250.17,1.27,0.099,32.38
5,Edge-Firewall-01,Firewall,2024-02-26 06:00:00,45.79,59.53,59.89,739.16,8.36,0.349,54.58
6,App-Server-01,Server,2024-02-26 06:00:00,54.23,55.85,38.38,130.43,4.04,0.08,67.65
7,App-Server-02,Server,2024-02-26 06:00:00,54.38,65.35,33.65,180.5,3.03,0.225,68.31
8,DB-Server-01,Server,2024-02-26 06:00:00,57.43,64.94,37.96,212.63,2.87,0.083,67.06
9,WiFi-AP-01,Access Point,2024-02-26 06:00:00,14.81,37.6,37.89,96.61,9.84,0.354,22.48
10,WiFi-AP-02,Access Point,2024-02-26 06:00:00,23.0,31.54,45.58,143.77,11.16,0.401,23.15
1,Core-Router-01,Router,2024-02-26 08:00:00,48.62,66.21,67.95,630.5,3.81,0.175,42.71
2,Core-Router-02,Router,2024-02-26 08:00:00,54.46,64.77,83.05,627.61,6.57,0.21,42.34
3,Dist-Switch-01,Switch,2024-02-26 08:00:00,37.63,60.77,70.52,365.82,1.19,0.073,33.92
4,Dist-Switch-02,Switch,2024-02-26 08:00:00,37.82,57.13,68.23,395.1,2.98,0.1,34.15
5,Edge-Firewall-01,Firewall,2024-02-26 08:00:00,64.11,88.26,99.5,999.99,9.11,0.346,53.27
6,App-Server-01,Server,2024-02-26 08:00:00,77.61,90.37,47.86,268.47,2.56,0.125,67.78
7,App-Server-02,Server,2024-02-26 08:00:00,67.94,85.57,54.4,244.73,4.21,0.145,68.5
8,DB-Server-01,Server,2024-02-26 08:00:00,75.05,87.04,44.27,255.0,1.99,0.119,67.66
9,WiFi-AP-01,Access Point,2024-02-26 08:00:00,29.89,53.24,43.48,184.53,9.64,0.39,22.26
10,WiFi-AP-02,Access Point,2024-02-26 08:00:00,35.45,49.39,57.09,205.95,10.05,0.47,22.37
1,Core-Router-01,Router,2024-02-26 10:00:00,70.04,81.27,90.49,782.38,7.01,0.189,42.96
2,Core-Router-02,Router,2024-02-26 10:00:00,77.3,87.98,99.5,775.61,3.73,0.19,44.62
3,Dist-Switch-01,Switch,2024-02-26 10:00:00,53.08,72.51,74.94,439.24,1.18,0.087,32.33
4,Dist-Switch-02,Switch,2024-02-26 10:00:00,51.03,66.07,77.73,454.92,2.99,0.103,31.97
5,Edge-Firewall-01,Firewall,2024-02-26 10:00:00,89.63,97.02,99.0,1236.3,6.02,0.385,52.72
6,App-Server-01,Server,2024-02-26 10:00:00,92.43,99.0,59.08,287.55,2.2,0.157,67.19
7,App-Server-02,Server,2024-02-26 10:00:00,96.43,99.0,61.0,332.65,4.07,0.132,70.01
8,DB-Server-01,Server,2024-02-26 10:00:00,89.84,99.0,56.85,322.16,5.8,0.187,68.65
9,WiFi-AP-01,Access Point,2024-02-26 10:00:00,36.76,62.2,76.12,250.12,10.08,0.417,23.86
10,WiFi-AP-02,Access Point,2024-02-26 10:00:00,44.4,58.2,71.67,246.69,9.47,0.497,22.51
1,Core-Router-01,Router,2024-02-26 12:00:00,80.04,90.33,99.0,836.0,6.66,0.217,42.34
2,Core-Router-02,Router,2024-02-26 12:00:00,73.72,90.61,99.0,812.36,4.92,0.242,44.12
3,Dist-Switch-01,Switch,2024-02-26 12:00:00,43.62,69.64,80.16,463.17,0.74,0.089,32.76
4,Dist-Switch-02,Switch,2024-02-26 12:00:00,42.99,78.32,81.02,488.38,3.02,0.092,32.76
5,Edge-Firewall-01,Firewall,2024-02-26 12:00:00,89.46,99.0,99.0,1325.43,6.82,0.436,54.35
6,App-Server-01,Server,2024-02-26 12:00:00,99.0,99.0,71.18,344.27,2.56,0.158,67.38
7,App-Server-02,Server,2024-02-26 12:00:00,94.61,99.0,71.92,334.56,1.83,0.117,69.0
8,DB-Server-01,Server,2024-02-26 12:00:00,99.0,99.0,65.85,354.1,4.01,0.17,68.74
9,WiFi-AP-01,Access Point,2024-02-26 12:00:00,43.63,71.28,74.47,272.08,10.47,0.487,23.82
10,WiFi-AP-02,Access Point,2024-02-26 12:00:00,44.8,64.55,76.26,291.53,9.52,0.471,21.71
1,Core-Router-01,Router,2024-02-26 14:00:00,72.53,93.87,99.0,827.23,6.7,0.219,42.65
2,Core-Router-02,Router,2024-02-26 14:00:00,76.78,88.82,99.0,852.74,4.89,0.211,42.49
3,Dist-Switch-01,Switch,2024-02-26 14:00:00,39.16,77.83,84.45,495.22,0.5,0.125,32.36
4,Dist-Switch-02,Switch,2024-02-26 14:00:00,52.14,74.78,75.05,524.12,3.08,0.114,33.11
5,Edge-Firewall-01,Firewall,2024-02-26 14:00:00,86.65,99.0,99.0,1332.32,8.14,0.428,50.73
6,App-Server-01,Server,2024-02-26 14:00:00,98.31,99.0,73.22,331.19,3.43,0.16,67.91
7,App-Server-02,Server,2024-02-26 14:00:00,97.65,99.0,65.13,326.65,4.0,0.197,67.63
8,DB-Server-01,Server,2024-02-26 14:00:00,99.0,99.0,66.04,306.58,2.69,0.138,68.92
9,WiFi-AP-01,Access Point,2024-02-26 14:00:00,38.45,67.87,80.96,271.13,10.26,0.445,22.11
10,WiFi-AP-02,Access Point,2024-02-26 14:00:00,38.19,66.41,70.7,262.94,10.23,0.424,20.96
1,Core-Router-01,Router,2024-02-26 16:00:00,70.65,84.84,99.0,758.15,4.79,0.19,41.83
2,Core-Router-02,Router,2024-02-26 16:00:00,78.25,92.06,89.76,771.91,7.15,0.248,42.43
3,Dist-Switch-01,Switch,2024-02-26 16:00:00,48.75,66.38,89.36,471.71,2.59,0.121,31.66
4,Dist-Switch-02,Switch,2024-02-26 16:00:00,48.83,76.29,75.67,450.67,2.31,0.156,32.16
5,Edge-Firewall-01,Firewall,2024-02-26 16:00:00,85.21,99.0,99.0,1248.31,9.1,0.397,52.82
6,App-Server-01,Server,2024-02-26 16:00:00,97.66,99.0,57.46,343.17,3.35,0.168,67.85
7,App-Server-02,Server,2024-02-26 16:00:00,95.04,99.0,65.43,344.06,3.47,0.099,68.81
8,DB-Server-01,Server,2024-02-26 16:00:00,95.77,99.0,64.16,338.25,3.88,0.2,67.06
9,WiFi-AP-01,Access Point,2024-02-26 16:00:00,37.43,58.2,68.56,207.7,8.89,0.424,24.72
10,WiFi-AP-02,Access Point,2024-02-26 16:00:00,33.74,59.05,67.87,232.18,8.46,0.436,22.01
1,Core-Router-01,Router,2024-02-26 18:00:00,57.7,70.25,74.48,619.44,4.29,0.16,41.82
2,Core-Router-02,Router,2024-02-26 18:00:00,62.62,64.48,71.96,644.36,4.6,0.196,44.52
3,Dist-Switch-01,Switch,2024-02-26 18:00:00,40.95,52.82,56.93,372.45,2.44,0.131,32.02
4,Dist-Switch-02,Switch,2024-02-26 18:00:00,54.4,55.68,61.35,406.11,1.9,0.075,33.71
5,Edge-Firewall-01,Firewall,2024-02-26 18:00:00,75.33,81.4,94.08,1039.76,7.89,0.379,54.99
6,App-Server-01,Server,2024-02-26 18:00:00,79.72,87.82,53.41,229.9,4.11,0.18,68.87
7,App-Server-02,Server,2024-02-26 18:00:00,72.35,82.82,62.6,241.28,3.71,0.156,66.56
8,DB-Server-01,Server,2024-02-26 18:00:00,73.26,90.2,54.82,253.6,3.98,0.121,67.38
9,WiFi-AP-01,Access Point,2024-02-26 18:00:00,34.99,46.31,58.86,164.78,10.14,0.466,23.01
10,WiFi-AP-02,Access Point,2024-02-26 18:00:00,31.3,50.84,59.75,230.78,10.65,0.419,22.59
1,Core-Router-01,Router,2024-02-26 20:00:00,52.83,65.25,63.08,617.77,3.6,0.158,42.29
2,Core-Router-02,Router,2024-02-26 20:00:00,52.09,62.66,73.49,591.95,5.71,0.165,42.57
3,Dist-Switch-01,Switch,2024-02-26 20:00:00,43.42,56.46,64.63,389.95,1.48,0.097,32.84
4,Dist-Switch-02,Switch,2024-02-26 20:00:00,32.23,61.79,63.5,372.18,4.09,0.121,34.34
5,Edge-Firewall-01,Firewall,2024-02-26 20:00:00,72.22,84.86,86.9,1004.32,7.66,0.394,53.19
6,App-Server-01,Server,2024-02-26 20:00:00,73.01,86.24,50.09,244.15,4.44,0.127,68.61
7,App-Server-02,Server,2024-02-26 20:00:00,95.24,85.3,53.64,208.84,3.17,0.129,66.91
8,DB-Server-01,Server,2024-02-26 20:00:00,73.39,87.53,50.04,266.6,2.83,0.092,66.4
9,WiFi-AP-01,Access Point,2024-02-26 20:00:00,26.29,51.02,59.58,182.89,10.93,0.449,23.2
10,WiFi-AP-02,Access Point,2024-02-26 20:00:00,27.94,47.37,52.61,186.48,10.44,0.402,22.51
1,Core-Router-01,Router,2024-02-26 22:00:00,43.57,55.22,54.12,457.9,4.39,0.163,44.05
2,Core-Router-02,Router,2024-02-26 22:00:00,46.07,49.56,57.17,474.41,4.55,0.211,43.49
3,Dist-Switch-01,Switch,2024-02-26 22:00:00,30.95,43.29,43.73,304.06,2.28,0.123,31.2
4,Dist-Switch-02,Switch,2024-02-26 22:00:00,26.17,41.71,44.16,313.47,2.4,0.112,30.53
5,Edge-Firewall-01,Firewall,2024-02-26 22:00:00,51.1,62.25,73.16,725.55,9.72,0.37,52.46
6,App-Server-01,Server,2024-02-26 22:00:00,50.66,66.22,29.97,190.43,1.76,0.163,67.43
7,App-Server-02,Server,2024-02-26 22:00:00,56.23,58.47,29.01,166.93,3.85,0.111,68.89
8,DB-Server-01,Server,2024-02-26 22:00:00,48.68,85.56,33.68,166.24,2.46,0.08,68.46
9,WiFi-AP-01,Access Point,2024-02-26 22:00:00,27.29,38.04,44.21,173.26,10.7,0.393,23.38
10,WiFi-AP-02,Access Point,2024-02-26 22:00:00,29.63,33.87,38.89,165.8,9.71,0.427,24.09
1,Core-Router-01,Router,2024-02-27 00:00:00,25.82,36.48,47.15,340.22,2.98,0.151,43.64
2,Core-Router-02,Router,2024-02-27 00:00:00,35.95,37.86,43.55,335.37,5.9,0.207,43.62
3,Dist-Switch-01,Switch,2024-02-27 00:00:00,20.09,32.15,39.04,206.2,2.8,0.079,34.27
4,Dist-Switch-02,Switch,2024-02-27 00:00:00,42.05,29.35,60.97,214.85,1.86,0.129,33.08
5,Edge-Firewall-01,Firewall,2024-02-27 00:00:00,45.04,36.37,34.54,563.75,8.24,0.324,52.32
6,App-Server-01,Server,2024-02-27 00:00:00,58.98,45.49,35.22,128.07,2.56,0.198,66.05
7,App-Server-02,Server,2024-02-27 00:00:00,45.57,47.21,32.38,122.03,1.53,0.086,67.28
8,DB-Server-01,Server,2024-02-27 00:00:00,55.93,45.56,26.75,127.27,2.07,0.159,68.31
9,WiFi-AP-01,Access Point,2024-02-27 00:00:00,17.77,27.22,56.88,113.46,8.97,0.43,20.58
10,WiFi-AP-02,Access Point,2024-02-27 00:00:00,24.31,26.08,33.81,106.87,10.91,0.376,21.52
1,Core-Router-01,Router,2024-02-27 02:00:00,26.7,36.65,33.2,325.66,3.8,0.143,42.35
2,Core-Router-02,Router,2024-02-27 02:00:00,53.0,40.27,39.92,312.7,2.95,0.139,42.18
3,Dist-Switch-01,Switch,2024-02-27 02:00:00,19.94,31.84,41.49,170.7,0.99,0.064,31.71
4,Dist-Switch-02,Switch,2024-02-27 02:00:00,14.61,34.78,29.04,179.47,0.85,0.112,32.15
5,Edge-Firewall-01,Firewall,2024-02-27 02:00:00,32.16,42.04,47.74,566.24,8.81,0.303,52.32
6,App-Server-01,Server,2024-02-27 02:00:00,49.54,50.97,26.16,91.2,2.54,0.141,66.99
7,App-Server-02,Server,2024-02-27 02:00:00,37.27,47.29,27.77,122.47,1.72,0.078,67.35
8,DB-Server-01,Server,2024-02-27 02:00:00,33.54,49.81,23.78,131.71,2.78,0.068,68.0
9,WiFi-AP-01,Access Point,2024-02-27 02:00:00,11.92,28.36,29.13,124.51,10.81,0.402,21.91
10,WiFi-AP-02,Access Point,2024-02-27 02:00:00,22.28,27.7,34.3,116.31,10.46,0.421,23.81
1,Core-Router-01,Router,2024-02-27 04:00:00,32.25,33.28,38.71,318.49,3.57,0.175,41.37
2,Core-Router-02,Router,2024-02-27 04:00:00,25.56,43.64,38.89,355.9,6.12,0.164,43.0
3,Dist-Switch-01,Switch,2024-02-27 04:00:00,20.42,32.46,33.15,219.55,1.74,0.067,34.73
4,Dist-Switch-02,Switch,2024-02-27 04:00:00,18.64,30.91,36.43,215.55,2.29,0.122,33.01
5,Edge-Firewall-01,Firewall,2024-02-27 04:00:00,38.67,47.98,51.68,572.52,7.0,0.327,53.18
6,App-Server-01,Server,2024-02-27 04:00:00,45.66,47.38,23.72,105.07,3.36,0.078,67.42
7,App-Server-02,Server,2024-02-27 04:00:00,44.75,47.72,27.42,155.1,5.19,0.095,66.97
8,DB-Server-01,Server,2024-02-27 04:00:00,37.17,49.42,21.97,129.64,2.71,0.146,69.04
9,WiFi-AP-01,Access Point,2024-02-27 04:00:00,10.99,32.17,24.77,106.03,9.17,0.352,21.87
10,WiFi-AP-02,Access Point,2024-02-27 04:00:00,23.84,27.0,31.98,81.38,8.58,0.394,23.37
1,Core-Router-01,Router,2024-02-27 06:00:00,40.64,53.19,55.46,457.13,5.54,0.146,43.79
2,Core-Router-02,Router,2024-02-27 06:00:00,43.35,53.0,58.42,484.21,5.83,0.231,42.31
3,Dist-Switch-01,Switch,2024-02-27 06:00:00,30.76,36.99,72.6,275.33,2.94,0.149,33.65
4,Dist-Switch-02,Switch,2024-02-27 06:00:00,25.77,37.87,48.38,268.48,2.66,0.088,31.92
5,Edge-Firewall-01,Firewall,2024-02-27 06:00:00,49.3,60.91,64.59,714.94,9.8,0.306,50.59
6,App-Server-01,Server,2024-02-27 06:00:00,58.57,63.95,35.71,178.99,2.82,0.163,68.31
7,App-Server-02,Server,2024-02-27 06:00:00,55.88,63.19,45.2,199.66,3.99,0.092,68.85
8,DB-Server-01,Server,2024-02-27 06:00:00,56.41,62.87,38.41,224.74,3.2,0.142,69.04
9,WiFi-AP-01,Access Point,2024-02-27 06:00:00,25.1,41.53,30.27,100.37,11.73,0.408,22.96
10,WiFi-AP-02,Access Point,2024-02-27 06:00:00,29.85,37.16,49.58,129.34,10.62,0.392,24.34
1,Core-Router-01,Router,2024-02-27 08:00:00,55.51,66.23,73.07,619.91,4.35,0.19,43.97
2,Core-Router-02,Router,2024-02-27 08:00:00,62.19,70.3,72.17,616.69,2.93,0.181,42.17
3,Dist-Switch-01,Switch,2024-02-27 08:00:00,43.59,52.42,59.88,375.11,2.47,0.162,31.48
4,Dist-Switch-02,Switch,2024-02-27 08:00:00,36.49,52.27,66.79,364.09,1.9,0.077,32.97
5,Edge-Firewall-01,Firewall,2024-02-27 08:00:00,68.5,78.77,88.4,989.51,8.81,0.34,51.81
6,App-Server-01,Server,2024-02-27 08:00:00,85.03,92.95,62.49,244.49,2.16,0.133,68.96
7,App-Server-02,Server,2024-02-27 08:00:00,76.19,81.66,45.36,259.8,2.34,0.156,67.59
8,DB-Server-01,Server,2024-02-27 08:00:00,62.42,86.16,48.14,257.56,3.55,0.1,68.75
9,WiFi-AP-01,Access Point,2024-02-27 08:00:00,30.75,45.9,56.77,171.0,8.64,0.421,21.44
10,WiFi-AP-02,Access Point,2024-02-27 08:00:00,49.8,46.39,55.1,177.23,11.14,0.432,22.03
1,Core-Router-01,Router,2024-02-27 10:00:00,70.06,90.39,99.0,758.09,6.32,0.232,43.03
2,Core-Router-02,Router,2024-02-27 10:00:00,93.5,84.75,87.99,792.25,4.83,0.192,43.31
3,Dist-Switch-01,Switch,2024-02-27 10:00:00,57.2,74.28,81.28,428.54,2.39,0.158,32.42
4,Dist-Switch-02,Switch,2024-02-27 10:00:00,55.89,72.32,80.02,451.47,3.5,0.119,32.29
5,Edge-Firewall-01,Firewall,2024-02-27 10:00:00,78.88,99.0,99.0,1256.95,8.74,0.39,52.48
6,App-Server-01,Server,2024-02-27 10:00:00,91.12,99.0,61.95,288.02,3.16,0.104,67.45
7,App-Server-02,Server,2024-02-27 10:00:00,98.44,99.0,53.6,309.68,2.26,0.105,66.94
8,DB-Server-01,Server,2024-02-27 10:00:00,95.94,99.0,57.92,326.52,2.95,0.157,66.9
9,WiFi-AP-01,Access Point,2024-02-27 10:00:00,37.78,59.41,69.25,230.59,9.08,0.446,21.83
10,WiFi-AP-02,Access Point,2024-02-27 10:00:00,44.26,62.18,67.39,246.43,10.03,0.471,20.85
1,Core-Router-01,Router,2024-02-27 12:00:00,77.04,90.08,99.0,831.31,6.35,0.27,44.46
2,Core-Router-02,Router,2024-02-27 12:00:00,77.8,92.09,92.8,799.63,4.44,0.21,42.84
3,Dist-Switch-01,Switch,2024-02-27 12:00:00,52.3,70.59,83.53,521.75,3.45,0.139,32.5
4,Dist-Switch-02,Switch,2024-02-27 12:00:00,48.62,73.1,87.85,557.27,0.89,0.096,33.15
5,Edge-Firewall-01,Firewall,2024-02-27 12:00:00,92.91,99.0,99.0,1290.19,6.56,0.439,52.1
6,App-Server-01,Server,2024-02-27 12:00:00,99.0,99.0,57.53,301.06,0.88,0.177,68.84
7,App-Server-02,Server,2024-02-27 12:00:00,98.89,99.5,57.06,312.97,3.61,0.123,67.6
8,DB-Server-01,Server,2024-02-27 12:00:00,98.9,99.0,62.77,344.34,2.33,0.181,69.06
9,WiFi-AP-01,Access Point,2024-02-27 12:00:00,39.84,65.85,86.09,266.87,10.07,0.429,23.0
10,WiFi-AP-02,Access Point,2024-02-27 12:00:00,41.59,63.43,72.96,221.2,10.72,0.431,23.63
1,Core-Router-01,Router,2024-02-27 14:00:00,69.88,95.9,99.0,801.58,4.49,0.19,41.41
2,Core-Router-02,Router,2024-02-27 14:00:00,73.94,93.31,97.62,798.82,5.77,0.214,42.16
3,Dist-Switch-01,Switch,2024-02-27 14:00:00,56.71,76.17,99.5,476.06,2.97,0.123,32.34
4,Dist-Switch-02,Switch,2024-02-27 14:00:00,44.95,76.13,86.28,492.39,0.9,0.074,33.31
5,Edge-Firewall-01,Firewall,2024-02-27 14:00:00,89.69,99.0,99.0,1355.83,7.58,0.436,52.78
6,App-Server-01,Server,2024-02-27 14:00:00,99.0,99.0,55.08,331.07,2.62,0.114,67.6
7,App-Server-02,Server,2024-02-27 14:00:00,99.0,99.0,88.69,283.68,2.47,0.143,65.57
8,DB-Server-01,Server,2024-02-27 14:00:00,99.0,99.0,64.31,330.71,3.1,0.151,68.49
9,WiFi-AP-01,Access Point,2024-02-27 14:00:00,63.58,73.57,93.05,222.72,11.17,0.522,22.21
10,WiFi-AP-02,Access Point,2024-02-27 14:00:00,47.16,65.05,77.9,262.73,9.37,0.534,24.81
1,Core-Router-01,Router,2024-02-27 16:00:00,66.61,87.0,98.83,747.82,5.03,0.249,43.52
2,Core-Router-02,Router,2024-02-27 16:00:00,71.04,85.28,86.42,773.5,5.52,0.173,44.04
3,Dist-Switch-01,Switch,2024-02-27 16:00:00,51.64,73.95,75.86,477.18,1.03,0.139,34.03
4,Dist-Switch-02,Switch,2024-02-27 16:00:00,42.38,66.81,79.07,465.87,1.82,0.186,31.86
5,Edge-Firewall-01,Firewall,2024-02-27 16:00:00,88.38,99.0,99.0,1241.03,7.78,0.382,51.42
6,App-Server-01,Server,2024-02-27 16:00:00,87.03,99.0,69.53,307.14,2.78,0.151,67.7
7,App-Server-02,Server,2024-02-27 16:00:00,97.36,99.0,59.95,310.65,3.4,0.173,67.73
8,DB-Server-01,Server,2024-02-27 16:00:00,97.17,99.0,62.48,305.78,2.39,0.252,66.31
9,WiFi-AP-01,Access Point,2024-02-27 16:00:00,33.49,63.57,71.71,244.17,9.13,0.452,22.56
10,WiFi-AP-02,Access Point,2024-02-27 16:00:00,42.9,59.78,71.45,225.4,8.48,0.493,23.76
1,Core-Router-01,Router,2024-02-27 18:00:00,54.14,72.85,75.22,601.02,5.48,0.194,42.47
2,Core-Router-02,Router,2024-02-27 18:00:00,61.08,65.25,73.16,606.7,3.81,0.185,41.99
3,Dist-Switch-01,Switch,2024-02-27 18:00:00,36.61,58.47,59.08,347.66,2.64,0.106,34.68
4,Dist-Switch-02,Switch,2024-02-27 18:00:00,36.07,56.15,51.32,353.79,0.5,0.083,32.77
5,Edge-Firewall-01,Firewall,2024-02-27 18:00:00,71.64,84.11,92.78,1000.9,8.09,0.372,52.06
6,App-Server-01,Server,2024-02-27 18:00:00,71.65,99.5,41.24,261.35,3.34,0.142,67.18
7,App-Server-02,Server,2024-02-27 18:00:00,73.98,88.62,52.03,250.73,3.19,0.12,68.46
8,DB-Server-01,Server,2024-02-27 18:00:00,81.54,91.1,50.36,264.16,3.42,0.099,66.98
9,WiFi-AP-01,Access Point,2024-02-27 18:00:00,32.07,44.07,86.55,195.52,9.84,0.417,23.5
10,WiFi-AP-02,Access Point,2024-02-27 18:00:00,38.77,51.4,66.06,204.2,9.19,0.441,23.24
1,Core-Router-01,Router,2024-02-27 20:00:00,53.33,67.9,73.27,630.38,4.72,0.167,43.28
2,Core-Router-02,Router,2024-02-27 20:00:00,61.62,70.77,71.9,670.6,4.3,0.181,43.45
3,Dist-Switch-01,Switch,2024-02-27 20:00:00,49.28,57.76,59.63,344.24,0.5,0.075,33.39
4,Dist-Switch-02,Switch,2024-02-27 20:00:00,32.02,57.22,56.27,358.54,2.63,0.103,34.16
5,Edge-Firewall-01,Firewall,2024-02-27 20:00:00,66.78,85.02,99.0,990.49,10.47,0.334,52.22
6,App-Server-01,Server,2024-02-27 20:00:00,74.22,86.76,57.28,277.71,4.31,0.152,68.04
7,App-Server-02,Server,2024-02-27 20:00:00,69.21,91.01,47.85,261.41,2.5,0.172,68.74
8,DB-Server-01,Server,2024-02-27 20:00:00,79.25,88.39,39.71,266.36,2.26,0.115,67.36
9,WiFi-AP-01,Access Point,2024-02-27 20:00:00,29.87,51.76,52.45,185.18,10.51,0.498,22.78
10,WiFi-AP-02,Access Point,2024-02-27 20:00:00,34.78,46.75,65.03,172.35,9.87,0.43,22.07
1,Core-Router-01,Router,2024-02-27 22:00:00,45.45,48.28,58.99,478.35,5.58,0.181,45.38
2,Core-Router-02,Router,2024-02-27 22:00:00,42.8,50.6,56.52,482.43,7.33,0.151,41.94
3,Dist-Switch-01,Switch,2024-02-27 22:00:00,32.07,37.04,46.99,280.29,1.89,0.068,31.2
4,Dist-Switch-02,Switch,2024-02-27 22:00:00,23.95,43.94,35.49,272.48,1.69,0.162,34.54
5,Edge-Firewall-01,Firewall,2024-02-27 22:00:00,46.15,61.06,61.64,714.3,7.76,0.31,52.66
6,App-Server-01,Server,2024-02-27 22:00:00,51.69,60.94,41.58,182.94,2.94,0.12,69.42
7,App-Server-02,Server,2024-02-27 22:00:00,54.49,58.29,63.03,167.52,3.91,0.129,68.77
8,DB-Server-01,Server,2024-02-27 22:00:00,52.99,63.64,37.8,200.65,1.96,0.081,69.72
9,WiFi-AP-01,Access Point,2024-02-27 22:00:00,20.71,36.48,54.2,132.28,8.46,0.365,24.52
10,WiFi-AP-02,Access Point,2024-02-27 22:00:00,27.08,33.62,43.21,133.58,10.81,0.412,23.34
1,Core-Router-01,Router,2024-02-28 00:00:00,38.56,29.95,44.18,369.88,3.44,0.175,42.51
2,Core-Router-02,Router,2024-02-28 00:00:00,27.99,35.37,39.35,360.53,6.49,0.193,43.89
3,Dist-Switch-01,Switch,2024-02-28 00:00:00,55.42,37.01,35.18,234.72,2.42,0.075,32.85
4,Dist-Switch-02,Switch,2024-02-28 00:00:00,24.66,35.31,37.25,198.18,1.51,0.155,33.26
5,Edge-Firewall-01,Firewall,2024-02-28 00:00:00,38.96,41.52,50.46,558.73,6.52,0.294,54.31
6,App-Server-01,Server,2024-02-28 00:00:00,38.69,48.14,28.28,136.87,3.69,0.116,69.16
7,App-Server-02,Server,2024-02-28 00:00:00,39.97,49.66,31.68,135.03,2.28,0.077,67.29
8,DB-Server-01,Server,2024-02-28 00:00:00,38.4,48.75,47.51,140.91,1.45,0.078,65.64
9,WiFi-AP-01,Access Point,2024-02-28 00:00:00,12.99,27.21,64.02,113.79,10.09,0.358,22.65
10,WiFi-AP-02,Access Point,2024-02-28 00:00:00,45.78,24.16,27.29,124.39,9.66,0.464,23.59
1,Core-Router-01,Router,2024-02-28 02:00:00,35.53,32.91,46.52,326.51,5.72,0.154,43.12
2,Core-Router-02,Router,2024-02-28 02:00:00,26.49,32.62,41.97,337.62,4.11,0.211,40.22
3,Dist-Switch-01,Switch,2024-02-28 02:00:00,22.7,30.15,31.33,210.36,3.01,0.075,32.46
4,Dist-Switch-02,Switch,2024-02-28 02:00:00,29.14,29.01,27.3,208.1,1.74,0.112,32.37
5,Edge-Firewall-01,Firewall,2024-02-28 02:00:00,37.12,42.06,52.13,552.47,7.72,0.282,52.88
6,App-Server-01,Server,2024-02-28 02:00:00,35.47,51.58,33.0,138.21,2.93,0.118,69.63
7,App-Server-02,Server,2024-02-28 02:00:00,47.16,49.27,31.58,162.01,4.03,0.116,67.59
8,DB-Server-01,Server,2024-02-28 02:00:00,43.09,48.7,31.25,150.27,3.25,0.202,69.07
9,WiFi-AP-01,Access Point,2024-02-28 02:00:00,20.53,33.69,28.53,66.19,9.82,0.384,22.46
10,WiFi-AP-02,Access Point,2024-02-28 02:00:00,22.66,25.5,30.41,98.13,12.77,0.413,23.48
1,Core-Router-01,Router,2024-02-28 04:00:00,26.11,38.81,36.45,365.5,5.91,0.14,41.51
2,Core-Router-02,Router,2024-02-28 04:00:00,30.7,36.87,45.37,325.45,6.16,0.179,41.53
3,Dist-Switch-01,Switch,2024-02-28 04:00:00,19.73,30.76,39.38,192.36,2.21,0.115,33.15
4,Dist-Switch-02,Switch,2024-02-28 04:00:00,13.18,29.43,38.87,221.69,0.5,0.067,33.85
5,Edge-Firewall-01,Firewall,2024-02-28 04:00:00,39.94,46.62,58.4,548.73,8.3,0.327,52.27
6,App-Server-01,Server,2024-02-28 04:00:00,39.89,50.64,23.74,162.09,1.91,0.102,68.45
7,App-Server-02,Server,2024-02-28 04:00:00,42.25,51.04,23.77,128.08,2.04,0.072,67.78
8,DB-Server-01,Server,2024-02-28 04:00:00,44.65,49.25,30.93,133.46,3.41,0.163,66.55
9,WiFi-AP-01,Access Point,2024-02-28 04:00:00,9.82,29.39,26.67,75.42,10.53,0.38,24.44
10,WiFi-AP-02,Access Point,2024-02-28 04:00:00,17.8,26.87,26.81,107.35,8.41,0.477,21.35
1,Core-Router-01,Router,2024-02-28 06:00:00,45.77,47.61,47.79,456.22,7.22,0.2,42.1
2,Core-Router-02,Router,2024-02-28 06:00:00,37.95,47.99,50.41,468.88,4.66,0.194,41.56
3,Dist-Switch-01,Switch,2024-02-28 06:00:00,36.68,43.44,41.52,299.05,0.85,0.075,32.65
4,Dist-Switch-02,Switch,2024-02-28 06:00:00,28.21,38.39,46.44,239.83,1.62,0.131,33.93
5,Edge-Firewall-01,Firewall,2024-02-28 06:00:00,47.6,54.96,53.2,745.15,8.28,0.314,54.59
6,App-Server-01,Server,2024-02-28 06:00:00,55.57,64.8,29.65,215.68,2.84,0.119,68.11
7,App-Server-02,Server,2024-02-28 06:00:00,62.96,70.53,31.79,206.71,3.34,0.131,68.18
8,DB-Server-01,Server,2024-02-28 06:00:00,57.42,68.08,27.89,190.41,1.83,0.102,67.9
9,WiFi-AP-01,Access Point,2024-02-28 06:00:00,18.87,34.9,34.22,125.53,10.51,0.4,22.13
10,WiFi-AP-02,Access Point,2024-02-28 06:00:00,53.71,38.37,48.39,101.98,10.31,0.415,21.18
1,Core-Router-01,Router,2024-02-28 08:00:00,66.33,67.36,78.29,648.28,5.1,0.236,44.9
2,Core-Router-02,Router,2024-02-28 08:00:00,52.24,69.62,80.15,597.09,6.06,0.238,44.18
3,Dist-Switch-01,Switch,2024-02-28 08:00:00,39.54,61.3,64.76,351.46,1.48,0.083,32.84
4,Dist-Switch-02,Switch,2024-02-28 08:00:00,37.41,55.66,64.07,407.93,2.21,0.1,30.71
5,Edge-Firewall-01,Firewall,2024-02-28 08:00:00,69.78,85.13,94.4,1030.5,8.3,0.36,52.23
6,App-Server-01,Server,2024-02-28 08:00:00,78.95,86.16,53.78,252.73,3.01,0.14,68.46
7,App-Server-02,Server,2024-02-28 08:00:00,76.7,86.67,58.39,258.56,3.75,0.092,67.21
8,DB-Server-01,Server,2024-02-28 08:00:00,76.99,86.38,52.57,186.59,2.6,0.089,66.95
9,WiFi-AP-01,Access Point,2024-02-28 08:00:00,32.94,49.11,56.65,177.89,10.97,0.426,23.2
10,WiFi-AP-02,Access Point,2024-02-28 08:00:00,31.74,57.97,55.89,174.99,8.83,0.44,24.53
1,Core-Router-01,Router,2024-02-28 10:00:00,67.45,85.74,92.67,784.71,3.23,0.208,44.09
2,Core-Router-02,Router,2024-02-28 10:00:00,63.23,91.86,99.0,725.79,2.83,0.17,44.22
3,Dist-Switch-01,Switch,2024-02-28 10:00:00,48.39,70.91,81.59,456.15,3.28,0.079,31.27
4,Dist-Switch-02,Switch,2024-02-28 10:00:00,44.05,71.95,77.27,464.45,2.2,0.09,31.67
5,Edge-Firewall-01,Firewall,2024-02-28 10:00:00,91.48,99.0,99.0,1261.45,7.59,0.429,52.98
6,App-Server-01,Server,2024-02-28 10:00:00,94.76,99.0,67.07,311.46,3.75,0.18,68.72
7,App-Server-02,Server,2024-02-28 10:00:00,94.68,99.0,75.6,324.54,3.21,0.106,67.0
8,DB-Server-01,Server,2024-02-28 10:00:00,86.66,99.0,83.39,311.07,2.89,0.165,67.13
9,WiFi-AP-01,Access Point,2024-02-28 10:00:00,40.39,64.51,63.92,206.59,9.28,0.433,23.02
10,WiFi-AP-02,Access Point,2024-02-28 10:00:00,38.88,64.93,66.56,232.75,9.89,0.458,25.2
1,Core-Router-01,Router,2024-02-28 12:00:00,66.5,95.56,99.0,851.06,5.1,0.233,42.45
2,Core-Router-02,Router,2024-02-28 12:00:00,76.71,92.06,99.0,837.33,4.05,0.21,44.48
3,Dist-Switch-01,Switch,2024-02-28 12:00:00,61.62,76.7,87.66,505.98,2.46,0.108,33.94
4,Dist-Switch-02,Switch,2024-02-28 12:00:00,56.24,72.49,97.63,503.7,2.14,0.099,32.49
5,Edge-Firewall-01,Firewall,2024-02-28 12:00:00,94.3,99.0,99.0,1326.74,5.3,0.478,52.91
6,App-Server-01,Server,2024-02-28 12:00:00,99.0,99.0,63.33,339.89,2.89,0.125,66.28
7,App-Server-02,Server,2024-02-28 12:00:00,96.81,99.0,61.98,347.23,4.39,0.138,67.46
8,DB-Server-01,Server,2024-02-28 12:00:00,99.0,99.5,63.57,301.53,4.25,0.131,68.3
9,WiFi-AP-01,Access Point,2024-02-28 12:00:00,45.41,63.24,77.1,244.76,10.6,0.476,23.88
10,WiFi-AP-02,Access Point,2024-02-28 12:00:00,44.14,67.54,76.56,257.8,9.38,0.451,23.3
1,Core-Router-01,Router,2024-02-28 14:00:00,77.74,89.89,94.8,801.39,3.74,0.205,42.45
2,Core-Router-02,Router,2024-02-28 14:00:00,74.01,88.22,91.12,837.43,5.13,0.205,43.72
3,Dist-Switch-01,Switch,2024-02-28 14:00:00,51.66,75.48,87.87,529.42,1.32,0.114,32.28
4,Dist-Switch-02,Switch,2024-02-28 14:00:00,50.97,78.35,82.12,481.9,1.54,0.123,31.83
5,Edge-Firewall-01,Firewall,2024-02-28 14:00:00,96.66,99.0,99.0,1316.15,7.08,0.429,54.05
6,App-Server-01,Server,2024-02-28 14:00:00,99.0,99.0,66.59,322.45,3.93,0.183,68.09
7,App-Server-02,Server,2024-02-28 14:00:00,99.5,99.0,66.2,350.65,3.21,0.102,65.3
8,DB-Server-01,Server,2024-02-28 14:00:00,99.0,99.0,69.9,312.8,3.83,0.125,67.6
9,WiFi-AP-01,Access Point,2024-02-28 14:00:00,43.86,63.22,79.26,223.38,10.66,0.443,22.75
10,WiFi-AP-02,Access Point,2024-02-28 14:00:00,29.48,65.02,74.09,281.44,9.96,0.421,23.73
1,Core-Router-01,Router,2024-02-28 16:00:00,68.83,89.69,95.77,769.2,5.94,0.199,43.8
2,Core-Router-02,Router,2024-02-28 16:00:00,70.12,88.39,99.0,790.62,4.6,0.247,43.57
3,Dist-Switch-01,Switch,2024-02-28 16:00:00,45.43,76.05,72.7,482.9,3.15,0.126,32.0
4,Dist-Switch-02,Switch,2024-02-28 16:00:00,42.27,71.54,82.24,450.75,2.3,0.144,33.96
5,Edge-Firewall-01,Firewall,2024-02-28 16:00:00,84.31,99.0,99.0,1274.92,8.47,0.42,53.31
6,App-Server-01,Server,2024-02-28 16:00:00,99.5,99.0,62.68,312.83,2.78,0.125,68.11
7,App-Server-02,Server,2024-02-28 16:00:00,97.76,99.0,74.44,307.06,3.29,0.109,67.98
8,DB-Server-01,Server,2024-02-28 16:00:00,92.32,99.0,65.88,266.84,2.67,0.114,70.22
9,WiFi-AP-01,Access Point,2024-02-28 16:00:00,42.8,67.48,73.64,237.8,10.36,0.485,24.65
10,WiFi-AP-02,Access Point,2024-02-28 16:00:00,40.57,61.11,75.47,219.09,10.39,0.456,22.79
1,Core-Router-01,Router,2024-02-28 18:00:00,53.06,87.68,73.99,608.68,4.61,0.226,43.49
2,Core-Router-02,Router,2024-02-28 18:00:00,58.01,70.07,73.64,624.71,4.17,0.183,41.54
3,Dist-Switch-01,Switch,2024-02-28 18:00:00,38.12,54.78,71.76,388.39,2.0,0.124,31.54
4,Dist-Switch-02,Switch,2024-02-28 18:00:00,39.77,62.07,65.02,381.36,2.19,0.075,33.1
5,Edge-Firewall-01,Firewall,2024-02-28 18:00:00,66.53,78.95,88.71,1037.47,8.78,0.395,52.64
6,App-Server-01,Server,2024-02-28 18:00:00,98.54,92.72,59.34,247.69,3.82,0.102,67.78
7,App-Server-02,Server,2024-02-28 18:00:00,75.82,88.39,56.26,223.81,3.47,0.165,69.33
8,DB-Server-01,Server,2024-02-28 18:00:00,77.85,85.89,54.26,278.4,2.48,0.107,67.69
9,WiFi-AP-01,Access Point,2024-02-28 18:00:00,29.03,49.43,57.32,170.56,8.92,0.432,23.23
10,WiFi-AP-02,Access Point,2024-02-28 18:00:00,25.62,43.73,63.54,168.66,9.81,0.423,21.46
1,Core-Router-01,Router,2024-02-28 20:00:00,50.92,67.37,80.38,629.32,4.99,0.166,43.46
2,Core-Router-02,Router,2024-02-28 20:00:00,62.4,78.22,92.7,660.27,6.0,0.176,40.69
3,Dist-Switch-01,Switch,2024-02-28 20:00:00,36.27,55.66,64.77,373.9,1.44,0.17,34.21
4,Dist-Switch-02,Switch,2024-02-28 20:00:00,29.69,55.83,66.13,404.47,1.58,0.076,32.99
5,Edge-Firewall-01,Firewall,2024-02-28 20:00:00,71.92,77.26,78.09,1032.69,7.01,0.45,52.04
6,App-Server-01,Server,2024-02-28 20:00:00,74.83,89.27,39.72,309.19,2.61,0.129,66.73
7,App-Server-02,Server,2024-02-28 20:00:00,77.02,89.04,44.72,224.46,4.06,0.121,66.18
8,DB-Server-01,Server,2024-02-28 20:00:00,74.98,86.96,60.13,241.46,2.69,0.098,67.33
9,WiFi-AP-01,Access Point,2024-02-28 20:00:00,56.08,47.33,55.48,197.06,11.14,0.429,22.3
10,WiFi-AP-02,Access Point,2024-02-28 20:00:00,37.65,48.72,56.39,223.18,10.07,0.425,22.73
1,Core-Router-01,Router,2024-02-28 22:00:00,38.26,51.73,50.34,473.57,5.02,0.15,44.63
2,Core-Router-02,Router,2024-02-28 22:00:00,35.42,50.45,58.15,445.68,5.95,0.163,43.19
3,Dist-Switch-01,Switch,2024-02-28 22:00:00,26.99,41.71,46.17,274.16,1.53,0.097,33.22
4,Dist-Switch-02,Switch,2024-02-28 22:00:00,27.69,39.14,47.52,265.55,3.56,0.188,34.29
5,Edge-Firewall-01,Firewall,2024-02-28 22:00:00,55.71,61.98,63.07,694.82,6.97,0.345,54.11
6,App-Server-01,Server,2024-02-28 22:00:00,55.98,62.14,27.41,229.56,3.53,0.123,67.36
7,App-Server-02,Server,2024-02-28 22:00:00,54.41,63.09,36.96,220.12,1.8,0.079,68.26
8,DB-Server-01,Server,2024-02-28 22:00:00,54.49,67.11,27.96,220.88,1.63,0.134,67.45
9,WiFi-AP-01,Access Point,2024-02-28 22:00:00,20.31,37.91,42.76,139.67,8.58,0.368,22.92
10,WiFi-AP-02,Access Point,2024-02-28 22:00:00,27.83,37.24,43.13,176.65,8.84,0.403,21.76
1,Core-Router-01,Router,2024-02-29 00:00:00,37.41,42.89,48.95,355.2,5.38,0.16,43.72
2,Core-Router-02,Router,2024-02-29 00:00:00,25.86,34.01,39.21,381.99,4.49,0.145,43.24
3,Dist-Switch-01,Switch,2024-02-29 00:00:00,24.25,34.74,28.82,204.62,2.22,0.078,33.82
4,Dist-Switch-02,Switch,2024-02-29 00:00:00,23.94,31.06,40.19,225.93,2.89,0.088,33.66
5,Edge-Firewall-01,Firewall,2024-02-29 00:00:00,42.68,43.21,48.85,582.09,8.4,0.29,54.41
6,App-Server-01,Server,2024-02-29 00:00:00,39.43,43.11,23.64,160.42,3.52,0.073,69.01
7,App-Server-02,Server,2024-02-29 00:00:00,41.98,47.53,31.72,130.06,3.49,0.111,66.9
8,DB-Server-01,Server,2024-02-29 00:00:00,37.85,48.12,24.3,125.3,2.85,0.073,66.4
9,WiFi-AP-01,Access Point,2024-02-29 00:00:00,7.12,28.74,31.68,75.87,10.44,0.343,22.65
10,WiFi-AP-02,Access Point,2024-02-29 00:00:00,25.05,31.35,28.99,95.67,8.54,0.436,23.2
1,Core-Router-01,Router,2024-02-29 02:00:00,34.27,31.47,45.2,334.06,5.58,0.16,42.93
2,Core-Router-02,Router,2024-02-29 02:00:00,28.19,39.06,37.13,365.26,4.28,0.129,42.2
3,Dist-Switch-01,Switch,2024-02-29 02:00:00,21.29,27.89,30.38,252.44,2.84,0.079,33.46
4,Dist-Switch-02,Switch,2024-02-29 02:00:00,21.88,30.72,38.21,190.01,3.6,0.067,33.75
5,Edge-Firewall-01,Firewall,2024-02-29 02:00:00,44.16,46.23,44.14,575.19,9.7,0.386,52.85
6,App-Server-01,Server,2024-02-29 02:00:00,42.48,47.4,21.31,120.04,1.15,0.119,69.32
7,App-Server-02,Server,2024-02-29 02:00:00,46.75,48.11,28.9,159.1,2.77,0.121,67.38
8,DB-Server-01,Server,2024-02-29 02:00:00,42.01,46.05,51.69,110.6,2.76,0.091,68.08
9,WiFi-AP-01,Access Point,2024-02-29 02:00:00,14.27,29.75,32.29,61.5,10.46,0.364,22.43
10,WiFi-AP-02,Access Point,2024-02-29 02:00:00,13.89,24.53,32.02,114.2,10.15,0.389,23.53
1,Core-Router-01,Router,2024-02-29 04:00:00,22.95,35.12,47.25,318.86,2.26,0.215,43.25
2,Core-Router-02,Router,2024-02-29 04:00:00,28.25,35.32,44.46,353.81,5.33,0.138,41.67
3,Dist-Switch-01,Switch,2024-02-29 04:00:00,20.51,34.18,31.72,218.57,1.6,0.1,31.97
4,Dist-Switch-02,Switch,2024-02-29 04:00:00,20.71,32.35,31.05,213.8,1.97,0.063,32.27
5,Edge-Firewall-01,Firewall,2024-02-29 04:00:00,41.86,41.92,49.59,533.82,7.93,0.316,52.66
6,App-Server-01,Server,2024-02-29 04:00:00,29.01,44.16,16.75,139.06,2.99,0.082,67.32
7,App-Server-02,Server,2024-02-29 04:00:00,42.19,43.85,32.32,139.2,2.06,0.092,67.82
8,DB-Server-01,Server,2024-02-29 04:00:00,35.79,50.21,32.37,140.05,3.94,0.2,66.07
9,WiFi-AP-01,Access Point,2024-02-29 04:00:00,17.42,23.51,38.79,108.2,9.3,0.365,24.29
10,WiFi-AP-02,Access Point,2024-02-29 04:00:00,19.02,29.28,38.42,122.36,11.12,0.363,20.7
1,Core-Router-01,Router,2024-02-29 06:00:00,41.72,48.5,59.02,423.59,5.83,0.151,43.3
2,Core-Router-02,Router,2024-02-29 06:00:00,43.79,50.4,53.42,481.7,5.59,0.178,42.87
3,Dist-Switch-01,Switch,2024-02-29 06:00:00,27.98,41.27,37.18,247.78,1.88,0.158,32.84
4,Dist-Switch-02,Switch,2024-02-29 06:00:00,23.96,41.08,46.75,238.24,2.33,0.084,30.63
5,Edge-Firewall-01,Firewall,2024-02-29 06:00:00,48.65,60.81,79.01,725.07,8.15,0.321,52.68
6,App-Server-01,Server,2024-02-29 06:00:00,49.77,62.71,46.14,187.17,3.27,0.107,67.56
7,App-Server-02,Server,2024-02-29 06:00:00,54.17,66.88,42.71,174.51,2.98,0.089,68.71
8,DB-Server-01,Server,2024-02-29 06:00:00,56.95,63.99,41.77,193.96,2.23,0.079,67.77
9,WiFi-AP-01,Access Point,2024-02-29 06:00:00,19.0,36.04,47.01,159.6,10.91,0.396,23.16
10,WiFi-AP-02,Access Point,2024-02-29 06:00:00,20.54,38.41,33.08,124.26,11.1,0.386,23.59
1,Core-Router-01,Router,2024-02-29 08:00:00,55.35,71.07,68.03,656.56,3.88,0.223,44.17
2,Core-Router-02,Router,2024-02-29 08:00:00,56.79,68.51,83.57,645.75,4.55,0.164,44.02
3,Dist-Switch-01,Switch,2024-02-29 08:00:00,34.01,61.13,60.9,361.25,3.09,0.104,31.17
4,Dist-Switch-02,Switch,2024-02-29 08:00:00,37.44,53.49,67.1,413.07,2.54,0.107,33.84
5,Edge-Firewall-01,Firewall,2024-02-29 08:00:00,69.22,81.82,85.93,1011.89,7.93,0.459,52.98
6,App-Server-01,Server,2024-02-29 08:00:00,75.18,89.4,40.46,262.69,3.03,0.112,66.32
7,App-Server-02,Server,2024-02-29 08:00:00,70.8,82.73,51.22,245.55,2.86,0.155,66.74
8,DB-Server-01,Server,2024-02-29 08:00:00,65.75,84.32,47.24,240.48,2.93,0.121,67.26
9,WiFi-AP-01,Access Point,2024-02-29 08:00:00,33.51,52.82,62.55,199.13,10.07,0.455,23.22
10,WiFi-AP-02,Access Point,2024-02-29 08:00:00,30.05,54.62,57.26,186.14,11.42,0.414,22.95
1,Core-Router-01,Router,2024-02-29 10:00:00,79.04,87.58,99.0,818.98,4.45,0.224,42.62
2,Core-Router-02,Router,2024-02-29 10:00:00,79.16,91.11,98.39,809.8,4.3,0.265,42.05
3,Dist-Switch-01,Switch,2024-02-29 10:00:00,48.96,68.86,83.19,508.25,2.45,0.09,32.84
4,Dist-Switch-02,Switch,2024-02-29 10:00:00,47.74,69.99,87.06,489.22,1.65,0.077,35.87
5,Edge-Firewall-01,Firewall,2024-02-29 10:00:00,87.87,99.0,99.0,1271.72,7.38,0.403,53.74
6,App-Server-01,Server,2024-02-29 10:00:00,91.09,99.0,66.54,305.8,2.72,0.186,66.68
7,App-Server-02,Server,2024-02-29 10:00:00,95.55,99.0,67.66,297.57,2.83,0.1,67.75
8,DB-Server-01,Server,2024-02-29 10:00:00,97.06,99.0,65.67,338.34,2.18,0.119,68.31
9,WiFi-AP-01,Access Point,2024-02-29 10:00:00,41.8,63.12,78.09,278.88,10.63,0.441,22.96
10,WiFi-AP-02,Access Point,2024-02-29 10:00:00,34.19,58.83,65.23,241.99,9.81,0.479,20.44
1,Core-Router-01,Router,2024-02-29 12:00:00,75.47,93.34,99.0,839.59,5.36,0.184,43.39
2,Core-Router-02,Router,2024-02-29 12:00:00,75.23,98.39,99.0,840.67,4.26,0.192,44.46
3,Dist-Switch-01,Switch,2024-02-29 12:00:00,40.26,75.48,83.55,512.03,2.27,0.146,33.05
4,Dist-Switch-02,Switch,2024-02-29 12:00:00,49.95,78.16,91.34,515.77,3.01,0.086,33.08
5,Edge-Firewall-01,Firewall,2024-02-29 12:00:00,97.98,99.0,99.0,1339.4,9.04,0.452,52.11
6,App-Server-01,Server,2024-02-29 12:00:00,99.0,99.0,66.61,361.29,2.76,0.13,67.14
7,App-Server-02,Server,2024-02-29 12:00:00,99.0,99.0,62.61,316.89,2.17,0.138,68.35
8,DB-Server-01,Server,2024-02-29 12:00:00,92.57,99.0,66.44,357.66,2.75,0.104,67.86
9,WiFi-AP-01,Access Point,2024-02-29 12:00:00,34.54,68.91,78.39,267.31,12.51,0.469,21.46
10,WiFi-AP-02,Access Point,2024-02-29 12:00:00,44.66,65.93,70.38,245.36,9.38,0.52,25.21
1,Core-Router-01,Router,2024-02-29 14:00:00,68.76,87.61,96.61,822.93,4.22,0.178,42.5
2,Core-Router-02,Router,2024-02-29 14:00:00,69.89,88.96,99.0,829.57,4.59,0.246,42.49
3,Dist-Switch-01,Switch,2024-02-29 14:00:00,54.05,77.09,87.73,477.96,0.78,0.134,33.78
4,Dist-Switch-02,Switch,2024-02-29 14:00:00,49.17,77.86,77.66,477.14,0.5,0.093,33.17
5,Edge-Firewall-01,Firewall,2024-02-29 14:00:00,89.95,99.0,99.0,1333.57,9.39,0.387,52.45
6,App-Server-01,Server,2024-02-29 14:00:00,99.0,99.0,66.82,357.36,5.52,0.14,68.42
7,App-Server-02,Server,2024-02-29 14:00:00,98.77,99.0,62.13,366.53,1.18,0.125,67.12
8,DB-Server-01,Server,2024-02-29 14:00:00,99.0,99.0,65.12,366.08,3.88,0.131,68.76
9,WiFi-AP-01,Access Point,2024-02-29 14:00:00,37.5,69.16,74.31,258.23,10.48,0.468,23.54
10,WiFi-AP-02,Access Point,2024-02-29 14:00:00,41.09,63.22,74.57,251.42,10.59,0.543,23.34
1,Core-Router-01,Router,2024-02-29 16:00:00,68.95,89.21,94.66,782.24,4.82,0.186,43.86
2,Core-Router-02,Router,2024-02-29 16:00:00,67.44,85.75,99.0,781.68,5.37,0.229,41.24
3,Dist-Switch-01,Switch,2024-02-29 16:00:00,43.17,68.93,84.09,496.33,0.5,0.099,33.65
4,Dist-Switch-02,Switch,2024-02-29 16:00:00,46.91,75.52,82.26,467.99,1.82,0.076,32.1
5,Edge-Firewall-01,Firewall,2024-02-29 16:00:00,90.54,99.0,99.0,1267.1,6.98,0.406,53.08
6,App-Server-01,Server,2024-02-29 16:00:00,99.0,99.0,59.5,283.83,2.78,0.188,69.14
7,App-Server-02,Server,2024-02-29 16:00:00,99.0,99.0,58.04,285.08,2.3,0.131,67.16
8,DB-Server-01,Server,2024-02-29 16:00:00,99.0,99.0,63.12,306.33,2.43,0.181,67.29
9,WiFi-AP-01,Access Point,2024-02-29 16:00:00,43.18,63.18,74.57,220.26,9.67,0.431,22.32
10,WiFi-AP-02,Access Point,2024-02-29 16:00:00,44.44,60.82,68.12,263.85,11.16,0.513,21.04
1,Core-Router-01,Router,2024-02-29 18:00:00,57.6,69.69,72.93,637.61,4.68,0.166,46.35
2,Core-Router-02,Router,2024-02-29 18:00:00,58.07,70.5,79.84,634.74,3.9,0.24,42.92
3,Dist-Switch-01,Switch,2024-02-29 18:00:00,36.79,50.91,71.26,380.82,3.44,0.18,34.41
4,Dist-Switch-02,Switch,2024-02-29 18:00:00,35.93,60.58,64.19,387.74,2.45,0.089,32.3
5,Edge-Firewall-01,Firewall,2024-02-29 18:00:00,67.98,77.63,85.95,995.86,6.5,0.359,52.96
6,App-Server-01,Server,2024-02-29 18:00:00,76.72,90.45,49.3,233.68,3.3,0.234,67.84
7,App-Server-02,Server,2024-02-29 18:00:00,78.8,91.5,47.84,207.62,0.5,0.121,67.6
8,DB-Server-01,Server,2024-02-29 18:00:00,83.8,84.12,52.2,285.7,3.21,0.171,70.72
9,WiFi-AP-01,Access Point,2024-02-29 18:00:00,37.88,49.81,78.17,205.93,10.64,0.483,23.27
10,WiFi-AP-02,Access Point,2024-02-29 18:00:00,37.4,52.0,58.79,178.6,9.1,0.491,23.71
1,Core-Router-01,Router,2024-02-29 20:00:00,55.92,65.4,80.62,619.39,4.14,0.181,42.76
2,Core-Router-02,Router,2024-02-29 20:00:00,58.63,66.8,80.79,640.81,4.49,0.167,42.53
3,Dist-Switch-01,Switch,2024-02-29 20:00:00,38.13,61.36,60.95,382.46,1.3,0.096,33.23
4,Dist-Switch-02,Switch,2024-02-29 20:00:00,43.19,54.31,66.57,403.96,1.56,0.078,33.14
5,Edge-Firewall-01,Firewall,2024-02-29 20:00:00,68.48,82.58,99.5,1007.52,7.88,0.35,52.55
6,App-Server-01,Server,2024-02-29 20:00:00,74.34,85.66,50.28,261.4,2.73,0.126,67.85
7,App-Server-02,Server,2024-02-29 20:00:00,77.32,88.74,61.64,239.32,2.85,0.128,67.26
8,DB-Server-01,Server,2024-02-29 20:00:00,83.45,88.37,53.3,252.83,4.02,0.145,69.52
9,WiFi-AP-01,Access Point,2024-02-29 20:00:00,32.48,52.47,53.11,196.08,9.03,0.456,21.66
10,WiFi-AP-02,Access Point,2024-02-29 20:00:00,32.17,49.32,48.99,170.63,10.45,0.441,22.28
1,Core-Router-01,Router,2024-02-29 22:00:00,42.8,53.23,58.38,458.07,5.22,0.149,41.91
2,Core-Router-02,Router,2024-02-29 22:00:00,42.43,47.35,58.15,461.7,2.84,0.191,42.43
3,Dist-Switch-01,Switch,2024-02-29 22:00:00,25.12,44.18,45.08,287.35,1.35,0.103,33.15
4,Dist-Switch-02,Switch,2024-02-29 22:00:00,29.16,40.77,54.05,312.81,0.5,0.111,31.87
5,Edge-Firewall-01,Firewall,2024-02-29 22:00:00,52.53,54.34,83.74,717.68,7.54,0.327,52.22
6,App-Server-01,Server,2024-02-29 22:00:00,52.25,63.07,35.95,190.06,4.86,0.123,68.08
7,App-Server-02,Server,2024-02-29 22:00:00,58.17,62.13,25.43,145.41,0.78,0.156,68.56
8,DB-Server-01,Server,2024-02-29 22:00:00,58.1,67.2,33.84,229.66,3.34,0.083,69.06
9,WiFi-AP-01,Access Point,2024-02-29 22:00:00,25.62,40.73,48.28,130.64,10.19,0.422,21.32
10,WiFi-AP-02,Access Point,2024-02-29 22:00:00,26.3,39.59,31.4,123.36,10.06,0.386,25.0
